Original_Confidence,Mild_Confidence,Severe_Confidence,Original_to_Mild_Change,Original_to_Severe_Change,Original_Correct
0.7266570641355602,0.6805421476702576,0.7220565680239986,-0.046114916465302636,-0.004600496111561547,False
0.6859730185687292,0.5545613106580725,0.6859730185687292,-0.1314117079106567,0.0,False
0.6109278994536749,0.5483375640130556,0.5483375640130556,-0.06259033544061932,-0.06259033544061932,False
0.7623771268009427,0.5379000821284537,0.7411103132777325,-0.22447704467248897,-0.02126681352321025,False
0.5298403507533002,0.6531339031402379,0.6531339031402379,0.12329355238693773,0.12329355238693773,False
0.7142887831886261,0.7824332182802407,0.9196394332175131,0.06814443509161461,0.20535065002888697,False
0.7169151396727541,0.7704750711408115,0.6809284133283513,0.053559931468057376,-0.03598672634440281,False
0.7718914416156879,0.6927851304543241,0.7210583066646965,-0.0791063111613638,-0.0508331349509914,False
0.8727015631414747,0.8727015631414747,0.8618085539730562,0.0,-0.01089300916841851,False
0.7849298799778085,0.7798989198379213,0.7849298799778085,-0.005030960139887242,0.0,False
0.6953880102326574,0.6953880102326574,0.6325434117668735,0.0,-0.06284459846578394,False
0.8889887050606703,0.7817255971341384,0.7894750185171553,-0.10726310792653193,-0.099513686543515,False
0.6366602207600962,0.5467475713419296,0.6714296593078128,-0.08991264941816657,0.034769438547716636,False
0.6798884588562577,0.7425129832420173,0.6741440783865318,0.0626245243857596,-0.005744380469725918,False
0.5226218079728264,0.5226218079728264,0.6834400153422184,0.0,0.160818207369392,False
0.554320496412503,0.554320496412503,0.540962362642811,0.0,-0.013358133769692082,False
0.7540316295877183,0.7965249980536384,0.6631481932833061,0.04249336846592011,-0.0908834363044122,False
0.5934145204733632,0.5231424815894476,0.6520345694752542,-0.07027203888391553,0.058620049001890995,False
0.5999355293142089,0.5999355293142089,0.5999355293142089,0.0,0.0,False
0.7756075166582166,0.7063027367941774,0.697841796542823,-0.06930477986403916,-0.07776572011539362,False
0.5629198576104097,0.5629198576104097,0.5629198576104097,0.0,0.0,False
0.5142299934821642,0.5034096234419243,0.5089088831383638,-0.010820370040239946,-0.00532111034380045,False
0.573200173619792,0.6876629255193736,0.5197954356612297,0.11446275189958155,-0.053404737958562376,False
0.6087216585156312,0.5967411984665034,0.6322542805784688,-0.011980460049127784,0.02353262206283757,False
0.6700335747626563,0.5846275088208219,0.5154974255356848,-0.08540606594183442,-0.15453614922697156,False
0.6573927054663316,0.6573927054663316,0.6573927054663316,0.0,0.0,False
0.5602886130703524,0.538572852451139,0.5462052779482097,-0.02171576061921343,-0.01408333512214266,False
0.5365254326214458,0.5365254326214458,0.5754768525070239,0.0,0.03895141988557804,False
0.6437742937950548,0.6878566055335722,0.7405207452242687,0.0440823117385174,0.0967464514292139,False
0.7604387274079003,0.7408434149093869,0.7358033047597655,-0.01959531249851343,-0.024635422648134786,False
0.6936799567850509,0.6723297131138268,0.7291659631705727,-0.021350243671224067,0.035486006385521796,False
0.58241793590755,0.5545613106580725,0.58241793590755,-0.027856625249477518,0.0,False
0.8111038508427696,0.8111038508427696,0.7951784321866371,0.0,-0.015925418656132506,False
0.8731523445126879,0.8587313971775277,0.8450382756185622,-0.014420947335160195,-0.02811406889412571,False
0.7636729051177293,0.7563955633428093,0.6003544506500738,-0.00727734177492001,-0.16331845446765558,False
0.905128328778128,0.905128328778128,0.7213257010587699,0.0,-0.18380262771935807,False
0.5743619553868442,0.5743619553868442,0.5542843388005709,0.0,-0.020077616586273273,False
0.574399859276617,0.5356653451761841,0.6599461557470166,-0.038734514100432826,0.08554629647039969,False
0.673033423359993,0.5661205852444754,0.521236971457369,-0.10691283811551766,-0.15179645190262403,False
0.6986503631036289,0.6892164871572866,0.7253290662719563,-0.009433875946342374,0.026678703168327322,False
0.7083521433415033,0.7854994254884862,0.6271995808795392,0.07714728214698285,-0.08115256246196412,False
0.6704870286493623,0.6704870286493623,0.6289204467182987,0.0,-0.04156658193106355,False
0.53064362651933,0.53064362651933,0.53064362651933,0.0,0.0,False
0.6530693158726609,0.6530693158726609,0.6530693158726609,0.0,0.0,False
0.9014943494062643,0.8511262120135988,0.8382237887079115,-0.050368137392665435,-0.0632705606983528,False
0.7241364056845181,0.7241364056845181,0.6967966321063535,0.0,-0.02733977357816464,False
0.5645284741021668,0.5645284741021668,0.6220417428366549,0.0,0.05751326873448814,False
0.5721654237968294,0.5721654237968294,0.6184513485025345,0.0,0.04628592470570503,False
0.6572962440558281,0.7826921229196786,0.5825981686388393,0.1253958788638505,-0.07469807541698881,False
0.5091574973933124,0.5091574973933124,0.5091574973933124,0.0,0.0,False
0.7279974972031129,0.7279974972031129,0.5545613106580725,0.0,-0.17343618654504045,False
0.7072246837273982,0.6351816142588496,0.6351816142588496,-0.07204306946854866,-0.07204306946854866,False
0.7310897992697842,0.7310897992697842,0.783377092550098,0.0,0.052287293280313785,False
0.7709270425926482,0.7695349693573926,0.7681334572657158,-0.0013920732352555865,-0.002793585326932413,False
0.646854874073187,0.5545613106580725,0.5545613106580725,-0.09229356341511452,-0.09229356341511452,False
0.6930163852538299,0.6774773504713766,0.6242067811931249,-0.015539034782453331,-0.06880960406070502,False
0.6882126834025395,0.6397229299575284,0.6397229299575284,-0.04848975344501105,-0.04848975344501105,False
0.6170308341405973,0.5957803838142939,0.6650169520326961,-0.02125045032630346,0.04798611789209872,False
0.6187086489258896,0.6187086489258896,0.5667909869605448,0.0,-0.05191766196534486,False
0.5876127500719586,0.5648361189728444,0.5468861899025872,-0.02277663109911421,-0.04072656016937137,False
0.6844125658497175,0.6779455363816294,0.6652331369011102,-0.006467029468088192,-0.019179428948607358,False
0.5098480002393242,0.5078141865142708,0.6195675388611926,-0.0020338137250534016,0.10971953862186845,False
0.5174946524284678,0.5372586400394795,0.5691261770964193,0.019763987611011724,0.05163152466795151,False
0.5545613106580725,0.5545613106580725,0.5545613106580725,0.0,0.0,False
0.7581026859975,0.7581026859975,0.6975574286158527,0.0,-0.06054525738164729,False
0.6016549251716341,0.513673458432344,0.6695389348795353,-0.08798146673929008,0.0678840097079012,False
0.7975062762890429,0.5404710011004745,0.7689799112547784,-0.2570352751885684,-0.028526365034264534,False
0.718110519953747,0.718110519953747,0.660538397509356,0.0,-0.05757212244439103,False
0.5052466106633504,0.5313619451448491,0.5257390276738221,0.02611533448149872,0.020492417010471664,False
0.5545613106580725,0.5545613106580725,0.5545613106580725,0.0,0.0,False
0.6893562633794224,0.7102774319647742,0.7313675851324648,0.020921168585351868,0.04201132175304245,False
0.5481950424092763,0.6348673372559059,0.5048730436456466,0.08667229484662964,-0.04332199876362974,False
0.7437150845653399,0.7437150845653399,0.7026587360269336,0.0,-0.04105634853840623,False
0.6481529568459852,0.6481529568459852,0.6481529568459852,0.0,0.0,False
0.6930545853606953,0.6743148741348658,0.6498952774297205,-0.018739711225829514,-0.04315930793097478,False
0.7614106028731343,0.7614106028731343,0.9297293530055011,0.0,0.16831875013236675,False
0.5718703449421885,0.5718703449421885,0.6511065977884347,0.0,0.07923625284624625,False
0.789260987365614,0.6864123509437449,0.737795753779686,-0.10284863642186914,-0.05146523358592803,False
0.6146566717636589,0.5881267409733393,0.5141285659519569,-0.026529930790319622,-0.10052810581170202,False
0.565592313250042,0.565592313250042,0.6933996630709014,0.0,0.1278073498208594,False
0.6160109987676352,0.6285918019063013,0.5762833104864384,0.012580803138666052,-0.03972768828119677,False
0.5555662424110259,0.6445068578502657,0.6823019511999137,0.08894061543923981,0.12673570878888774,False
0.8364919277728962,0.8364919277728962,0.8432315255819418,0.0,0.00673959780904565,False
0.544600630071058,0.5446794899560865,0.6115619314574684,7.885988502853714e-05,0.06696130138641043,False
0.9122516593882227,0.9003988834293511,0.908378794394551,-0.011852775958871575,-0.0038728649936716764,False
0.7542565875342157,0.7542565875342157,0.634097652862412,0.0,-0.12015893467180361,False
0.752446945618234,0.695539547095432,0.7343339923934644,-0.05690739852280202,-0.01811295322476958,False
0.7024375002230308,0.6276523102301992,0.7011024197009064,-0.07478518999283157,-0.0013350805221243878,False
0.777371786721592,0.777371786721592,0.534138888502049,0.0,-0.24323289821954297,False
0.5131865020631454,0.555195452511853,0.5523820855330213,0.04200895044870756,0.03919558346987584,False
0.640855492019084,0.640855492019084,0.5349411180395908,0.0,-0.10591437397949321,False
0.6340592099873402,0.6485968654902515,0.5844137366979891,0.014537655502911306,-0.049645473289351094,False
0.6408830756732452,0.5487399772845545,0.653620822434962,-0.09214309838869073,0.012737746761716795,False
0.5730448431937414,0.5084065867296815,0.5151395728631304,-0.06463825646405985,-0.05790527033061099,False
0.555447863902397,0.555447863902397,0.555447863902397,0.0,0.0,False
0.8704634419834281,0.8704634419834281,0.8678874615159071,0.0,-0.002575980467520944,False
0.7216522585588604,0.7216522585588604,0.7216522585588604,0.0,0.0,False
0.5797182006043707,0.5797182006043707,0.5797182006043707,0.0,0.0,False
0.6696145217484579,0.6696145217484579,0.717975551358012,0.0,0.04836102960955413,False
0.5474063727880216,0.5158428651378291,0.5894106158539645,-0.03156350765019256,0.04200424306594286,False
0.6044338404297868,0.6044338404297868,0.6489752085096473,0.0,0.04454136807986053,False
0.5749572612432121,0.5749572612432121,0.5893789490611103,0.0,0.01442168781789821,False
0.5989964750405863,0.5989964750405863,0.5545613106580725,0.0,-0.044435164382513825,False
0.6729299153282255,0.6729299153282255,0.6729299153282255,0.0,0.0,False
0.5328497903400835,0.5793496363786018,0.5518677790341611,0.04649984603851831,0.01901798869407756,False
0.5127560945012888,0.5057148019231337,0.655303590531466,-0.007041292578155112,0.14254749603017725,False
0.7732944536443139,0.7526644748564377,0.6801993084955267,-0.020629978787876202,-0.09309514514878725,False
0.8285548930565215,0.8285548930565215,0.8271065604920042,0.0,-0.001448332564517374,False
0.7913034599773272,0.6768139796295332,0.8259952792294439,-0.11448948034779405,0.03469181925211673,False
0.8683866745574389,0.8683866745574389,0.7735906767276388,0.0,-0.09479599782980008,False
0.6509206449020446,0.5833370319046248,0.65023782173176,-0.06758361299741977,-0.0006828231702845633,False
0.879291365831594,0.8708845596261628,0.6833113169961053,-0.008406806205431105,-0.1959800488354887,False
0.6508903463351023,0.6338816776891627,0.5987599191889166,-0.01700866864593964,-0.052130427146185765,False
0.6871771812336689,0.6191735887551597,0.623397505949808,-0.06800359247850918,-0.06377967528386086,False
0.8626420767116941,0.8626420767116941,0.7938180008592319,0.0,-0.0688240758524622,False
0.6943891847296533,0.6729144608793882,0.6663459495853837,-0.021474723850265054,-0.02804323514426954,False
0.5564818622234918,0.7283353817794819,0.5564818622234918,0.17185351955599004,0.0,False
0.5044029576219285,0.6051381997820444,0.6051381997820444,0.10073524216011587,0.10073524216011587,False
0.5344102430104624,0.5344102430104624,0.521272106345678,0.0,-0.013138136664784361,False
0.5277645167307763,0.5277645167307763,0.5479616653689879,0.0,0.02019714863821165,False
0.5003192631282523,0.600120865235054,0.5335966920786738,0.09980160210680178,0.03327742895042152,False
0.683712874557116,0.683712874557116,0.5605344181880255,0.0,-0.12317845636909053,False
0.537271528608918,0.5236963970787795,0.58615728297922,-0.013575131530138562,0.04888575437030196,False
0.7039890707471894,0.6945433547034476,0.6525635827915226,-0.00944571604374178,-0.051425487955666815,False
0.6569134830509686,0.6569134830509686,0.605696119641062,0.0,-0.05121736340990668,False
0.7024869496253074,0.7234860921774171,0.6538116888672706,0.020999142552109662,-0.048675260758036853,False
0.6343705089774203,0.6238958316137491,0.6238958316137491,-0.010474677363671248,-0.010474677363671248,False
0.5978638086536829,0.5923871602159083,0.7165438178523683,-0.005476648437774623,0.11868000919868538,False
0.7335937151115106,0.7105801702365636,0.748364706770614,-0.023013544874947,0.014770991659103339,False
0.645405520244891,0.645405520244891,0.6220954274492136,0.0,-0.023310092795677306,False
0.5947125389775191,0.5947125389775191,0.5860176925801994,0.0,-0.008694846397319655,False
0.7335555121643816,0.7921285324847933,0.8122869327874944,0.05857302032041167,0.07873142062311278,False
0.8380062162360065,0.8078844156260382,0.8241125179750558,-0.030121800609968274,-0.01389369826095066,False
0.6848745360672868,0.6787420764490941,0.6382631385524029,-0.006132459618192643,-0.04661139751488386,False
0.594727661297569,0.594727661297569,0.594727661297569,0.0,0.0,False
0.5858554875770446,0.6224274650862718,0.7099220520830145,0.03657197750922714,0.12406656450596987,False
0.7747235701506361,0.7747235701506361,0.6799329942126136,0.0,-0.09479057593802254,False
0.5330800926041286,0.510254257350181,0.5460037787339318,-0.022825835253947546,0.012923686129803214,False
0.5260026703998963,0.5131151035235685,0.5214441796674479,-0.01288756687632786,-0.004558490732448406,False
0.8053084211902505,0.7360346431223117,0.6119956080787252,-0.06927377806793877,-0.19331281311152526,False
0.6658592185422975,0.6658592185422975,0.5517343309304059,0.0,-0.11412488761189155,False
0.928356466284272,0.8661132977517477,0.7075859005701177,-0.06224316853252432,-0.22077056571415432,False
0.5457226994316314,0.5762691609509978,0.6799813539299207,0.030546461519366352,0.13425865449828922,False
0.5326872408818236,0.5326872408818236,0.5326872408818236,0.0,0.0,False
0.8197044804371754,0.7219251057180583,0.6540450709005684,-0.09777937471911702,-0.16565940953660696,False
0.8123555278164084,0.7553243214092845,0.7614556295795567,-0.05703120640712389,-0.050899898236851704,False
0.8289033830295814,0.8538750450151096,0.8259664715213348,0.024971661985528137,-0.002936911508246598,False
0.6068446244869701,0.6068446244869701,0.6534718126126948,0.0,0.04662718812572475,False
0.516455571958387,0.550857584562821,0.713642891351215,0.034402012604433985,0.19718731939282796,False
0.5700774639746428,0.5022724734341494,0.582831138793998,-0.06780499054049338,0.012753674819355187,False
0.5391925562716025,0.5391925562716025,0.5479748290889275,0.0,0.00878227281732502,False
0.7301487002817213,0.7558730140787875,0.7390909148218558,0.02572431379706619,0.008942214540134552,False
0.6877214848989291,0.6877214848989291,0.7580189622572175,0.0,0.0702974773582884,False
0.7173728121299879,0.6619181298790323,0.7128401303942489,-0.05545468225095562,-0.004532681735739064,False
0.5029106475177594,0.5029106475177594,0.5500159653085936,0.0,0.04710531779083427,False
0.5496789289554016,0.5496789289554016,0.5360975008372055,0.0,-0.01358142811819607,False
0.5166264143794874,0.5870156422775236,0.5639461205736989,0.07038922789803614,0.04731970619421144,False
0.7569521142778375,0.7399063302305613,0.7680239912502104,-0.01704578404727619,0.011071876972372885,False
0.7951605712396684,0.8038806945586092,0.7834770955281253,0.008720123318940787,-0.011683475711543156,False
0.8198450186418803,0.7023553568060834,0.8467847037278655,-0.1174896618357969,0.02693968508598521,False
0.6922792854373113,0.6922792854373113,0.6480272739709263,0.0,-0.04425201146638502,False
0.7867475010750399,0.7867475010750399,0.7207408893466037,0.0,-0.06600661172843614,False
0.5545613106580725,0.5545613106580725,0.5478002277303418,0.0,-0.006761082927730699,False
0.8505244506238008,0.8505244506238008,0.8276008262838405,0.0,-0.022923624339960313,False
0.7939038721579248,0.7939038721579248,0.7621258666856526,0.0,-0.031778005472272164,False
0.5255058940657684,0.5034046973314857,0.5274909479571135,-0.02210119673428268,0.0019850538913450677,False
0.7089889318903708,0.7073794089410125,0.8332351937142023,-0.001609522949358344,0.12424626182383147,False
0.6644002373920558,0.5158943416995485,0.6355234144799936,-0.14850589569250727,-0.028876822912062172,False
0.7319301710472748,0.653504576377965,0.7638048276527654,-0.07842559466930976,0.0318746566054906,False
0.6500577641906131,0.5685244493584989,0.6498171240499514,-0.08153331483211423,-0.00024064014066171868,False
0.5545613106580725,0.5545613106580725,0.5545613106580725,0.0,0.0,False
0.7771406028790846,0.7701781727990834,0.7771406028790846,-0.006962430080001192,0.0,False
0.5601677896765592,0.5042337945126498,0.5121774813856688,-0.0559339951639094,-0.04799030829089046,False
0.6391508556793065,0.5152198392488869,0.5798491861037688,-0.1239310164304196,-0.05930166957553773,False
0.5980934235897684,0.5980934235897684,0.5115275814549598,0.0,-0.08656584213480856,False
0.6908402532289841,0.5198654663738039,0.5694451241713763,-0.1709747868551802,-0.12139512905760785,False
0.5391561844598279,0.5159682504176215,0.5822216251433747,-0.023187934042206426,0.043065440683546785,False
0.7039327436631932,0.7356837455440448,0.5616148886648493,0.03175100188085156,-0.14231785499834393,False
0.666260211321408,0.666260211321408,0.7190385833589784,0.0,0.05277837203757041,False
0.9310929721606521,0.9310929721606521,0.942794585418778,0.0,0.01170161325812591,False
0.8950628148396642,0.9121546964565644,0.9129494316692629,0.01709188161690023,0.01788661682959869,False
0.5091245649943531,0.5003644052338411,0.5919506238631869,-0.008760159760512032,0.08282605886883376,False
0.6420105581920363,0.6420105581920363,0.5545613106580725,0.0,-0.08744924753396388,False
0.6101633829367119,0.6101633829367119,0.5545613106580725,0.0,-0.05560207227863945,False
0.5714013566452089,0.5714013566452089,0.5790362598676013,0.0,0.007634903222392464,False
0.503935252143057,0.5504143200219618,0.5914024342022671,0.04647906787890477,0.08746718205921011,False
0.8474616920137455,0.8474616920137455,0.8240061994352024,0.0,-0.02345549257854318,False
0.6004373875994038,0.5537824224938435,0.5983398983842683,-0.04665496510556033,-0.0020974892151355284,False
0.8187969961673126,0.7446918287621993,0.6188377126719509,-0.0741051674051133,-0.19995928349536174,False
0.6431283352922803,0.6431283352922803,0.6431283352922803,0.0,0.0,False
0.5497837548424217,0.5063896999831744,0.5088251289814031,-0.0433940548592473,-0.040958625861018616,False
0.5545613106580725,0.5545613106580725,0.5538359844169768,0.0,-0.0007253262410956696,False
0.5417960434669128,0.5114220243161264,0.5951030962469965,-0.030374019150786413,0.05330705278008374,False
0.6435862732242355,0.7180236403493263,0.6435862732242355,0.07443736712509086,0.0,False
0.8245991063968686,0.8245991063968686,0.7231967149313931,0.0,-0.10140239146547547,False
0.8513451136971759,0.6032050075303905,0.7319053250454144,-0.2481401061667854,-0.11943978865176152,False
0.584902522395184,0.5806452104846396,0.5806452104846396,-0.004257311910544459,-0.004257311910544459,False
0.8336366012680966,0.8336366012680966,0.6571584864054426,0.0,-0.17647811486265397,False
0.8605192300242303,0.7801991665196494,0.5819865484355077,-0.08032006350458087,-0.2785326815887226,False
0.5738627800025509,0.5738627800025509,0.5803023994767194,0.0,0.00643961947416849,False
0.8286994926075155,0.8286994926075155,0.7691444750989094,0.0,-0.059555017508606145,False
0.7014198598767977,0.7014198598767977,0.6168955689983949,0.0,-0.08452429087840274,False
0.5545613106580725,0.5545613106580725,0.5545613106580725,0.0,0.0,False
0.6507742010960226,0.5545613106580725,0.6507742010960226,-0.09621289043795012,0.0,False
0.551464219325736,0.551464219325736,0.5476404504291466,0.0,-0.003823768896589419,False
0.7733142468238065,0.7733142468238065,0.7733142468238065,0.0,0.0,False
0.5877853639482481,0.7464006573186893,0.5162680744826649,0.15861529337044122,-0.07151728946558322,False
0.8369905991096807,0.8369905991096807,0.7596224883020333,0.0,-0.07736811080764738,False
0.8748789069551886,0.7965474489067383,0.6568069585742915,-0.07833145804845021,-0.21807194838089705,False
0.8972313759912369,0.8989016546823965,0.7931456239993878,0.0016702786911595435,-0.10408575199184911,False
0.7246489890739807,0.7246489890739807,0.6699588598862051,0.0,-0.054690129187775605,False
0.9394235360475758,0.9394235360475758,0.9394235360475758,0.0,0.0,False
0.7246733380606057,0.7246733380606057,0.8175611580819758,0.0,0.09288782002137008,False
0.622625998744435,0.5706916626578822,0.6391758802585465,-0.051934336086552846,0.01654988151411152,False
0.6003019131027569,0.6147792180840859,0.5571841907068531,0.014477304981328931,-0.043117722395903835,False
0.5060764109605813,0.5060764109605813,0.5663765181509793,0.0,0.06030010719039802,False
0.504348493864986,0.5215354891408253,0.5772235678540995,0.017186995275839223,0.07287507398911341,False
0.6196203771401512,0.6241192088105763,0.6180906881109934,0.004498831670425085,-0.0015296890291577325,False
0.6262483048174271,0.5305955705729917,0.7174933830534822,-0.09565273424443543,0.0912450782360551,False
0.639336857106372,0.6248477007263251,0.6480577004466843,-0.014489156380046886,0.008720843340312312,False
0.5336214900995209,0.5336214900995209,0.5986925673129821,0.0,0.06507107721346128,False
0.8959852574422545,0.7104848978434394,0.7282582457122133,-0.18550035959881517,-0.16772701173004123,False
0.6127236972722838,0.5542800986471017,0.5523028474166698,-0.058443598625182114,-0.06042084985561402,False
0.6283354812489359,0.5538348682256864,0.5742509869806242,-0.0745006130232495,-0.054084494268311745,False
0.6501536924249006,0.5887671257770266,0.6501536924249006,-0.06138656664787401,0.0,False
0.7397747172449578,0.7266043852980956,0.6403780664104648,-0.013170331946862235,-0.099396650834493,False
0.6829690158113902,0.5545613106580725,0.5545613106580725,-0.12840770515331779,-0.12840770515331779,False
0.5554843937222685,0.5554843937222685,0.5814011810371504,0.0,0.025916787314881895,False
0.5791328718213349,0.5611394269378318,0.5632815327817877,-0.017993444883503074,-0.015851339039547163,False
0.6161521246789706,0.6161521246789706,0.6161521246789706,0.0,0.0,False
0.7651505590866858,0.7651505590866858,0.6459520734706778,0.0,-0.11919848561600799,False
0.511239626467036,0.524260217337982,0.543722297599966,0.01302059087094598,0.03248267113293002,False
0.5517108931028203,0.5517108931028203,0.5545613106580725,0.0,0.0028504175552521716,False
0.6637945642530978,0.6637945642530978,0.5860113319902236,0.0,-0.0777832322628742,False
0.8548691327064066,0.7671344695183404,0.8903257135757094,-0.08773466318806622,0.03545658086930281,False
0.5545613106580725,0.5545613106580725,0.5545613106580725,0.0,0.0,False
0.5513614483906772,0.5513614483906772,0.554200632673908,0.0,0.0028391842832307113,False
0.7437651327995993,0.7437651327995993,0.5902748395163603,0.0,-0.15349029328323904,False
0.6567777974598862,0.6567777974598862,0.6945269254877076,0.0,0.03774912802782138,False
0.6166948012229228,0.615987386138718,0.5941054482213759,-0.0007074150842047988,-0.022589353001546852,False
0.5998887705924283,0.5998887705924283,0.5998887705924283,0.0,0.0,False
0.5674770188882754,0.6062388098142852,0.5568703460565563,0.03876179092600984,-0.010606672831719122,False
0.7495202651010362,0.7399966350107867,0.6885568890902785,-0.00952363009024948,-0.06096337601075774,False
0.6269147011748888,0.6804528359825396,0.551923161078008,0.053538134807650795,-0.0749915400968808,False
0.8981434889796817,0.7884827454178862,0.8839797363015136,-0.10966074356179545,-0.014163752678168051,False
0.5504035163196043,0.5504035163196043,0.5504035163196043,0.0,0.0,False
0.6689191181735492,0.6689191181735492,0.7714453929164765,0.0,0.1025262747429273,False
0.6549519275275166,0.6549519275275166,0.6847018643905214,0.0,0.029749936863004756,False
0.6870345715210683,0.7076049550588623,0.6005718000111799,0.020570383537794057,-0.08646277150988835,False
0.7151048600654841,0.7160957961434962,0.647013576889375,0.000990936078012039,-0.06809128317610913,False
0.5619167974373217,0.5208853407729339,0.5207040586711961,-0.04103145666438779,-0.041212738766125634,False
0.6694269924479033,0.6694269924479033,0.6349113096721971,0.0,-0.03451568277570616,False
0.5727884757220203,0.56572163297098,0.5727884757220203,-0.007066842751040303,0.0,False
0.6826633364834478,0.6826633364834478,0.7798801436096864,0.0,0.09721680712623859,False
0.5545613106580725,0.5545613106580725,0.5545613106580725,0.0,0.0,False
0.7032108477071475,0.6481838108522804,0.6384013249819358,-0.055027036854867095,-0.06480952272521168,False
0.5545613106580725,0.5545613106580725,0.5545613106580725,0.0,0.0,False
0.6860451137555095,0.7417508740148525,0.6966037265842516,0.05570576025934304,0.010558612828742153,False
0.7114762957589882,0.7114762957589882,0.7763735412568635,0.0,0.06489724549787534,False
0.7292398318647446,0.7292398318647446,0.7283353817794819,0.0,-0.0009044500852627424,False
0.6249029785242275,0.6249029785242275,0.6849037139362602,0.0,0.06000073541203266,False
0.8759285190614817,0.8759285190614817,0.8050227760282379,0.0,-0.07090574303324382,False
0.5366159525856959,0.5437257898981656,0.5432889458701444,0.0071098373124696135,0.006672993284448481,False
0.6241354078890002,0.6241354078890002,0.6039413432202241,0.0,-0.020194064668776157,False
0.6173408403997227,0.6173408403997227,0.6173408403997227,0.0,0.0,False
0.6710211741846095,0.6122927169807092,0.6845799836073765,-0.0587284572039003,0.013558809422766993,False
0.5528192165202861,0.5528192165202861,0.5528192165202861,0.0,0.0,False
0.5233808339505333,0.5478492905423062,0.534829249183828,0.02446845659177299,0.011448415233294762,False
0.6019765639061574,0.6019765639061574,0.6019765639061574,0.0,0.0,False
0.5536355220268208,0.5152311035811128,0.5778023805727072,-0.038404418445707966,0.024166858545886405,False
0.6829831400691799,0.6829831400691799,0.6829831400691799,0.0,0.0,False
0.6282520140803843,0.5873354408470226,0.5957834594479245,-0.04091657323336173,-0.03246855463245979,False
0.8079885493964566,0.8079885493964566,0.8079885493964566,0.0,0.0,False
0.7038205812791145,0.7178400297167995,0.6605523986821116,0.01401944843768499,-0.043268182597002935,False
0.5451994651948932,0.6059617368546665,0.5901515626659783,0.060762271659773326,0.044952097471085195,False
0.714885744909268,0.7181056520980411,0.6414528366603267,0.0032199071887730746,-0.07343290824894133,False
0.5301586056583798,0.732802556041224,0.5301586056583798,0.20264395038284422,0.0,False
0.7894040295322906,0.7786311554826473,0.7504896720020333,-0.010772874049643333,-0.03891435753025729,False
0.5414649608517236,0.7315677127576412,0.6733220803809159,0.19010275190591763,0.13185711952919232,False
0.8307267584227029,0.8307267584227029,0.8307267584227029,0.0,0.0,False
0.7164123616694822,0.6970734986759116,0.6699543395457612,-0.01933886299357057,-0.046458022123720966,False
0.5024166195125506,0.5024166195125506,0.5024166195125506,0.0,0.0,False
0.778618072477313,0.7716383190438365,0.6541293534894823,-0.006979753433476454,-0.12448871898783065,False
0.7146986180176965,0.6903267627539833,0.7403038559489609,-0.024371855263713216,0.025605237931264346,False
0.6664771291015017,0.655461292432729,0.662290212846311,-0.011015836668772705,-0.004186916255190742,False
0.7376672556150571,0.7272895706582024,0.6466053728360722,-0.01037768495685465,-0.09106188277898486,False
0.7163980403949126,0.620578997831704,0.5078855353735101,-0.09581904256320861,-0.2085125050214025,False
0.8155077789565698,0.6950250254668052,0.7899379717912425,-0.12048275348976456,-0.025569807165327307,False
0.5096887784952295,0.5096887784952295,0.5081160106763676,0.0,-0.0015727678188619532,False
0.6524301843455913,0.6264113853900196,0.5975666609604449,-0.026018798955571687,-0.05486352338514644,False
0.6381805014181412,0.6151893855709027,0.7151585079642537,-0.022991115847238452,0.07697800654611253,False
0.5545613106580725,0.6188574476420357,0.6188574476420357,0.06429613698396319,0.06429613698396319,False
0.5871567679665886,0.656006741665336,0.517724186680015,0.06884997369874746,-0.06943258128657359,False
0.7408298778401887,0.6307138304395468,0.6528973566870444,-0.11011604740064196,-0.08793252115314432,False
0.7839130429017052,0.7589393157956762,0.7353205230203452,-0.024973727106028965,-0.04859251988135993,False
0.5296719902052174,0.5096614192227831,0.5861185616203481,-0.020010570982434306,0.056446571415130764,False
0.7159881708819389,0.5711620483317531,0.5303620085765398,-0.1448261225501858,-0.18562616230539908,False
0.6558190054055295,0.6348028793961726,0.7459676983231639,-0.021016126009356872,0.09014869291763439,False
0.5799443770422438,0.6655016349288587,0.5799443770422438,0.08555725788661495,0.0,False
0.7337905816576544,0.5322498339534306,0.6098792748357909,-0.2015407477042238,-0.12391130682186358,False
0.9125028385238622,0.9027697500257741,0.8325953939846185,-0.009733088498088072,-0.0799074445392437,False
0.769831944039038,0.769831944039038,0.9196394332175131,0.0,0.14980748917847508,False
0.6461673415308191,0.684730069341795,0.5380039249265451,0.038562727810975916,-0.10816341660427398,False
0.5461406196470903,0.506842242875318,0.5378664268328621,-0.03929837677177228,-0.008274192814228143,False
0.5743081330500783,0.6242067811931249,0.5743081330500783,0.049898648143046564,0.0,False
0.6184140777882107,0.6001399703849468,0.6184140777882107,-0.01827410740326385,0.0,False
0.8072600516887597,0.787132239765195,0.8160016488449675,-0.02012781192356472,0.008741597156207814,False
0.6238036382118592,0.6535795030438545,0.622637684584768,0.029775864831995236,-0.0011659536270912652,False
0.7130497016267047,0.696406170870291,0.73320473793712,-0.01664353075641367,0.020155036310415375,False
0.5656628358417348,0.5404557154692062,0.5179018936407603,-0.02520712037252859,-0.04776094220097449,False
0.7353163475842768,0.724350290929343,0.7110686968032642,-0.010966056654933776,-0.024247650781012542,False
0.5720988547841506,0.5321071024150388,0.5998110347053025,-0.03999175236911179,0.027712179921151936,False
0.5599037848457896,0.5127332664329548,0.5599037848457896,-0.047170518412834817,0.0,False
0.5545613106580725,0.5545613106580725,0.5545613106580725,0.0,0.0,False
0.5227530852738651,0.5227530852738651,0.5227530852738651,0.0,0.0,False
0.664083136381326,0.6674333800432711,0.6817472445501743,0.0033502436619451403,0.017664108168848336,False
0.8757195609942747,0.9208828002600553,0.8497235524056919,0.045163239265780586,-0.025996008588582864,False
0.7192362258440738,0.7192362258440738,0.7192362258440738,0.0,0.0,False
0.5895049914011097,0.5057269954274135,0.5963533218074955,-0.08377799597369617,0.006848330406385772,False
0.6906332754890401,0.6906332754890401,0.6906332754890401,0.0,0.0,False
0.5592335265364299,0.5592335265364299,0.5867023006471226,0.0,0.027468774110692706,False
0.5393494725693033,0.7433568074002128,0.5393494725693033,0.2040073348309095,0.0,False
0.6344996501781208,0.6156024344130361,0.6070555450233279,-0.01889721576508474,-0.027444105154792897,False
0.7836013241846788,0.7475247641473182,0.6177054443279353,-0.036076560037360594,-0.16589587985674348,False
0.7261087601993755,0.7890267034299976,0.6109332328750301,0.06291794323062205,-0.11517552732434544,False
0.5591578034411142,0.5751245519538986,0.6301972208891902,0.015966748512784346,0.07103941744807596,False
0.855514846109526,0.855514846109526,0.855514846109526,0.0,0.0,False
0.775429395634631,0.7288769173286208,0.7822780176834754,-0.04655247830601017,0.006848622048844399,False
0.5389490166260532,0.5621388675383988,0.5978677350515148,0.0231898509123456,0.05891871842546159,False
0.8609528242453599,0.8260710564597908,0.8623797103387529,-0.03488176778556906,0.0014268860933930316,False
0.7242290086225764,0.7242290086225764,0.7751297492282105,0.0,0.0509007406056341,False
0.5908410985329735,0.5131674680282403,0.574895358768387,-0.0776736305047332,-0.015945739764586464,False
0.5100335829284278,0.5352761856466112,0.5704337563136923,0.02524260271818335,0.06040017338526449,False
0.5160709852657965,0.5160709852657965,0.549062012273095,0.0,0.0329910270072985,False
0.5898850870203455,0.5898850870203455,0.5332143339861646,0.0,-0.0566707530341809,False
0.5745880855267813,0.5804993449857265,0.5213107492715616,0.005911259458945217,-0.05327733625521969,False
0.5512369671068127,0.547734725112859,0.5512369671068127,-0.0035022419939536586,0.0,False
0.6263207969592712,0.6263207969592712,0.6263207969592712,0.0,0.0,False
0.7878726610859415,0.7878726610859415,0.5545613106580725,0.0,-0.233311350427869,False
0.6470849367676722,0.6470849367676722,0.5799311485951077,0.0,-0.06715378817256445,False
0.6449932446392739,0.6449932446392739,0.5907551185034987,0.0,-0.054238126135775167,False
0.6764199940260701,0.5584378059625507,0.5989072352531645,-0.11798218806351946,-0.07751275877290564,False
0.5738227274033989,0.5738227274033989,0.5519618853476849,0.0,-0.021860842055714036,False
0.5545613106580725,0.5545613106580725,0.5545613106580725,0.0,0.0,False
0.863126526430481,0.863126526430481,0.6990528044959474,0.0,-0.16407372193453362,False
0.5382782389573888,0.5002825239931139,0.5659058386890139,-0.037995714964274896,0.027627599731625097,False
0.5480799321547514,0.6772870898312418,0.5288012688603926,0.12920715767649038,-0.01927866329435879,False
0.7319846292841818,0.707832355527335,0.7901471694749616,-0.02415227375684681,0.05816254019077971,False
0.6514196995051433,0.6514196995051433,0.5007198764742414,0.0,-0.1506998230309019,False
0.6455336841087904,0.6894495728120753,0.6201312026358192,0.04391588870328489,-0.025402481472971195,False
0.777721915300908,0.7374583254509153,0.7043423002280198,-0.040263589849992676,-0.07337961507288815,False
0.8647992794170486,0.845790954096545,0.8647992794170486,-0.01900832532050356,0.0,False
0.7224752729801012,0.6799595391250505,0.7224752729801012,-0.0425157338550507,0.0,False
0.7406873764837054,0.714745721053222,0.5004917331425955,-0.025941655430483435,-0.24019564334110988,False
0.8671418659510566,0.8671418659510566,0.8671418659510566,0.0,0.0,False
0.5750039573014172,0.5750039573014172,0.5107774933952409,0.0,-0.06422646390617626,False
0.6071319035273288,0.5434508181290485,0.6579770985333823,-0.06368108539828032,0.050845195006053445,False
0.621413454002035,0.5316410471820932,0.5902137930824389,-0.08977240681994181,-0.03119966091959603,False
0.6658726189519875,0.6469370388347748,0.6368793305305501,-0.018935580117212636,-0.028993288421437335,False
0.5597146183840721,0.5597146183840721,0.5612506430086026,0.0,0.0015360246245305076,False
0.5880237261176149,0.6520971371773484,0.5880237261176149,0.06407341105973352,0.0,False
0.5160557401110017,0.5160557401110017,0.631896195328099,0.0,0.1158404552170973,False
0.6638825740505928,0.6747877373129538,0.6003730858140617,0.010905163262361017,-0.06350948823653113,False
0.8095956319203781,0.8380237461965971,0.8091653042973654,0.028428114276219052,-0.0004303276230126496,False
0.6734916790306227,0.6978309143827541,0.5981087414210391,0.02433923535213145,-0.07538293760958359,False
0.7181411743293984,0.7022255308144181,0.6959027117510611,-0.015915643514980315,-0.02223846257833728,False
0.5984601487958376,0.5984601487958376,0.5015161682408861,0.0,-0.09694398055495157,False
0.5523256927050594,0.5531152902908821,0.5280697473717466,0.0007895975858227544,-0.024255945333312767,False
0.7420802926008236,0.7420802926008236,0.7420802926008236,0.0,0.0,False
0.6455956978020758,0.6924046570203349,0.6455956978020758,0.046808959218259116,0.0,False
0.8319067027019271,0.777074872556071,0.6317255522038522,-0.05483183014585613,-0.20018115049807494,False
0.6647422037109341,0.5142063717933191,0.5442434334303621,-0.150535831917615,-0.12049877028057199,False
0.8983307665384056,0.8983307665384056,0.8983307665384056,0.0,0.0,False
0.6573927054663316,0.6573927054663316,0.6573927054663316,0.0,0.0,False
0.7480542071820604,0.7099404530675772,0.6192241556611084,-0.038113754114483145,-0.12883005152095195,False
0.5775393956513067,0.5818313457215732,0.5656995778287214,0.004291950070266504,-0.011839817822585363,False
0.7549969445706305,0.7190994773416328,0.6510148890882602,-0.03589746722899767,-0.10398205548237027,False
0.5837050269996189,0.5837050269996189,0.6528039781373581,0.0,0.06909895113773923,False
0.5767508045947894,0.5888361834578144,0.5187384523718106,0.012085378863024965,-0.05801235222297885,False
0.5517046684197073,0.5517046684197073,0.6286098466073379,0.0,0.07690517818763054,False
0.6924528800787522,0.7155908671651502,0.7601730473168997,0.023137987086398026,0.06772016723814756,False
0.9095468880767238,0.9095468880767238,0.8605022561444926,0.0,-0.049044631932231186,False
0.7157330635755214,0.7157330635755214,0.7021010275568289,0.0,-0.01363203601869245,False
0.7002528647017434,0.7002528647017434,0.7707627790421407,0.0,0.07050991434039733,False
0.7587911246808341,0.6794144121070046,0.6543328441320031,-0.0793767125738295,-0.104458280548831,False
0.6109266054104123,0.5650612066597719,0.6109266054104123,-0.04586539875064044,0.0,False
0.5545613106580725,0.5545613106580725,0.5545613106580725,0.0,0.0,False
0.6040253065651954,0.6050729123665712,0.6268434560016223,0.0010476058013758616,0.022818149436426904,False
0.7601258993302765,0.81066637611707,0.8665409668453832,0.05054047678679352,0.10641506751510665,False
0.5832337255019377,0.5138721273156781,0.6285873660765968,-0.06936159818625964,0.04535364057465907,False
0.8982459362850554,0.8982459362850554,0.8829242308324671,0.0,-0.015321705452588374,False
0.6976025184444885,0.7621701571347226,0.6434311545212925,0.06456763869023407,-0.05417136392319599,False
0.7832907538329011,0.7575569938694938,0.5460185948685442,-0.02573375996340732,-0.23727215896435694,False
0.7555330795831295,0.7555330795831295,0.7592815646509009,0.0,0.0037484850677713677,False
0.8763620570790003,0.8651964136186243,0.886212326530887,-0.011165643460375962,0.009850269451886717,False
0.6882519858092373,0.6882519858092373,0.6116390064000127,0.0,-0.07661297940922462,False
0.7492015736100706,0.7492015736100706,0.7390518613973349,0.0,-0.01014971221273564,False
0.6573630585493893,0.609902312826885,0.613629531508131,-0.04746074572250425,-0.04373352704125821,False
0.7391901789392957,0.7521934943032396,0.8003436245107437,0.013003315363943835,0.06115344557144797,False
0.619089788746068,0.619089788746068,0.5404326328251563,0.0,-0.07865715592091171,False
0.5837477065502916,0.5750120552929271,0.6799853498650439,-0.00873565125736453,0.09623764331475226,False
0.701409979668306,0.6802210537038462,0.6636672050767308,-0.02118892596445976,-0.03774277459157516,False
0.5852978446508369,0.5575000271518533,0.5728158309163446,-0.02779781749898358,-0.012482013734492314,False
0.6633874038576539,0.6633874038576539,0.7454180169381119,0.0,0.082030613080458,False
0.5412386636137423,0.5333498038259201,0.5690096403715119,-0.007888859787822167,0.027770976757769628,False
0.6962298690818988,0.6962298690818988,0.6625633590837754,0.0,-0.03366650999812337,False
0.7733975279747778,0.7733975279747778,0.7733975279747778,0.0,0.0,False
0.761740418221112,0.761740418221112,0.7824107844506799,0.0,0.02067036622956786,False
0.5652235090690256,0.5969501411732627,0.5957857512713538,0.031726632104237096,0.03056224220232817,False
0.6095375341571926,0.6095375341571926,0.6605523986821116,0.0,0.05101486452491899,False
0.6052857086840532,0.6022911033505626,0.5117778934922284,-0.0029946053334906075,-0.09350781519182483,False
0.6185314956471224,0.6185314956471224,0.5433021736182442,0.0,-0.07522932202887822,False
0.6105354242549526,0.6105354242549526,0.5772590231927888,0.0,-0.033276401062163785,False
0.7554193123923496,0.7554193123923496,0.5774295856562124,0.0,-0.17798972673613722,False
0.7602928640116177,0.6382392712056886,0.6423131871134667,-0.12205359280592909,-0.11797967689815092,False
0.6494490074527199,0.637668402315366,0.5693363148681674,-0.011780605137353906,-0.08011269258455256,False
0.6413379315528407,0.5842188223774725,0.7544443933208423,-0.05711910917536822,0.11310646176800165,False
0.5071960243672391,0.5394277003739312,0.504224216385886,0.03223167600669208,-0.002971807981353103,False
0.5019357127471604,0.5644140171801755,0.5492038076561683,0.06247830443301505,0.04726809490900785,False
0.591218398160255,0.5759271557545318,0.575155784497877,-0.015291242405723215,-0.016062613662378045,False
0.7310620209563462,0.6562130103100364,0.7061306661067209,-0.07484901064630978,-0.024931354849625276,False
0.6374224255423104,0.6374224255423104,0.7537248806178929,0.0,0.11630245507558246,False
0.5376240478313482,0.5376240478313482,0.6470234264532184,0.0,0.10939937862187021,False
0.6395200946842378,0.6395200946842378,0.6873679353255625,0.0,0.047847840641324746,False
0.6566938578921112,0.5391937003638241,0.6448488502078927,-0.11750015752828713,-0.011845007684218478,False
0.7276415694716035,0.592806021494514,0.5573116429051952,-0.13483554797708952,-0.17032992656640833,False
0.5191518044167117,0.5011766907845442,0.566368339295396,-0.017975113632167528,0.04721653487868427,False
0.777344951689954,0.777344951689954,0.5759653191316004,0.0,-0.20137963255835356,False
0.6572770249823444,0.6572770249823444,0.5721054193105228,0.0,-0.08517160567182158,False
0.7416031148920128,0.7246599504712424,0.7016293530958378,-0.016943164420770374,-0.039973761796174956,False
0.624758770973936,0.624758770973936,0.633442481990804,0.0,0.008683711016868045,False
0.7805983730634718,0.7370723000056236,0.6274517038123592,-0.04352607305784817,-0.15314666925111264,False
0.7740320096704845,0.7740320096704845,0.6453762679347366,0.0,-0.1286557417357479,False
0.7953754487630268,0.7868709216063725,0.742319615108658,-0.008504527156654285,-0.053055833654368834,False
0.6238036382118592,0.6666877767317234,0.6535795030438545,0.04288413851986417,0.029775864831995236,False
0.7392162307821821,0.7488563047560419,0.7138883556110118,0.009640073973859797,-0.0253278751711703,False
0.6594764207633725,0.6924724939976016,0.6779058643448621,0.03299607323422904,0.01842944358148957,False
0.6514231608776433,0.6101011991010858,0.5523804670735386,-0.04132196177655745,-0.09904269380410469,False
0.714885744909268,0.7921259937829388,0.6727962340572321,0.07724024887367076,-0.04208951085203594,False
0.7179570390974285,0.6628388679687385,0.6548304000983949,-0.05511817112869,-0.06312663899903359,False
0.6315369150168106,0.6315369150168106,0.5545613106580725,0.0,-0.07697560435873818,False
0.5101956084855349,0.5151467843205598,0.6014837160473292,0.004951175835024912,0.09128810756179428,False
0.7039575909378177,0.7039575909378177,0.7446922491538512,0.0,0.040734658216033504,False
0.7840089107420081,0.7840089107420081,0.6627778015632244,0.0,-0.12123110917878366,False
0.8364019996062573,0.8253628381376907,0.8269105254881333,-0.011039161468566538,-0.00949147411812401,False
0.6940665666887915,0.5728692564454295,0.6940665666887915,-0.121197310243362,0.0,False
0.5344200953697293,0.5344200953697293,0.5676502143760565,0.0,0.03323011900632711,False
0.608408185809416,0.596521315560289,0.596521315560289,-0.011886870249127046,-0.011886870249127046,False
0.6615118908511781,0.595598846126887,0.6730913566219312,-0.06591304472429116,0.011579465770753083,False
0.6871489219837423,0.7278512412927275,0.6630283950333458,0.04070231930898516,-0.02412052695039657,False
0.6021723565275043,0.5853109314289833,0.504074447498799,-0.016861425098521066,-0.0980979090287053,False
0.8682376821897191,0.7982839589641683,0.6005493763942384,-0.06995372322555082,-0.26768830579548064,False
0.7195634755508507,0.6053391417698979,0.6409614541541465,-0.11422433378095276,-0.07860202139670414,False
0.6389472455107539,0.6389472455107539,0.6389472455107539,0.0,0.0,False
0.6829577195449184,0.6395042697382135,0.5159386886357608,-0.04345344980670485,-0.1670190309091576,False
0.5596678251752486,0.5968264343681324,0.5596678251752486,0.03715860919288383,0.0,False
0.6077851121285915,0.5824354414257225,0.6604040271708189,-0.025349670702869087,0.05261891504222738,False
0.8364595352909894,0.9196394332175131,0.8364595352909894,0.0831798979265237,0.0,False
0.6448163895427788,0.6783512661168114,0.6783512661168114,0.033534876574032646,0.033534876574032646,False
0.6592529326453066,0.6592529326453066,0.5774972074127889,0.0,-0.08175572523251773,False
0.6795334535755007,0.6795334535755007,0.6795334535755007,0.0,0.0,False
0.6055786862666674,0.6082016657488233,0.6357119087605005,0.0026229794821558405,0.0301332224938331,False
0.6674232586282502,0.7209344932200338,0.7394461174232257,0.05351123459178353,0.0720228587949755,False
0.8580580876977294,0.8085803635020629,0.8099226652517404,-0.04947772419566654,-0.04813542244598901,False
0.583664903531519,0.5616474315059887,0.647379866215564,-0.022017472025530282,0.06371496268404497,False
0.5347717649505925,0.597097447602126,0.5347717649505925,0.06232568265153349,0.0,False
0.5110963873171446,0.5649512000351401,0.5110963873171446,0.053854812717995526,0.0,False
0.7955762609185687,0.6587855883594058,0.6890247659340382,-0.13679067255916288,-0.10655149498453054,False
0.7633122856497983,0.8193471056340701,0.8282249924137908,0.056034819984271844,0.06491270676399252,False
0.7646565103972717,0.7298748932512639,0.5226262846219636,-0.034781617146007804,-0.24203022577530808,False
0.5755677007861698,0.5901950228817712,0.5898398856991011,0.014627322095601358,0.014272184912931252,False
0.5413079205429796,0.5413079205429796,0.5413079205429796,0.0,0.0,False
0.8064841022714151,0.8230577343258628,0.5907149100610147,0.01657363205444773,-0.21576919221040036,False
0.901269227688505,0.901269227688505,0.901269227688505,0.0,0.0,False
0.5968144384976386,0.6227696265655919,0.5510496847005387,0.025955188067953272,-0.04576475379709988,False
0.6856726910649675,0.6964642930365114,0.6546204742676974,0.01079160197154383,-0.031052216797270105,False
0.9050645700490402,0.7883305498422359,0.555106817428402,-0.11673402020680423,-0.3499577526206382,False
0.7990986080112327,0.7382151706079483,0.5251748993844632,-0.06088343740328439,-0.2739237086267695,False
0.6645652640241246,0.6645652640241246,0.6271611974311304,0.0,-0.03740406659299422,False
0.5455288204040606,0.5455288204040606,0.5728158309163446,0.0,0.027287010512283993,False
0.6017173748979299,0.6017173748979299,0.6223202842267139,0.0,0.020602909328784058,False
0.6749809745876897,0.7414464631954093,0.6463810167025019,0.06646548860771961,-0.028599957885187766,False
0.8083360330129984,0.7209287390448986,0.6667305635455659,-0.08740729396809976,-0.14160546946743247,False
0.7146093150683583,0.7286499703977938,0.7589960612817532,0.014040655329435436,0.04438674621339489,False
0.5028151955346586,0.5387642666468365,0.5672555927279919,0.03594907111217793,0.06444039719333328,False
0.5697284471410105,0.5697284471410105,0.5658420893670535,0.0,-0.003886357773956961,False
0.6860283972073701,0.6860283972073701,0.5671807889678867,0.0,-0.11884760823948337,False
0.5961899118008133,0.5961899118008133,0.6340574443668806,0.0,0.03786753256606734,False
0.6150672726752239,0.5841877450713735,0.596367840107552,-0.030879527603850376,-0.018699432567671925,False
0.7808212155775931,0.7808212155775931,0.6224897602096132,0.0,-0.15833145536797988,False
0.5063210209685971,0.5686100318939326,0.5039547420188822,0.06228901092533545,-0.0023662789497148617,False
0.5399082671161487,0.5399082671161487,0.5168277737196162,0.0,-0.02308049339653251,False
0.5260781982373365,0.5334273935024143,0.5181619865016274,0.007349195265077824,-0.007916211735709111,False
0.8779956253612863,0.9205960527491157,0.7984374140458415,0.04260042738782943,-0.07955821131544483,False
0.6446580431001216,0.5693773182775124,0.663146273049412,-0.07528072482260928,0.018488229949290336,False
0.5108354883792104,0.5120870030794251,0.6437552363393175,0.0012515147002146731,0.13291974796010708,False
0.7148998355829983,0.6784714276912682,0.6658117587563541,-0.036428407891730075,-0.04908807682664418,False
0.5585312383747923,0.5585312383747923,0.5466389304063604,0.0,-0.011892307968431992,False
0.5306721673176362,0.5559801588780284,0.5559801588780284,0.025307991560392207,0.025307991560392207,False
0.8621820455285899,0.9043763901148034,0.8893641764628335,0.04219434458621352,0.027182130934243598,False
0.8953976976944752,0.9100554861805183,0.7629713981163272,0.014657788486043155,-0.132426299578148,False
0.926776486379869,0.8984322986147927,0.9156848770053265,-0.0283441877650763,-0.011091609374542455,False
0.75387152460694,0.6330835910805123,0.6330835910805123,-0.1207879335264277,-0.1207879335264277,False
0.5572276252648833,0.5572276252648833,0.6404382798043436,0.0,0.0832106545394603,False
0.791449786682765,0.791449786682765,0.7684281986965762,0.0,-0.023021587986188807,False
0.5611393334272707,0.5611393334272707,0.5079214119774745,0.0,-0.0532179214497962,False
0.7663443612653025,0.5520599480109268,0.7663443612653025,-0.21428441325437564,0.0,False
0.5937349213559113,0.5767211196324249,0.6699482469084678,-0.017013801723486432,0.07621332555255644,False
0.6125942259965954,0.6125942259965954,0.6125942259965954,0.0,0.0,False
0.517827472258756,0.5419773723949042,0.517827472258756,0.02414990013614815,0.0,False
0.8174260973666843,0.7999579611288098,0.7568611693226139,-0.017468136237874465,-0.06056492804407032,False
0.7330184543933116,0.7229116502019062,0.7340898310677496,-0.010106804191405416,0.0010713766744380182,False
0.8605929242251041,0.6949497834246796,0.7839358742529141,-0.16564314080042453,-0.07665704997219003,False
0.5545613106580725,0.5545613106580725,0.5545613106580725,0.0,0.0,False
0.6419469636700369,0.6974370691551641,0.6487827556512282,0.05549010548512723,0.00683579198119133,False
0.8027184699753684,0.8027184699753684,0.5120148330250693,0.0,-0.2907036369502991,False
0.5774518943883586,0.5776846928302475,0.5676785260317804,0.00023279844188883736,-0.009773368356578271,False
0.6143640716349593,0.7002952931254958,0.6104922605520131,0.08593122149053645,-0.0038718110829462082,False
0.5560842954147823,0.5339505107482021,0.5560842954147823,-0.022133784666580225,0.0,False
0.8072213743519545,0.7570519447009285,0.8099360844038627,-0.050169429651026,0.0027147100519081535,False
0.5496792338514616,0.5496792338514616,0.5391481226462869,0.0,-0.010531111205174692,False
0.6612433797236246,0.6427244427891241,0.6427244427891241,-0.018518936934500463,-0.018518936934500463,False
0.5112024728011306,0.5112024728011306,0.5112024728011306,0.0,0.0,False
0.6684042992561978,0.6091349548844291,0.5587473920535969,-0.05926934437176867,-0.1096569072026009,False
0.6389004984041154,0.6389004984041154,0.5545613106580725,0.0,-0.08433918774604299,False
0.8563949234473096,0.8718270941839465,0.7894955598973912,0.015432170736636941,-0.06689936354991843,False
0.7531229576048886,0.7410122869841614,0.8063749587998011,-0.012110670620727126,0.05325200119491258,False
0.7082218153959232,0.7071346582907648,0.7082218153959232,-0.0010871571051583873,0.0,False
0.518942284725259,0.518942284725259,0.504225273490118,0.0,-0.01471701123514102,False
0.5315979563405601,0.5257089722037938,0.5714664201328823,-0.0058889841367663065,0.03986846379232223,False
0.8584367028557633,0.8584367028557633,0.5769551386237024,0.0,-0.28148156423206094,False
0.6807504735845361,0.6807504735845361,0.6913732994858659,0.0,0.010622825901329791,False
0.7216698138037748,0.6585549325840225,0.8172888812719965,-0.06311488121975228,0.09561906746822169,False
0.7462615538175945,0.7204747980966537,0.7134168968031704,-0.0257867557209408,-0.03284465701442407,False
0.5187001312408658,0.5187001312408658,0.5545613106580725,0.0,0.03586117941720668,False
0.6850156996748303,0.6790933063153779,0.6157760659418583,-0.005922393359452438,-0.06923963373297204,False
0.5335201172365549,0.5017682451517163,0.5335201172365549,-0.03175187208483865,0.0,False
0.5545613106580725,0.5545613106580725,0.5545613106580725,0.0,0.0,False
0.562687624773333,0.5676948875208776,0.5909271533501642,0.005007262747544594,0.028239528576831208,False
0.7238117518344841,0.7238117518344841,0.6028161883467164,0.0,-0.12099556348776774,False
0.5770320830196206,0.5955104686540591,0.5770320830196206,0.018478385634438488,0.0,False
0.588830660734012,0.5754151743121059,0.5514914314776058,-0.013415486421906153,-0.0373392292564062,False
0.7815184335753065,0.7815184335753065,0.5236781554416425,0.0,-0.25784027813366395,False
0.6285816649145237,0.6640081474484673,0.6747909782005597,0.03542648253394354,0.04620931328603595,False
0.8284483114772403,0.8284483114772403,0.7815047286618063,0.0,-0.04694358281543398,False
0.571363300737018,0.5488358885798643,0.5317022964601882,-0.022527412157153703,-0.03966100427682984,False
0.7028165874801368,0.644221369690373,0.5545613106580725,-0.05859521778976373,-0.1482552768220643,False
0.8173399444980375,0.7549742576945727,0.7552880310808459,-0.06236568680346477,-0.06205191341719163,False
0.5029039669028966,0.5122763871357197,0.5217093654861579,0.009372420232823031,0.018805398583261246,False
0.6500046996594714,0.6500046996594714,0.6308243353948335,0.0,-0.019180364264637872,False
0.8441028417635432,0.8555254677349375,0.829286923640557,0.011422625971394318,-0.014815918122986216,False
0.8193622467597736,0.6881198084718754,0.6120785369743893,-0.13124243828789828,-0.20728370978538435,False
0.621376651503984,0.5335910316691825,0.5957638100498837,-0.08778561983480149,-0.025612841454100366,False
0.8685483166288577,0.8685483166288577,0.5545613106580725,0.0,-0.3139870059707852,False
0.6955473229839251,0.6200652536339332,0.6087757387377876,-0.07548206934999191,-0.08677158424613751,False
0.5072868516616189,0.5164778072233949,0.529533269898567,0.00919095556177596,0.022246418236948062,False
0.7505238366918292,0.7505238366918292,0.7505238366918292,0.0,0.0,False
0.9237696699174067,0.8827123006974954,0.819182088684408,-0.04105736921991132,-0.10458758123299872,False
0.7889196910242062,0.7524373224557542,0.5240773169152869,-0.036482368568451995,-0.2648423741089193,False
0.6565844983331603,0.6054624712040088,0.5925665407371654,-0.05112202712915159,-0.06401795759599493,False
0.5817873991737506,0.5817873991737506,0.5817873991737506,0.0,0.0,False
0.5007938026959984,0.5007938026959984,0.5007938026959984,0.0,0.0,False
0.7418735476622933,0.7096309504349508,0.7418735476622933,-0.03224259722734246,0.0,False
0.5293032738467109,0.5867070652390284,0.5868865324363044,0.05740379139231744,0.057583258589593456,False
0.6447860242444038,0.6834400153422184,0.6447860242444038,0.038653991097814644,0.0,False
0.7500238765426441,0.7416129289616955,0.6100684805293266,-0.008410947580948624,-0.13995539601331752,False
0.6259021003296583,0.6259021003296583,0.6259021003296583,0.0,0.0,False
0.5435003992318602,0.5435003992318602,0.5594812422428441,0.0,0.015980843010983903,False
0.6579588352238376,0.5625363437740825,0.5545613106580725,-0.09542249144975512,-0.10339752456576512,False
0.7172008421436611,0.6874510353391612,0.520112545076919,-0.0297498068044999,-0.19708829706674214,False
0.6659993077825528,0.6491467014224289,0.523027696250821,-0.016852606360123867,-0.14297161153173177,False
0.6005565492092613,0.6005565492092613,0.5794848025716807,0.0,-0.021071746637580602,False
0.6264635044318012,0.5833829735954288,0.5833829735954288,-0.04308053083637242,-0.04308053083637242,False
0.6535237195789405,0.6024401418829799,0.6303019373777328,-0.051083577695960614,-0.02322178220120774,False
0.7950069703145646,0.7902848651256253,0.6608270829559874,-0.00472210518893923,-0.13417988735857722,False
0.6610732013476414,0.5545613106580725,0.5545613106580725,-0.1065118906895689,-0.1065118906895689,False
0.8176500186277008,0.8491937084771576,0.7569361919609343,0.03154368984945677,-0.0607138266667665,False
0.5390694104710667,0.5109727957847383,0.6196313782550836,-0.028096614686328403,0.08056196778401692,False
0.8863565673724212,0.8908563380240127,0.7886234663688727,0.0044997706515914615,-0.09773310100354848,False
0.6287214893273274,0.6287214893273274,0.6000385199934561,0.0,-0.028682969333871267,False
0.6241354078890002,0.6241354078890002,0.6039413432202241,0.0,-0.020194064668776157,False
0.6177852082504084,0.6671464457140284,0.6312511833940858,0.04936123746361998,0.013465975143677422,False
0.6176521059605395,0.6499721353128959,0.5053580120079308,0.03232002935235634,-0.1122940939526087,False
0.6649930288932829,0.6649930288932829,0.5216523402346402,0.0,-0.1433406886586427,False
0.7539744083669332,0.7539744083669332,0.5937440408584598,0.0,-0.16023036750847341,False
0.8897717337530313,0.8541854074599156,0.8541854074599156,-0.035586326293115755,-0.035586326293115755,False
0.5095362129220464,0.5928085094503485,0.6107613570860156,0.08327229652830204,0.10122514416396922,False
0.5224638913099121,0.5224638913099121,0.5224638913099121,0.0,0.0,False
0.804444280636416,0.7886219415763791,0.8081253201088361,-0.01582233906003694,0.0036810394724200446,False
0.7527013644742159,0.7527013644742159,0.6447318416825343,0.0,-0.1079695227916816,False
0.633059631945024,0.574697477812737,0.6076162059636641,-0.05836215413228707,-0.025443425981359957,False
0.6564573883819326,0.514492409223021,0.6463289869270796,-0.1419649791589116,-0.010128401454852942,False
0.7417479718213762,0.7993223663778095,0.7773750725869539,0.05757439455643332,0.035627100765577735,False
0.6718185710889318,0.6718185710889318,0.6718185710889318,0.0,0.0,False
0.868145269352121,0.868145269352121,0.8646099163944065,0.0,-0.003535352957714455,False
0.568645338234718,0.5029790208318105,0.5737722852684028,-0.06566631740290751,0.005126947033684881,False
0.5293686999038097,0.5293686999038097,0.5545613106580725,0.0,0.025192610754262712,False
0.5545613106580725,0.5545613106580725,0.5559801588780284,0.0,0.0014188482199559704,False
0.7671297263681943,0.7436725362414331,0.5620220246412398,-0.023457190126761174,-0.20510770172695447,False
0.5141094200650808,0.556765612125927,0.533460033406798,0.042656192060846254,0.019350613341717282,False
0.7214965237580139,0.5483789255972575,0.5738974975129683,-0.17311759816075634,-0.14759902624504562,False
0.779208583012635,0.5697253259583176,0.6111855266644122,-0.20948325705431736,-0.1680230563482228,False
0.5618365767567366,0.5545613106580725,0.5401965302129822,-0.007275266098664135,-0.0216400465437544,False
0.5523795565869516,0.5523795565869516,0.5529239045316534,0.0,0.0005443479447018174,False
0.5136779888784667,0.5136779888784667,0.5136779888784667,0.0,0.0,False
0.7634790555939607,0.7132462992316527,0.5479045743250492,-0.05023275636230795,-0.21557448126891143,False
0.6280423256565607,0.6467243628322731,0.60522414982491,0.018682037175712374,-0.02281817583165069,False
0.7215434155226749,0.7215434155226749,0.6140652152907538,0.0,-0.10747820023192112,False
0.8142154684370866,0.8634275620114285,0.8634275620114285,0.049212093574341864,0.049212093574341864,False
0.8356082943410826,0.6183712714743708,0.88203950410004,-0.21723702286671187,0.046431209758957315,False
0.5523674329495023,0.502777532042292,0.5257668638146056,-0.04958990090721027,-0.026600569134896723,False
0.7043582270285038,0.6781183718798452,0.7009076776643103,-0.026239855148658564,-0.0034505493641935336,False
0.5679296719564149,0.6224116231887797,0.5325104471746578,0.05448195123236488,-0.035419224781757075,False
0.8469306871713219,0.8469306871713219,0.8469306871713219,0.0,0.0,False
0.6930987183661816,0.6858414526721262,0.6712811392403263,-0.0072572656940554925,-0.021817579125855358,False
0.5050656285137731,0.5460338615838963,0.5325602771351465,0.040968233070123206,0.027494648621373408,False
0.686136855798511,0.686136855798511,0.7082633436029812,0.0,0.02212648780447013,False
0.8545038141304789,0.8095359102801288,0.6827748495851429,-0.0449679038503501,-0.17172896454533604,False
0.8313670497047092,0.7559319314935686,0.876926969594919,-0.07543511821114057,0.0455599198902098,False
0.798072136698912,0.5545613106580725,0.798072136698912,-0.2435108260408395,0.0,False
0.7367330797307001,0.7367330797307001,0.6652448564208154,0.0,-0.07148822330988469,False
0.5750453727885719,0.590217064596996,0.6201540275917417,0.015171691808424037,0.04510865480316972,False
0.5485444922847657,0.5400329350353733,0.5659582415418253,-0.008511557249392343,0.01741374925705963,False
0.7587530217007896,0.5790292069752165,0.7212594986915092,-0.17972381472557308,-0.03749352300928044,False
0.5490734365774907,0.5496761799721546,0.6262972948187269,0.0006027433946638183,0.07722385824123612,False
0.5405567061647123,0.6053400505687712,0.5004239551932445,0.06478334440405886,-0.040132750971467845,False
0.5004213002235858,0.5004213002235858,0.5162178549100604,0.0,0.015796554686474673,False
0.5973815233180171,0.5645962620803676,0.5167929457812115,-0.032785261237649466,-0.0805885775368056,False
0.7697815398947861,0.7697815398947861,0.7697815398947861,0.0,0.0,False
0.540785839569389,0.5191764417477418,0.5421883578573259,-0.02160939782164717,0.0014025182879369158,False
0.559550577445301,0.559550577445301,0.5428822550274666,0.0,-0.016668322417834447,False
0.5545613106580725,0.5545613106580725,0.6188574476420357,0.0,0.06429613698396319,False
0.5204949405953672,0.576497278091201,0.5204949405953672,0.05600233749583383,0.0,False
0.6498770297231256,0.72400288480137,0.7477018727360433,0.07412585507824443,0.09782484301291772,False
0.6247478856663636,0.6148654180922817,0.6828822486000494,-0.009882467574081955,0.05813436293368579,False
0.7637086311299529,0.7327796790161376,0.7432293310455755,-0.0309289521138153,-0.020479300084377372,False
0.5378748028455096,0.5378748028455096,0.5545613106580725,0.0,0.016686507812562867,False
0.8080191178599176,0.8080191178599176,0.8182685993790688,0.0,0.010249481519151171,False
0.7886808366689387,0.7886808366689387,0.7886808366689387,0.0,0.0,False
0.7911920243741508,0.7911920243741508,0.723728868454427,0.0,-0.06746315591972385,False
0.7691877211294341,0.6550871360971262,0.7417588918302576,-0.11410058503230791,-0.02742882929917656,False
0.5523748129459647,0.6833259168513863,0.5523748129459647,0.13095110390542164,0.0,False
0.7271060615181998,0.511982681134197,0.6295673366798342,-0.2151233803840028,-0.09753872483836556,False
0.5057872187386967,0.5543355096108893,0.5997848682845635,0.04854829087219259,0.09399764954586676,False
0.593555000548464,0.5789193359544222,0.5566664688102034,-0.014635664594041753,-0.036888531738260566,False
0.8068522445348522,0.6254953633570689,0.7567096126342565,-0.18135688117778326,-0.05014263190059565,False
0.6736875819008717,0.6744745752797677,0.7092592605525044,0.0007869933788959838,0.03557167865163269,False
0.6768233536256145,0.7061996415925061,0.6088982942468784,0.029376287966891623,-0.06792505937873616,False
0.5785203941097791,0.5916185169517483,0.5545613106580725,0.013098122841969206,-0.02395908345170661,False
0.6918148243984317,0.65625982432715,0.6437712296965079,-0.03555500007128165,-0.048043594701923764,False
0.6833753609052335,0.6589454133089354,0.5545613106580725,-0.02442994759629813,-0.12881405024716108,False
0.7500238765426441,0.7825739754402272,0.5140375144013802,0.03255009889758309,-0.2359863621412639,False
0.7357448740187645,0.730399026464324,0.7669296570126093,-0.005345847554440564,0.03118478299384475,False
0.8307554113600053,0.7747066603372105,0.773272492061304,-0.05604875102279483,-0.05748291929870131,False
0.8016680945479248,0.8320164026708881,0.8320164026708881,0.030348308122963297,0.030348308122963297,False
0.531034456947306,0.5015585478807032,0.6307681161068959,-0.0294759090666028,0.09973365915958987,False
0.7642198503434281,0.7642198503434281,0.5608221797231119,0.0,-0.20339767062031622,False
0.6250059817871796,0.6250059817871796,0.6131325112850948,0.0,-0.01187347050208476,False
0.5932615978719472,0.554857376413709,0.6401685101664369,-0.038404221458238186,0.04690691229448973,False
0.5189215277815761,0.5545613106580725,0.5545613106580725,0.035639782876496384,0.035639782876496384,False
0.8237659498663287,0.8237659498663287,0.5545613106580725,0.0,-0.2692046392082562,False
0.7913105287482965,0.6849738927152348,0.7157454801271228,-0.10633663603306176,-0.07556504862117375,False
0.5382863738928654,0.5382863738928654,0.5804692926636151,0.0,0.042182918770749755,False
0.7799002420370252,0.7539690948296651,0.6934367549208225,-0.025931147207360117,-0.08646348711620278,False
0.6436638291467348,0.646854874073187,0.5545613106580725,0.003191044926452169,-0.08910251848866235,False
0.7850963570848478,0.7850963570848478,0.7389617100737513,0.0,-0.046134647011096486,False
0.7198239171256323,0.7207167133540392,0.5922781446811853,0.000892796228406878,-0.12754577244444698,False
0.7064934577280592,0.7064934577280592,0.7036020986672511,0.0,-0.002891359060808063,False
0.50345076232979,0.6341438962935739,0.6834400153422184,0.1306931339637839,0.1799892530124284,False
0.6240283695773696,0.6172617738281905,0.5209145483858817,-0.0067665957491791495,-0.10311382119148793,False
0.8017737846097555,0.8017737846097555,0.8017737846097555,0.0,0.0,False
0.8279764152408223,0.8279764152408223,0.6086742094613072,0.0,-0.2193022057795151,False
0.7819663692719115,0.7819663692719115,0.8396053243510152,0.0,0.05763895507910366,False
0.5614792392273564,0.5168374544938226,0.5171684235740144,-0.04464178473353386,-0.04431081565334205,False
0.7497299438246141,0.7497299438246141,0.6932219678988918,0.0,-0.05650797592572232,False
0.6427132886934401,0.6560381146097799,0.6462517128549353,0.013324825916339766,0.0035384241614951906,False
0.5268077142297691,0.5268077142297691,0.5545613106580725,0.0,0.02775359642830333,False
0.6678306502313313,0.6678306502313313,0.6187028800371213,0.0,-0.049127770194209996,False
0.7233827676823394,0.7011621128424113,0.6945323411548306,-0.02222065483992819,-0.0288504265275088,False
0.5502678728973982,0.5519725337632642,0.5545613106580725,0.001704660865865959,0.004293437760674257,False
0.5683979191009438,0.6053169498760078,0.684267931060804,0.03691903077506398,0.11587001195986013,False
0.5545613106580725,0.6188574476420357,0.5545613106580725,0.06429613698396319,0.0,False
0.557417267663378,0.557417267663378,0.5776842096576849,0.0,0.020266941994306897,False
0.8408439605630694,0.8408439605630694,0.8408439605630694,0.0,0.0,False
0.8419104791048007,0.7932399335258947,0.7884070081396117,-0.04867054557890593,-0.053503470965188926,False
0.6133103563688108,0.6133103563688108,0.8607723395414638,0.0,0.247461983172653,False
0.903925680950578,0.8780293469530167,0.9095565364197552,-0.025896333997561305,0.005630855469177187,False
0.5813668915794631,0.5743815962683114,0.5813668915794631,-0.0069852953111516625,0.0,False
0.6729287683226803,0.6227855938417115,0.5545613106580725,-0.05014317448096883,-0.11836745766460788,False
0.843089288823534,0.843089288823534,0.843089288823534,0.0,0.0,False
0.6861742046327989,0.6861742046327989,0.7811063708562058,0.0,0.09493216622340694,False
0.5861812926383492,0.5693661126433714,0.5451525194192518,-0.016815179994977725,-0.04102877321909737,False
0.7319135376657628,0.7319135376657628,0.7902966091878741,0.0,0.05838307152211131,False
0.6617000149244903,0.6538355956351154,0.5986964555707502,-0.007864419289374869,-0.06300355935374002,False
0.5670937784059853,0.5356687105995888,0.6313277530691433,-0.031425067806396534,0.06423397466315806,False
0.6732817104716333,0.6331786347747976,0.5096100907243035,-0.04010307569683569,-0.1636716197473298,False
0.7032090750176668,0.7032090750176668,0.7040092597558281,0.0,0.0008001847381612359,False
0.540356733688716,0.5375219355243759,0.5613712041882013,-0.002834798164340069,0.02101447049948535,False
0.7866698465080163,0.8016537830352005,0.8342173766623431,0.014983936527184216,0.04754753015432678,False
0.6912215958210798,0.6426249076850009,0.6748637649516182,-0.04859668813607887,-0.01635783086946163,False
0.7984679719555079,0.7218954930095006,0.7961693205540405,-0.07657247894600727,-0.0022986514014673443,False
0.6848682462786769,0.6848682462786769,0.6491575874823883,0.0,-0.03571065879628865,False
0.8196138921247524,0.7150716983227582,0.7268311696896005,-0.10454219380199425,-0.09278272243515195,False
0.7593741352561538,0.7037863724089853,0.5866495588406767,-0.05558776284716849,-0.17272457641547712,False
0.8824348964864671,0.889041909135688,0.8564405945756004,0.0066070126492209225,-0.025994301910866713,False
0.5793475172442496,0.5307876625549861,0.5325443479899654,-0.04855985468926349,-0.04680316925428418,False
0.5143963216016043,0.5143963216016043,0.5143963216016043,0.0,0.0,False
0.6542249720723303,0.6227674164688815,0.632636146465696,-0.03145755560344887,-0.021588825606634332,False
0.5992121253764489,0.6110050132995906,0.6704513838394793,0.011792887923141704,0.07123925846303047,False
0.8168139727198599,0.7600308101253697,0.7368642552157253,-0.05678316259449023,-0.0799497175041346,False
0.5970843120661783,0.6076543223167165,0.5970843120661783,0.010570010250538164,0.0,False
0.5954260996478216,0.5915887115088014,0.6036234255761558,-0.003837388139020126,0.00819732592833422,False
0.6758431785670378,0.7022062611926725,0.6630371271386042,0.026363082625634693,-0.012806051428433607,False
0.6484920837530356,0.6531482895395221,0.570359830388315,0.004656205786486511,-0.07813225336472063,False
0.6186126575444212,0.6186126575444212,0.527904238333694,0.0,-0.09070841921072714,False
0.8482148400390893,0.8224562435649192,0.8383997662449554,-0.025758596474170115,-0.009815073794133933,False
0.7980337789036337,0.8084684908459644,0.6986880085798091,0.010434711942330699,-0.09934577032382463,False
0.6876973465174082,0.6876973465174082,0.6876973465174082,0.0,0.0,False
0.8988368442213451,0.8179389797235924,0.8988368442213451,-0.08089786449775271,0.0,False
0.5044409650601325,0.5143699648948272,0.504693800492929,0.009928999834694752,0.00025283543279652765,False
0.7142390843323159,0.6535787000225716,0.7142390843323159,-0.0606603843097443,0.0,False
0.5838940406543527,0.5212840769447199,0.5001298488833998,-0.06260996370963279,-0.08376419177095284,False
0.6987245802426619,0.7076674565571435,0.7076674565571435,0.00894287631448154,0.00894287631448154,False
0.8492866670716723,0.8209519959369579,0.8711825621500419,-0.02833467113471444,0.02189589507836953,False
0.6921733378729953,0.6992697403716925,0.6940598721476496,0.007096402498697252,0.00188653427465435,False
0.5217580750996442,0.5469776648705259,0.5059671012148446,0.02521958977088168,-0.015790973884799664,False
0.5545613106580725,0.5023678742522474,0.5302562060298256,-0.05219343640582508,-0.024305104628246865,False
0.6554457971595566,0.6361749238640654,0.5401122222241787,-0.019270873295491264,-0.11533357493537799,False
0.7127656452144675,0.5332566061534753,0.7061639590326158,-0.17950903906099225,-0.006601686181851751,False
0.7248207782783797,0.7248207782783797,0.7936504423769365,0.0,0.06882966409855684,False
0.9139760568017214,0.9139760568017214,0.5545613106580725,0.0,-0.359414746143649,False
0.6302560301725755,0.7421946498978287,0.6974952198315274,0.11193861972525321,0.06723918965895193,False
0.712516652691604,0.712516652691604,0.52500401716175,0.0,-0.18751263552985398,False
0.5004482248118554,0.5035871232962057,0.553820259053666,0.0031388984843503387,0.053372034241810695,False
0.8247618803512299,0.8247618803512299,0.6917552403538632,0.0,-0.13300663999736673,False
0.5545613106580725,0.5545613106580725,0.5545613106580725,0.0,0.0,False
0.6058739544468756,0.6058739544468756,0.5280670526623493,0.0,-0.07780690178452632,False
0.5671869427849517,0.5366919437151614,0.5671869427849517,-0.030494999069790363,0.0,False
0.7922308916874063,0.7771440023020626,0.6792475049137174,-0.015086889385343749,-0.11298338677368891,False
0.5871247037653516,0.5674980364132567,0.5054263254194067,-0.01962666735209495,-0.08169837834594496,False
0.6048154724614829,0.6254199735963756,0.779225069378502,0.02060450113489265,0.17440959691701907,False
0.8262217308995152,0.7858979665224867,0.5545613106580725,-0.04032376437702856,-0.27166042024144277,False
0.5855713041774506,0.5659577519143757,0.5558504398642494,-0.01961355226307493,-0.0297208643132012,False
0.6136600179607969,0.6441230642019317,0.5303920814322195,0.030463046241134717,-0.08326793652857745,False
0.7438651673271421,0.7438651673271421,0.6209201419715988,0.0,-0.1229450253555433,False
0.5819284575326726,0.5545613106580725,0.5819284575326726,-0.02736714687460018,0.0,False
0.606068795692239,0.5707970907412616,0.5269169383507892,-0.03527170495097742,-0.0791518573414498,False
0.7187476105028274,0.7187476105028274,0.5647590166531109,0.0,-0.15398859384971653,False
0.8333983905256108,0.7521378178909621,0.7374145227677981,-0.0812605726346487,-0.09598386775781276,False
0.7083600369624177,0.7702034981686102,0.7026654817245708,0.06184346120619255,-0.005694555237846899,False
0.6034484757922158,0.6380260652649377,0.6207867574555519,0.034577589472721826,0.017338281663336064,False
0.8097710788415603,0.8164753414574211,0.7262231844874298,0.006704262615860768,-0.08354789435413046,False
0.585213495332122,0.5639721885697958,0.6322391133957822,-0.021241306762326162,0.047025618063660235,False
0.7212551633159853,0.5806438158495892,0.6303909186212506,-0.14061134746639603,-0.09086424469473464,False
0.5031990654250611,0.5962435618918167,0.5962435618918167,0.09304449646675561,0.09304449646675561,False
0.7585265725488768,0.7896520757994339,0.5696809737532861,0.031125503250557074,-0.1888455987955907,False
0.5546286385062476,0.5545613106580725,0.5545613106580725,-6.732784817509163e-05,-6.732784817509163e-05,False
0.5717882820648249,0.5717882820648249,0.5717882820648249,0.0,0.0,False
0.8373682569367276,0.8317117861607661,0.6863827766976272,-0.005656470775961431,-0.1509854802391004,False
0.5930171817773835,0.5930171817773835,0.5242520195382203,0.0,-0.06876516223916318,False
0.6727823026940001,0.6727823026940001,0.6727823026940001,0.0,0.0,False
0.5775841265442953,0.6277103026667499,0.6158583902066488,0.050126176122454624,0.038274263662353536,False
0.8327423856707696,0.8327423856707696,0.6565830059703069,0.0,-0.1761593797004627,False
0.5996588628548872,0.56998280328676,0.5520451173918535,-0.029676059568127244,-0.04761374546303376,False
0.5843121296043092,0.5843121296043092,0.6761817514294719,0.0,0.09186962182516267,False
0.5090613062850885,0.5090613062850885,0.5430476772389723,0.0,0.03398637095388379,False
0.7120773271041839,0.7120773271041839,0.7564027646228126,0.0,0.04432543751862872,False
0.518204425334564,0.5299464991629173,0.6178342734244425,0.011742073828353239,0.09962984808987851,False
0.7632313134287441,0.7680308661899076,0.7632313134287441,0.004799552761163506,0.0,False
0.6990900758018729,0.7012851224504502,0.6644738341474256,0.0021950466485772813,-0.03461624165444732,False
0.5713969812966174,0.6174760667083987,0.6466991439013031,0.046079085411781295,0.0753021626046857,False
0.5331063505140445,0.5044754101780838,0.582971653029532,-0.028630940335960697,0.049865302515487486,False
0.6950501642638105,0.5279636594214259,0.6026406370876521,-0.16708650484238463,-0.09240952717615836,False
0.5607376436653276,0.5607376436653276,0.8306168557417104,0.0,0.26987921207638277,False
0.517827472258756,0.5474698378906963,0.517827472258756,0.029642365631940226,0.0,False
0.5051344329387932,0.5051344329387932,0.5533053270997419,0.0,0.04817089416094866,False
0.6818504333991806,0.5036538775316464,0.6634578203419382,-0.17819655586753425,-0.01839261305724238,False
0.8097688328373533,0.8097688328373533,0.771002350834702,0.0,-0.038766482002651315,False
0.61468740253482,0.61468740253482,0.5545613106580725,0.0,-0.060126091876747556,False
0.5384192297006118,0.5384192297006118,0.5303952868163537,0.0,-0.008023942884258117,False
0.8369879156683985,0.8369879156683985,0.8951356493121104,0.0,0.05814773364371195,False
0.7832270750966595,0.7796271422919917,0.7371066302265566,-0.0035999328046677492,-0.046120444870102806,False
0.5755961301213512,0.5746267792419573,0.514085370095639,-0.000969350879393982,-0.06151076002571221,False
0.5434006335989083,0.5434006335989083,0.5434006335989083,0.0,0.0,False
0.7240540507307988,0.6765238551722662,0.782221021647632,-0.04753019555853255,0.058166970916833205,False
0.5545613106580725,0.5545613106580725,0.5545613106580725,0.0,0.0,False
0.5065499606601784,0.5043193358771552,0.5033744560341318,-0.0022306247830232717,-0.0031755046260466546,False
0.6799031100412603,0.6493878224061629,0.6493878224061629,-0.030515287635097366,-0.030515287635097366,False
0.5778135334688365,0.5780436906692094,0.5207576376071796,0.00023015720037289356,-0.057055895861656825,False
0.7504832337360573,0.7504832337360573,0.5545613106580725,0.0,-0.19592192307798484,False
0.7454270015758939,0.656860800883152,0.5571081490895615,-0.0885662006927419,-0.1883188524863324,False
0.7031904689434363,0.5983710438778975,0.6629293601640405,-0.10481942506553876,-0.040261108779395816,False
0.6367818102780403,0.6169064195926144,0.627489515847421,-0.019875390685425876,-0.009292294430619297,False
0.8842787292527268,0.8353715470158735,0.7827369994162126,-0.04890718223685331,-0.10154172983651422,False
0.680321072403367,0.680321072403367,0.6962484848277802,0.0,0.0159274124244132,False
0.7287732726006572,0.521728211579394,0.521728211579394,-0.2070450610212632,-0.2070450610212632,False
0.75475499294175,0.6421446183922451,0.5246155513891034,-0.11261037454950484,-0.23013944155264654,False
0.5550709153732569,0.5550709153732569,0.5221397280537183,0.0,-0.03293118731953859,False
0.5636135117385928,0.5525617209479926,0.521723872652946,-0.011051790790600147,-0.0418896390856468,False
0.6075982461571627,0.6075982461571627,0.6343303526543359,0.0,0.02673210649717317,False
