Model,Condition,Accuracy,Balanced Accuracy,Macro-F1,Macro Precision,Macro Recall,Mean Confidence,Prediction Flip Rate
MuRIL,original,0.63,0.6319187268541687,0.6292492296901225,0.6337256493506493,0.6319187268541687,0.5668253683118846,0.0
XLM-R,original,0.7875,0.7893354018616755,0.7872007510561727,0.7922975808286357,0.7893354018616755,0.7309813256357468,0.0
MuRIL,romanized,0.49,0.5047793013712342,0.3393728900007286,0.6603694374475231,0.5047793013712342,0.5575187226926022,0.4325
XLM-R,romanized,0.67125,0.6775222700430388,0.6591050860419412,0.7126792124768607,0.6775222700430388,0.6880112904646478,0.19625
MuRIL,telugu_script,0.51625,0.5012886597938144,0.3427853926836051,0.7578222778473092,0.5012886597938144,0.5606725587419094,0.55875
XLM-R,telugu_script,0.73375,0.7367005304774297,0.7321929530913326,0.7446353873706124,0.7367005304774297,0.717844180782802,0.11875
MuRIL,mixed_script,0.53125,0.5217821038935041,0.4734763722522048,0.5362742340427749,0.5217821038935041,0.5211147420471036,0.55375
XLM-R,mixed_script,0.74125,0.745033029726754,0.7384344925297459,0.7594469282993873,0.745033029726754,0.7020857927004118,0.11125
MuRIL,mild_noise,0.48625,0.5010634571114003,0.3334833401241813,0.5427672955974843,0.5010634571114003,0.5590573413366584,0.43625
XLM-R,mild_noise,0.75625,0.7599714743268942,0.7537252995158177,0.7745802802756507,0.7599714743268942,0.7153849961594352,0.08875
MuRIL,severe_noise,0.485,0.4999249324391953,0.3287223729338254,0.4924812030075188,0.4999249324391953,0.5630027058384663,0.4375
XLM-R,severe_noise,0.71875,0.7243143829446501,0.711000756214688,0.756952655301646,0.7243143829446501,0.7005569090220343,0.17125
