Shift,Original_Text,True_Label,Original_Prediction,Shifted_Prediction,Observed_Change
Original → Mild,"Amit Shaw ki slippers vesthu bathukuthunnadu, telugu vaari gowravaanni gujarat gadidhala dhaggara thaakattu pettesthunnadu..",hate,non-hate,hate,Prediction Flip
Original → Mild,మీ ఇద్దరి వల్ల తెలంగాణ జనాలకి ఏమన్న ఉపయోగం ఉందా చెప్పు,non-hate,hate,non-hate,Prediction Flip
Original → Mild,​trs party lo telangana kosam poradina valle unnara poratam ki vyatirekam ga unnollani ministers ala chesinaru..gurivinda ginja ki kinda unna macha kanapadadu,non-hate,hate,non-hate,Prediction Flip
Original → Mild,Title leak ayithe entiii leak avakapothe entiii....maku enti yee golaaa....title entooo mee build up entooo,hate,hate,non-hate,Prediction Flip
Original → Mild,Die hard fan frm Kerala  Nenu choosina pedha actor uh Tollywood lo Pawan Garuu,non-hate,hate,non-hate,Prediction Flip
Original → Mild,"వాళ్లు ఈ జీవితం లో కూడ ఫలక్నామ ప్యాలస్ లో బోజనం చేసివుండకపోదురు,నువ్వు గ్రేట్ బ్రో",non-hate,non-hate,hate,Prediction Flip
Original → Mild,Ede antha fack news,non-hate,hate,non-hate,Prediction Flip
Original → Mild,Allu aravind garilo manchi actor vunnaru hilarious,non-hate,non-hate,hate,Prediction Flip
Original → Mild,అరటి బొదలు అనంగా విన్నాను. ఇప్పుడు శ్రీముఖివి చూశాను.,hate,non-hate,hate,Prediction Flip
Original → Mild,ప్రభాస్ గారు అనుష్క గారు మీరు తొందరగా పెళ్లి చేసుకోండి,non-hate,non-hate,hate,Prediction Flip
Original → Severe,Waste gadu Natraj is very bad behaviour,hate,hate,non-hate,Prediction Flip
Original → Severe,ప్రతి సీన్... ప్రతీ షాట్....మతి పోతుంది లోపల awesome,non-hate,non-hate,hate,Prediction Flip
Original → Severe,Janabha.peregutunaru.vupadhe.udhyogalu.karuve.vundhe.,non-hate,non-hate,hate,Prediction Flip
Original → Severe,Yadava Veshalu taginchukunte Baguntadi,hate,hate,non-hate,Prediction Flip
Original → Severe,ప్రతిపక్షాలు సామాన్యుడిని ఎదగనివ్వరు పేద ప్రజలకి ఇల్లులు కడుతుంటే ఇప్పుడు వాళ్లు వచ్చి ఎలా కడుతున్నారు చూస్తారట ంగా ఉంది అతని నుంచి పేద ప్రజలకి ఇళ్ల పట్టాలు పంపిణీ చేయడానికి వీలు లేదంటూ ఆయన స్టేజెస్ కూర్చున్నాడు అంటే ఇతను కంపు చేయడానికి ప్రయత్నించేస్తున్నాడు జగనన్న లబ్ధిదారులు ఇటువంటివి జరిగినప్పుడు బయటకు వచ్చి మీ తాలూకా మనసులో ఉండే మాటను వాళ్లకి తెలియపరచండి,non-hate,non-hate,hate,Prediction Flip
Original → Severe,priyanka arul mohan gudda chaala sexy vuntadhi dani panga chachi dengali,hate,hate,non-hate,Prediction Flip
Original → Severe,Nuvvo moddaganivi andhuke aapesnav,hate,non-hate,hate,Prediction Flip
Original → Severe,amarica andatho madam perigi kotukuntundi urikine,hate,non-hate,hate,Prediction Flip
Original → Severe,Veedu aadi gaadu maaradu veediki stage cleaning pani ivvandi,hate,hate,non-hate,Prediction Flip
Original → Severe,"Intaki Rahul evadabba, sir indirect ga Congress Rahul Gandhi ki hint istunda kalsipodamani",non-hate,hate,non-hate,Prediction Flip
