Threshold,Original_Coverage,Original_Risk,Mild_Coverage,Mild_Risk,Severe_Coverage,Severe_Risk
0.5,1.0,0.26875,1.0,0.2875,1.0,0.3075
0.55,0.85125,0.23494860499265785,0.82875,0.2594268476621418,0.83125,0.2646616541353383
0.6000000000000001,0.6625,0.19811320754716982,0.6225,0.21686746987951808,0.58125,0.22795698924731184
0.6500000000000001,0.5275,0.14218009478672985,0.4775,0.16230366492146597,0.4075,0.19325153374233128
0.7000000000000002,0.38125,0.11475409836065574,0.33875,0.13284132841328414,0.26625,0.14084507042253522
0.7500000000000002,0.25625,0.08780487804878048,0.2125,0.08823529411764706,0.175,0.1357142857142857
0.8000000000000003,0.145,0.05172413793103448,0.11,0.03409090909090909,0.09375,0.13333333333333333
0.8500000000000003,0.07,0.017857142857142856,0.055,0.022727272727272728,0.0425,0.08823529411764706
0.9000000000000004,0.0175,0.07142857142857142,0.0175,0.07142857142857142,0.0125,0.2
0.9500000000000004,0.0,,0.0,,0.0,
