Threshold,Coverage,Risk,Accepted,Abstained
0.5,1.0,0.73125,800,0
0.55,0.85125,0.7650513950073421,681,119
0.6000000000000001,0.6625,0.8018867924528302,530,270
0.6500000000000001,0.5275,0.8578199052132701,422,378
0.7000000000000002,0.38125,0.8852459016393442,305,495
0.7500000000000002,0.25625,0.9121951219512195,205,595
0.8000000000000003,0.145,0.9482758620689655,116,684
0.8500000000000003,0.07,0.9821428571428571,56,744
0.9000000000000004,0.0175,0.9285714285714286,14,786
0.9500000000000004,0.0,,0,800
