id,original_text,label
0,స్త్రీలను వీధిలోకి లగకంది పవన్ గారు చూస్తే ఆయనకి పార్టీ కి చెడ్డ పేరు వస్తుంది,non-hate
1,Gudha paguldegale,hate
2,Nijanga ilanti extraordinary persons untaru,non-hate
3,నాకు ఇంటర్నెట్ మొబైల్ డేటా లేదు అండి ఇందులోనుంచి డబ్బులు వస్తే ఏపించుకుందాం అని చూస్తున్న... మాములుగా లేదు అనుదీప్ గారి పంచెస్,non-hate
4,AP ki manchi rojulu vasthundhi,non-hate
5,Ayithe life politician kavali ra Babu.,non-hate
6,KTR:Nannu erri puk cheshavu gah kadhara revanth,hate
7,Youtube vedios konni follow ayyedhanni tharwatha BB house lo koncham negitive feel ayya ippudu chustunte badha anipistundhi very good dancer All the Best for your future Shanmukh 💐,non-hate
8,Recharge aipothey data ela vastadhi ra erri puka,hate
9,vadu donga nuuv yadava,hate
10,సంస్కారవంతమైన కుటుంబం,non-hate
11,ప్రజా సమస్యల పరిష్కారంపై దృష్టి పెట్టండి,non-hate
12,Waste gadu Natraj is very bad behaviour,hate
13,Kanisam okka wicket kooda teeyaledu waste galu,hate
14,"Amit Shaw ki slippers vesthu bathukuthunnadu, telugu vaari gowravaanni gujarat gadidhala dhaggara thaakattu pettesthunnadu..",hate
15,jihah khan sucide ki karanam sooraj altanchdi sulli bhai mafia support free vare ammailtho dengithunaru,hate
16,"Police vallu cheppindi antha nijamena, poorthi enquiry ayina tharavatha nuvvu vallanu criminals Ani cheppu brother.",non-hate
17,ప్రతి సీన్... ప్రతీ షాట్....మతి పోతుంది లోపల awesome,non-hate
18,Janabha.peregutunaru.vupadhe.udhyogalu.karuve.vundhe.,non-hate
19,మళ్ళీ మళ్ళీ రిపీట్ చేస్తూ చూస్తున్న వాళ్లు ఎంతమంది ఉన్నారు...️,non-hate
20,entha cute couple abbaa..!!,non-hate
21,Allu Arjun cinema ki pranam esatadu,non-hate
22,తెలివిగలవాళ్లని అనుకుంటాంగానీ కాదు అదృష్టం ఏమూలో ఏడుస్తుంది ఇట్లాంటి  వాళ్ళకి. జనాలతో తిట్టించుకుంటే కాని నిద్ర పట్టదు,hate
23,కడిగేయండి మీరు సమాజాన్ని!  నాకు బాధగానే ఉంది గురువుగారు.,non-hate
24,"God bless your relation madam, జై సుధీర్ అన్న",non-hate
25,Ammai ni pattukoni kavalissindhi konuko ani anta vurukuntunda,hate
26,"శుక్రవారం శుక్రవారం స్టేషన్ కి వచ్చి సంతకం
పెట్టు",non-hate
27,ఎందరో  మహాను బావులు  వుంటారు వాళ్లు ఊరికెనే ఉండరు,non-hate
28,Nuv annantha mathrana Harsha Sai midha abimanam thaggadu ra,hate
29,నీతి నిజాయితీ లకు మారు పేరుగా నిలిచిన వ్యక్తి ఆళ్ళ రామకృష్ణారెడ్డి. అమరావతి రైతులకోసం నిజమైన పోరాటం చేసిన వ్యక్తి. ఆయన పదికాలాలపాటు చల్లగా ఉండాలి.,non-hate
30,వచ్చిందయ్యా మహా పతివ్రత.... అనసూయ అంటేనే నిలువెల్లా బూతు..... ఈమె చెబుతుంది నీతులు... తూ..... సిగ్గుమాలిన జన్మ,hate
31,Vedoka pulkagadu vinikanna Prakash Raj better,hate
32,Na modda la expressions,hate
33,Arey ni bondha ra chetha na kodaka,hate
34,Vediki Gudda baga balisindi anukunta..Balayya babu meeda jokes endukura ep,hate
35,Veelu vedi over action,hate
36,ఏముంది పదవికోసం గుధ్ధ కూడా నాకేస్తారు ఈ రాజకీయ రాబందులు,non-hate
37,Yadava Veshalu taginchukunte Baguntadi,hate
38,ప్రతిపక్షాలు సామాన్యుడిని ఎదగనివ్వరు పేద ప్రజలకి ఇల్లులు కడుతుంటే ఇప్పుడు వాళ్లు వచ్చి ఎలా కడుతున్నారు చూస్తారట ంగా ఉంది అతని నుంచి పేద ప్రజలకి ఇళ్ల పట్టాలు పంపిణీ చేయడానికి వీలు లేదంటూ ఆయన స్టేజెస్ కూర్చున్నాడు అంటే ఇతను కంపు చేయడానికి ప్రయత్నించేస్తున్నాడు జగనన్న లబ్ధిదారులు ఇటువంటివి జరిగినప్పుడు బయటకు వచ్చి మీ తాలూకా మనసులో ఉండే మాటను వాళ్లకి తెలియపరచండి,non-hate
39,Ore ni veshalu api pani chusko,hate
40,priyanka arul mohan gudda chaala sexy vuntadhi dani panga chachi dengali,hate
41,Devudimida jokulu vesina avamanichina chala nasta potaru vinayakudito pettukokuda power full god,non-hate
42,Nuvvo moddaganivi andhuke aapesnav,hate
43,amarica andatho madam perigi kotukuntundi urikine,hate
44,చాలా మంచి మూవీ అన్న ...మీరు రియాక్ట్ అవుతావ్ అనుకున్న అన్న ..నువ్వు సూపర్ లాయర్ అన్న,non-hate
45,Idi RTC Conducter ha leka Inka bustand lo emaina chesinda,hate
46,Krittika Garu Vadine Chepu tho Kothandi Live Lo....,hate
47,ఇంక ఆపుర నాయనా... అక్కడ చూయించు...,hate
48,మీ ఫ్యామిలీ లో నాకు నచ్చింది నువ్వు అన్న.. కరెక్ట్ గా మాట్లాడుతావ్..,non-hate
49,Suma garu koncham thagichuko,hate
50,Orey adhiga guddha mue,hate
51,"Orey  jaffa bul bul,go and buffalo muddilo paduko",hate
52,Hanu raghavapudi love story ante super immersive ga untadi,non-hate
53,chillar party lu Anne okkatyna modi ji ni next pm modi ji yogi baba ni,hate
54,Jayamu jayamu chandranna jayamu neeku chandranna,non-hate
55,Aaku puuku theliyandhi kuda judge aipoindhi,hate
56,SHOES  Amithsha modi kinda Oodigam chey..,hate
57,​raani pramadam raani no problem.. next tym bjp ki vote veyandi telangana prajalara,non-hate
58,Ee madya kaalamlo vochina films lo naaku idhi baaga nachindi,non-hate
59,"Evidence unna mla kodukuni arrest cheyaledhu, police lu ki dammu ledhu",hate
60,Veedu aadi gaadu maaradu veediki stage cleaning pani ivvandi,hate
61,E movie Gurinchi okkadu negative ga matladina vaadu terrorist ayyi undali..,non-hate
62,Kaasta అమ్మ నన్న పైన ప్రేమ కలిగి vundandi bro,non-hate
63,Kulaaa pechhe fuuga undeanana,hate
64,Are Babu niku endukura,hate
65,"Intaki Rahul evadabba, sir indirect ga Congress Rahul Gandhi ki hint istunda kalsipodamani",non-hate
66,"This should be  a good lesson for youngsters.  Moral is "" జీవితం లో గెలుపుకి బందు మిత్రులు ఎక్క్కువ, కాని ఓటమి ఎప్పుడు అనాదే""",non-hate
67,Vaddu Bangaram nuvvu happy ga vundali,non-hate
68,"kani, ekkuva cheste alasata, weakness, body peragaka povadam, teenage lo tarvata kuda face paina gaddalu pimples ravadam nijam...better keep it two-three times a week..get busy and focus on your studies and career guys.",non-hate
69,Chempa pagilddemo,hate
70,వాడి అసలు రూపం అదే  ఎవరిని ఎప్పుడు వాడుకుని వదిలేయాలో వాడి కంటే ఏ రాజకీయ నాయకుడికి తెలియదు,non-hate
71,మీ ఇద్దరి వల్ల తెలంగాణ జనాలకి ఏమన్న ఉపయోగం ఉందా చెప్పు,non-hate
72,asla murmu president ela ayindhi india parvu poyindhi ni karra mokham eskoni,hate
73,Etuvanti interviews kadhaa manaki kavalsinavi,non-hate
74,శర్మ గారు చెప్పిన ది నిజమా అబద్దమా అని చెప్పే ధైర్యం వీళ్లకు లేదు,non-hate
75,nani anna meru great,non-hate
76,నువ్వు తెరాస పార్టీ ..ఉంపుడు గత్తేనె కదా రా నువ్వు,non-hate
77,మేడం కు ఉక్క పోస్తునట్టుంది సంకలో బాడీ వేసుకుంది,hate
78,ప్రపంచంలో అతిపెద్ద అవినీతి పార్టీ టిఅర్ యస్ కెసిఆర్,hate
79,ఇలాంటి సెలబ్రిటీలు ఇలా షోష్ కు రావాలి sir,non-hate
80,"Arey Babu Memu chinnappati nunchi chiru fans, pls don't hurt us, first chiru next evarina maaku",non-hate
81,"eii yevudra veedu, andanga vunnav antunnadu, akka antunnadu",non-hate
82,arey shankar ga nvvu kcr sanka nakaku ra,non-hate
83,ఎవడి స్టైల్ వాడిది... దేవరకొండ స్టైల్ దేవరకొండ ది అంతే ఇంట్లో తప్పేముంది... వినిపిస్తుంది చెప్పనా.,non-hate
84,పవన్ కళ్యాణ్ గారు   తమ్ముడు.... మోహన్ బాబు అనే సరికి  అన్నయ్య చిరంజీవి గారు చిన్నపిల్లోడిలా నవ్వుతుంటే ఎంత ఎంత అందగా ఉన్నాడో అన్నయ్య,non-hate
85,Veedu am pikaledu ani telusu,hate
86,"Nenu vunnanu,nenu vinnanu,nenu chusanu.... all are eligible for the Oscar level performance",non-hate
87,పోన్లే పాపం కష్టపడ్డదానికి కొంచెం అయిన ప్రతిఫలం దక్కింది …. కళ్ళు నెత్తికెక్కించుకోకుండా ఒదిగి ఉంటే మంచి Future ఉండొచ్చు,non-hate
88,rgv gadu canipovali vadi chettabandi ayina chestha,hate
89,Papam bhayya babi ki potta abbam ga vundhi,non-hate
90,Chala ibandi pettavu anna Nuvvu maa Chiru garini,hate
91,సూపర్ rk గారు చాలా మంచి ప్రోగ్రాం,non-hate
92,భారత దేశంలో పాలన చేతకాని సీఎం పాలన చేత కాక వేరే వాళ్ళని విమర్శించే ఏకైక సీఎం మన బతాల పోషెటి,non-hate
93,e rashtraniki jarige prathi anyayam gurinchi niswardhanga matlade ekaika vyakti meere saar,non-hate
94,ananaya panadey vi nimma dabbalu lanti payalu,hate
95,chetha ra babu  NTV,hate
96,Hi ra T.R.S. kukka…,hate
97,Fans ki respect Ivvslira arye ntira,hate
98,"first aa ammai family ki security ivvandi.., night night emaina jaragochu...",non-hate
99,మీలాంటి వారు వుంటే ఆడపిల్లలకు చాలా ధర్మం జరుగుతుంది సార్,non-hate
100,Ayanni okasari kodithey meeru laksha sarlu chupisthunnaru emkavali meeku,hate
101,Thank you RRR TDP ki bratkinchadamulo mi krushi marvalenidi CBN gariku,non-hate
102,గుధ్ధ బలిసి కొట్టుకుంటున్నవే,hate
103,inkaa saavaledhu le vaadu baane sacchaadu yedhavakanipisthoone vundhigaa,hate
104,"Manaki  ibbandi ochinappudu koncham  sahinchatam
Kastam ochinappudu koncham bharinchadam
 Anandham vachinappudu koncham panchadam",non-hate
105,​trs party lo telangana kosam poradina valle unnara poratam ki vyatirekam ga unnollani ministers ala chesinaru..gurivinda ginja ki kinda unna macha kanapadadu,non-hate
106,Mahesh anna… disappointed with this movie..next movie hit avvali…,non-hate
107,"Jagan ni poguthunnava, leka mingutunnava...indirect ga jagan secret lu ani cheptunnav.",hate
108,Samudramlo alalu aagavu Harsha Anna ki anna meeda prema chavadi,non-hate
109,lanja puk managment valla ma warner mamali vadi velipoyaru,hate
110,ఫస్ట్ నీతులు చెప్పావు కదా డబ్బు వద్దని ఇప్పుడు ఎందుకు తీసుకోమంటున్నావ్..,hate
111,సూపర్ అన్న నీ వీడియోస్ నీ మాటలు అంటే నాకు చాలా ఇష్టం అందుకే నీ ఛానల్ సబ్స్క్రైబ్,non-hate
112,"BJP TRS iddaru dosthlu le , bayatiki ivanni dramalu",non-hate
113,మంగ్లీ పాడిన పాటలు అన్నీ ఒకేలాగనే అనిపిస్తున్నాయి పెద్ద డిఫరెంట్ ఏమీ లేదు,hate
114,Yem matladuthunnav ra? Naralu kattai poiniy Neeku lekkalenduku ra ayya? Weekend politician,hate
115,మీరు చరిత్రలో నీలుస్తరు బ్రో Hand's off to Your help full to poor people.,non-hate
116,Smile chudanidhe venakki thaggavu bro nuvvu,non-hate
117,Pichola gurinchi vinadame gane direct ga epudu e video lo chustuna ...,non-hate
118,rechipothunnaru adhikaram lo unnaru ani ahamkara dhorani,hate
119,Title leak ayithe entiii leak avakapothe entiii....maku enti yee golaaa....title entooo mee build up entooo,hate
120,Die hard fan frm Kerala  Nenu choosina pedha actor uh Tollywood lo Pawan Garuu,non-hate
121,Naa drustilo pspk garu Devudu,non-hate
122,ముందు రాజా సింగ్ ను కాపాడండి అప్పుడే మీ పార్టీపై ప్రజల్లో నమ్మకం ఏర్పడుతుంది,non-hate
123,పోయే కాలం దగ్గర పడింది దేనికి,hate
124,"Yerri paapalam manam , samanya prajalu",hate
125,"Dr YNM
1 month ago
ఇందులో మనం పెద్దగా ఆలోచించాల్సిన అవసరం లేదు. అంతా కాలం మహిమ.ఏదో ఒకరోజు కాలం ఆయనకు ఇవ్వవలసిన గిఫ్ట్ తప్పకుండా ఇస్తుంది. చేసిన కర్మలు అనుభవించక తప్పదు.. సోనియా గాంధీ అయినా, మోదీ అయినా, చంద్రబాబు నాయుడు అయినా, జగన్ అయినా.. కాలం అంతే..",non-hate
126,తట్టా బుట్టా సర్దుకొని రెడీ గుండు జగన్ రెడ్డి టైం అయిపోయింది,hate
127,Jagan eppatiki CM avvaledu raasi pettukoo....ha ....,hate
128,"Mega star ane person , definitely evadu oppukunna oppukokapoyinaa inspiration to many people long live sir",non-hate
129,జారిపోతానయి..కొంచెం గట్టిగా ముడి వేయి,hate
130,తాగ్గి వాగుతుంది పాప ఈమె చిలకలూరపేటలో రికార్డింగ్ డాన్స్రు,non-hate
131,"Nattu ga , neku manishiki undalsina lakshanam okkati kooda ledhu kadha ra.",hate
132,ap lo road la ki aa dikku ledh malla metro endhi mawa,hate
133,Yedichav le copy cat veshalu nuvvu,hate
134,"వాళ్లు ఈ జీవితం లో కూడ ఫలక్నామ ప్యాలస్ లో బోజనం చేసివుండకపోదురు,నువ్వు గ్రేట్ బ్రో",non-hate
135,Ede antha fack news,non-hate
136,"చాలా బాగా explain చేశారు బ్రదర్. Small correction మూలాధార, ఆజ్ఞ చక్ర, సహస్రార",non-hate
137,Allu aravind garilo manchi actor vunnaru hilarious,non-hate
138,ee kalam ammailu ki dabbuli vunte chaalu anukuntaru,non-hate
139,Rahul dravid vadi moddalo selection  asla chahal hi endhuku tesukole,hate
140,జనం. కూడా. మారిపోతే.  చాలా బాగున్ను కదా,non-hate
141,పూరి చూస్తే చాలా బాధ గా ఉంది ...ఒక్క మంచి డైరెక్టర్ ఇలాంటి మూవీస్ తియ్యడం ఏంటి ...i love you పూరి sir... వేరే హీరో తో మూవీ తియ్యి Anna,non-hate
142,pedavallaku apadha vasthe ventene velli sahayam chese goppa leaders komatireddy brother's  dammunna leader rajanna ma balam ma dhairyam ma pranam komatireddy brothers,non-hate
143,Aada Paduchula Usuru thagili Yellow party nasanam kavali.,non-hate
144,jagan amma vadi dabbulu pettali nanna gudda lo nunchi leppali,hate
145,ప్రతి పాట అరపు ఎక్కువగా ఉంటుంది ఎందుకో అన్ని పాటలు ఒకేలా ఉన్నాయి.,non-hate
146,పూరి sir liger movie black baster మీకు all the best sir,non-hate
147,Mamulu ga evvaledhu ga anchor anna,non-hate
148,అరటి బొదలు అనంగా విన్నాను. ఇప్పుడు శ్రీముఖివి చూశాను.,hate
149,ఇదీ ఒక ప్లాన్ ప్రకారం జరిగినట్టు ఉంది భలే సీన్,non-hate
150,Kcr bsp valu enni eastunaru month ki Nek,non-hate
151,Abbo iragadesindi song vere level,non-hate
152,bro delete cheyakapothey ma fans ninnu degenutharu,hate
153,ఇంత కరువులో ఉన్నరేంటిరా.,hate
154,Vinayaka chavithi subhakanshalu Harsha sai,non-hate
155,A B N  MD రాధాకృష్ణ గారి కి  చుక్కలు చూపించిన   ''K A పాల్ గారు'' మీరు సూపర్ సార్ నీ మాటల్లో నిజాయితీ కల్పిస్తుంది..,non-hate
156,Avinash మంచోడు బ్రో episode mottham choodu just నాగబాబు అనమని చెప్పాడు అంటా బ్రో episode lo...,non-hate
157,Pastors అందరికీ ఒక మనవి.దయచేసి ఈ విధమైన debates వెళ్ళి Christianity కీ ఉన్న విలువ తగ్గించవదు.,hate
158,Pichi pattinattundi peekey ki. A P arachekam jaragabothundhi ani anipistundhi naku,hate
159,ఇలా చేస్తే దేశం పరువు పోతుంది దయ చేసి దేశం పరువు తీయదు,non-hate
160,మంచి ఆన్సర్ ఇచ్చారు బ్రో,non-hate
161,JD garu mee lanti Genuine persons Pavan gariki support ga unte baguntundi sir,non-hate
162,ఎంత ముద్దుగుందో చాలా బాగున్నావ్ బంగారం,non-hate
163,Nuvu Am speaker ra babu,hate
164,ఎంతమంది డ్యాన్స్ మాస్టర్ లు వచ్చినా ప్రభుదేవా మాస్టర్ లాగా వేయలేరు,hate
165,DNR still old school...  Kalam tho Marakapote evaru aina kala gharbham lo kalisipotaru.,hate
166,ప్రభాస్ గారు అనుష్క గారు మీరు తొందరగా పెళ్లి చేసుకోండి,non-hate
167,కొంచెంకూడ హీరో అనే పొగరు లేదు గ్రేట్ సార్ మీరు,non-hate
168,Nani inkosari pk speech chudu ... Sollu kakunda raise chesina points gurinchi matladu... Sannasivenuv no doubt,hate
169,mohan babu oppukunna oppukokapoyina chiranjeevi peddankanni vachchina gouravam m taggipodu,hate
170,Atlunttadhi palanadu thitlantte sarrigga deggutam,hate
171,Sontha Peru meda registration chey leka piyadu,hate
172,"Hi harsha....happy vinayaka chavithi,  life long nuv happy ga undalani............aa devunni korukuntunna sai......may god bless u  harsha.",non-hate
173,సార్ కెసిఆర్ గారు విషయాలను పూసగుచ్చినట్లు చెప్తున్నారు మాధవ రెడ్డి నయీమ్ ల సంబంధించిన వివరంగా మాట్లాడడానికి ఇబ్బంది పడుతున్నారు మీరు కూడా హండ్రెడ్ పర్సెంట్  ఫేక్,hate
174,"Maatalu jagratha rooja .alaga janam ,kodukulu antunnavv mari antha gb voddu",hate
175,jani anna RC annatho kalisi hero ga cheste choodaalani vundhi,non-hate
176,జగన్మోహన్ రెడ్డి వల్ల పిల్లలు బాగా చూసుకున్నాడు అని యాంకర్ వాగు తోంది వాళ్ళ పిల్లల్ని కాక నీ పిల్లలు బాగా చూసుకుంటారు,hate
177,"ఆపరా.... నువ్వు ఒక అమ్మాయి తో నీచంగా వ్యవహరించి, వెనక నుంచి గట్టిగా పట్టుకుందా మనుకున్నా అని నీ character lose చేసుకున్నావ్... ఎవడెం చేస్తాడు?",hate
178,Ni moham ante kada,hate
179,ni news ni over action ki dandam ra babu,non-hate
180,అన్నా కాస్త జాగ్రత్త... వాళ్లే అనుకోని లోపల  నుండి దేంతోనన్న విసిరేరు... కాస్త గ్యాప్ ఇచ్చి పోతండే... Love you Anna... నీ కష్టం వృధా కాదు,non-hate
181,ఈ ప్రోమో చూసినంత సేపు నా మొహంలో చిరునవ్వు ఆగలేదు.,non-hate
182,Vizag News reporter overaction chestunadu,hate
183,మీ నడుము కేక ఆంటీ,hate
184,కళ్ళల్లో నుంచి కామం కారిపోతుంది,hate
185,ఆదర్శమైన పొలిటికల్ లీడర్ అయితే రాజకీయ సన్యాసం తీసుకుంటనని చెప్పారు. ఏమైంది,non-hate
186,జై జనసేన మన పార్టీ గెలవాలని మనస్పూర్తిగా కోరుకుంటున్న,non-hate
187,దేశానికి పనికొచ్చే ఇటువంటి వారు నొప్పి లేకుండానే ప్రాణాలను వదులుతారు,non-hate
188,Good అండి గీత కృష్ణ గారూ మంచి. ఇంటర్వ్యు,non-hate
189,Pichi hospital lo join avara ayomayam,hate
190,​BJP lo seat kosam baga chesav le stunt,hate
191,రౌడీ టిడిపి,hate
192,"అవసరం అయినప్పుడు ప్రాణాలు కి తెగించి పోరాడుతారు మన ఆంద్రప్రదేశ్ పోలీసులు, ఫారెస్ట్ ఆఫీసర్స్. గ్రేట్",non-hate
193,He is genuine person అందుకే లోకల్ చిల్లర నాయకులు అంతా కలిసి వాడిని టార్గెట్ చేశారు,non-hate
194,కార్తికేయన్ 2 Congratulations ఫర్ బిగ్ రెస్పాన్స్ ఫ్రమ్ పవన్ కళ్యాణ్ అన్న,non-hate
195,Vedhavalu Vedhavalu anni chotla vunnaru..inka janalani yedipinchadam tappa,hate
196,చంద్రబాబు శివుడు లాంటి వాడు.. విషాన్ని కూడా తనలోకి తీసుకుంటాడు...ఇక ఇలాంటివి ఒక లెక్కే కాదు..,non-hate
197,jai rgv jai puri,non-hate
198,సోదరులు ఎంత గొడవ ఉన్న ఎవడన్నా తమ్ముడిని ఏమన్నా అంటే రక్తం ఊరుకోదు. అలాగే భారతీయులు కూడా ఉండాలని గొప్పగా చూపించిన రాజమౌళి గారికి ధన్యవాదాలు,non-hate
199,"తెలంగాణ ఉద్యమ గీతాల నుండి, మాస్ గీతాల మీదికి రూట్ మార్చిన మంగ్లీ",non-hate
200,Exams lo vundey vallani invigilators antaru adi kuda teleedhu Veeedu minister chesadu.... karmara babu chi.... Thuppas na kodaka,hate
201,pk inka ka pauk ap lo jokers,hate
202,తెలుగు బాయ్ ఫ్రెండ్ కావాలీ,hate
203,Bochu pikanddii,hate
204,దీనమ్మ దీని కి ఇంకా ఏం పనిలేదా..,hate
205,Em kanapadathunnayi bokka,hate
206,Manu garu meru involve avvakandi chala chiraku ga vuntundhi,hate
207,Konda gani over action kompamunchindi,hate
208,రమణ గారు సూపర్ గా పాడేరు మళ్లి మళ్లి వినాలి అనిపిస్తుంది మీకు అ దేవుడు ఇంక మంచి స్తాయిలో వుంచాలి అని కోరుకుంటాను,non-hate
209,Aaa Voice lo unna rajasa yogame vere level Jai Prabhas Anna,non-hate
210,"Jetla
​INDIA ni developed cheyadam evarivalla kadani thelisipoindi prajalaki.....unnodi inka unnntha lenodiki inka lenantha....life tho brathakali thappadu",non-hate
211,Anna super bro,non-hate
212,Self dabba yekkuva indhi Nagababu nevu ne bussu lu thoo,hate
213,teenmmar mallana kcr cheppu nakutadhu,hate
214,Veelu chesadi gymnastics malla vale dhani dance anukuntaru,hate
215,పెద్ద పీఠాధిపతి లాగా అందరికి ఆశీర్వాదం ఇస్తున్నాడుగా,hate
216,వాడు ఏదో జోక్ చేస్తే అది నువ్వు నమ్మడమే నా,non-hate
217,Pspk vachi photo dhigudham antey aa excitement ey veru adhi clear ga nivetha face lo kanipisthunadhi,non-hate
218,RGV effect valla Puri cinemalu anni dobbayi.,hate
219,ఇలాంటి వీడియోస్ చేస్తుంటే మీ ఫ్యామిలీ లో ఆడవాళ్లు గుర్తుకు వస్తలేరా రా..బ్లూ బ్యాచ్ గా.. దాన్ని తన్నాలి ఫస్ట్ ఈలాంటి వీడియో కీ ఒప్పుకున్నందుకు,hate
220,గుండెల పైన కాదు గుండె లోపల వున్నారు సర్ మీరు,non-hate
221,మాములుగా లేదు ట్విస్ట్ సూపర్ అహ కెవ్వు కేక,non-hate
222,ఇలా ఏమి లేకుండా ఉన్న ఏకైక నాయకుడు... Apj abdul kalam gaaru మాత్రమే,non-hate
223,yogi baba ram rahim sistudu edharu adava vallaki respect eyyaru edharu pedha langa gallu,hate
224,గాడ్ బ్లెస్స్ యు సమంత సిస్టర్,non-hate
225,ఇటువంటి కథలు పడ్తానే ధిక్కు లేకుండా పోయింది,non-hate
226,మీకు వంద నమస్కారాలు రా బాబు,non-hate
227,Ravi anna oudi ounte nani vamsi anil kumar ambanti lanti vaalu noru lepevaru kaademo,hate
228,ముందు అరెస్ట్ చేయండి.. మీడియా ముద్దు తీసుకురండి రా...,hate
229,vd overconfidence valla ciniema dengindhi,hate
230,Andra prajalaku siggu undali sontha amma nu chellini patinchukoleni vadu Meemanli chusukuntadu,hate
231,Vijay devarakonda hype tho dhamal.  Jr NTR next turn. Meeru akashaniki ethe antha great actor emi kaadu..,hate
232,Mere brathukulu inthey eka. Nasanayam aaipotai,hate
233,Meeru moosukunte baguntadi,hate
234,Meeru mi over action apandra babu,hate
235,అంత చిరాగ్గా వుంటే.. స్టేజ్ మీద కి ఎందుకెల్లార్ సార్,non-hate
236,pm modi ni pakisthan ki tarmidengali jai kcr mere next pm,hate
237,బయటకు గేంటేసారు ఒక్కసారి లైవ్ ప్రోగ్రాం నుండి అంతే పాస్ట్ గా పైకి లేచాడు చూపించావు ఓటమి లో కూడా ఎలా పైకి రావాలో అని,non-hate
238,Nayakudu ela undali God bless you sir,non-hate
239,bjp malli ade double game maatladutondi....amaravathi meeda,hate
240,Nvvy nee build up,hate
241,Banisa La unnaru kadara meeru me overacting,hate
242,andukokune vaalu laga vunnaru meru natho comparision na,hate
243,Lancham antunaru anam garu...... inthaku mundu your government ilagey chesinda...,hate
244,పరుచూరి గోపాల కృష్ణ గారి కి నమస్తే మిమ్ములను మొదటిసారి భార్గవ రాముడి సినిమాలో చూసాను సూపర్ వెరైటీ యాక్షన్ సార్,non-hate
245,Ma campus ee bro lanjoduku,hate
246,"Ipl ki best mana palyers , international matches enduku waste",hate
247,Dnr sampadinchalani anukunte today ciniema field lo ewaru sariporu mahanubavudu daring man,non-hate
248,preity zinta oka bazzar kukka team tesukovadam kuda radu,hate
249,shankar ninnu bjp kukka kottinattu kodutaru,hate
250,సార్ మిమల్ని చూస్తుంటే కొండంత దైర్యం వస్తుంది,non-hate
251,మీ ఎంట్రీ వచ్చినపుడు నితిన్ అన్న భయపడుతున్నాడు,non-hate
252,నేను ఓపెనహార్ట్ విత్ RK తప్పక చూస్తుంటా.  ఇంత దరిద్రపు ఇంటర్వ్యూ పెట్టకుండా వుండాల్సింది.  తేనె పూసినకత్తి,hate
253,Ne bathukula sulli net nenu dengina vadu esthada recharge aipothe,hate
254,బ్లాక్ సారీ లో బాగుంది,non-hate
255,ఆయన పిట్టకథలను బాగా enjoy చేస్తాం... అంతర్లీనంగా ఓక అద్భుతవేదాంతవాక్యం చెబుతారు దానిని వదిలేస్తాం.. అదీమనం. “దేవుడు ఒక్కడే.. నీ మఠం కానంతమాత్రాన వేరేవారిని దూషించనవసరణలేదు.”,non-hate
256,Buthula saka mantri ....,hate
257,Aatla vastai Anna niku enni telivi tetalu oka cinema thi anna,non-hate
258,Paramboku ias officers ni vetiki kcr Jagan tesku vachi AP Telangana lo pedtaru,hate
259,Endhuku ante vallu chetha lanchodukulu bro,hate
260,raja singh kalthi maal ammutharu and rowdy gunda,hate
261,"ర్మ కోసం చూసాను ,మొదటిసారి అతను ఒక హీరో అభిమాని ఎలా ఉల్లాసంగా స్టేజి పై మాట్లాడుతారో అలా అనిపించారు",non-hate
262,Rai అతను ఉద్యోగం correct గా చేస్తున్నాడు ఎందుకు ర నాయకులు అందురు కలిసి నిందలు వేస్తారు... నిజాయితీ పని చేస్తే ఎవరికీ నచ్చదు..ఛీ,hate
263,Ee video chusintarvatha mee meeda respect perigindi,non-hate
264,Chavu Nenu avadu apadu,hate
265,RK Garu neku interview cheyadam rakapoty miskuni veray vallaku chance evvandi niku respect evvadam teledu,hate
266,Ee momment ki nizam gaa aricham,non-hate
267,Inthamandi abhmaninchali ante entha adrushtam chesuko undali,non-hate
268,Paristhithulu maree intha pagabattesayenti,non-hate
269,మాతృ భాష తెలుగు అంటే అంత లోకువా    పక్క రాష్ట్రాల వాళ్ళు వారి మాతృ భాష కి ఎంత గౌరవం ఇచ్చు కుంటారో చూసి నేర్చుకోండి,non-hate
270,Lakshalu lakshalu fees lu dengina,hate
271,ఇది కూడా పిచ్చి డాన్సులు కి ఒప్పేసుకుంది. తు దీనమ్మ. ఆడది అంటే గౌరవం పోతోంది.,non-hate
272,Arey sollu comedy apandraaaa,hate
273,Green dress sis super ga chesaru,non-hate
274,"Me ఇద్దరు వల్ల ఏపీ లో ఆడవాళ్ళ పరువు పోయింది, పదవి కోసం ఎంతకైనా దిగజారే బ్రతుకులు మీవి",hate
275,oka ammai vi vundhi natho argue chesthava puku mosukoni inti panulu cheyi,hate
276,నిజానికి ప్రజల కోసం పోరాడుతున్న ఏకైక నాయకుడు రేవంత్ రెడ్డి గారు,non-hate
277,prathi chethanakoduku viratkohli ni anetode lavdapuk gallu,hate
278,Movie matram modda gudisi potadhiii pakkaa,hate
279,roja ninnu choosthey nak guddalo edo nakuladhi nuuvu ni barrey guntu,hate
280,Nuv dancer va chiii sigguledhu Neku,hate
281,Tokka kooda oppukonu,hate
282,"అభివృద్ధి, సంక్షేమం రెండు చూడగల చంద్రబాబు వల్లే రాష్ట్రనికి మంచి జరుగుతుందనేది ముమ్మాటికి నిజం",non-hate
283,Bahubali time antha Baganey Unnav Anna . Tharwatha ee sahoo ki radhe shyam nachinatlu frnds tho sitting uu food padypoyav Anna ..Ayina sarey darling ee no one,non-hate
284,"Frank ga cheppalante evari personal life valladi...
Meru chesthundi enti mari
Peruki pedda news channels... Avasaramayina news vadilesi sodhi news lu cheppatle....Apudu mimmalni alage anali ga
Enta sepu cinema valla personals lo, leda social media peru cheppi
Netizenlu troll chesthunaru anatam... Controversy lani pani kattukuni crete cheytam...ila sodhi news ee kani paniki vachevi epudyna cheppara ra?
Scrap media channels....",hate
285,Hema kuturu chala chala baguntadi chala suma show lo chusanu,non-hate
286,women ki respect ledhu malla vadu oka yogi malla ha modda cm kurchi lo vundhi,hate
287,నువ్ హీరో అవతావు అన్న అంత స్టయిల్  వుంది నిలో ఇది రియల్ మాట,non-hate
288,Nice baaga dhimpav Anchor bro.,hate
289,చార్మి పూర్తిగా కుదేలు నాకు ఇంకో la కనిపించింది,hate
290,ery pappa la tho comedy very pappa la uanttadhi dhodhu dhodhey,hate
291,వెంకీ మామ ఫ్యాన్స్ జై వెంకీ మామ,non-hate
292,"Babu gogineni garu, suereb ga Chepparu",non-hate
293,Bangaram lanti wife failure kuda supporting ga undi kani veedu vini veshalu,non-hate
294,బాగా చదివినవ్ గా రాసుకుని మరీ.. మధ్యలో మన భార్యలు అన్నావ్ చూడు,hate
295,బానిస కట్టప్పలు బయటకి వచ్చారు..ఇక జగన్ కి భజన చెయ్యడానికి..,hate
296,పాప చేతికి కత్తి ఇచ్చే సీన్ ఎన్నిసార్లు చూసినా కళ్ళలో నీళ్లు తిరుగుతున్నాయి... Great thought by director,non-hate
297,మెగాస్టార్ చిరంజీవి గారు అప్పటికి ఇప్పటికి ఎప్పటికీ లెజెండరీ ఆక్టర్ in world,non-hate
298,In direct reshmi ke kiss aadiga du sudheer bhaiyya,non-hate
299,సంక్రాంతికి రాబోతున్న చిరంజీవి గారి సినిమా మరియు బాలకృష్ణ గారి సినిమా మంచి విజయం సాధించాలని కోరుకుంటూ,non-hate
300,సూపర్ అన్న జై పవన్ కళ్యాణ్ జై జనసేన నెక్స్ట్ సీఎం పవన్ కళ్యాణ్ గారే,non-hate
301,appude amindi mundundi musallapanda chudu ra,hate
302,Veedu gelisthe telangana people dhi kuda adhe situation,non-hate
303,Dhusta chaathuryam!  Meeru ilantivi enni chesina em pikalerra!,hate
304,Helping nature kuda vundaali apude manishiki viluva,non-hate
305,మరదే తెలిసి తెలిసి నిప్పుల్లో చేతులు పెట్టడం అంటే,hate
306,Mr. Bandi అసలు 2019 కి ముందు ని అస్థి ఎంత ఇప్పుడు నీ ఆస్థి ఎంత..,non-hate
307,Anchor be like: pichi na kdklni andharu ikkade unnaru,hate
308,"Megastar tho dutt garu 4movies theesthey 3 industry hits.charan janvi tho thwaraga jvas 2 thiyyandi
Dutt garu",non-hate
309,E bjp oil rates increase chesi vanta cheyali ante kastam undi anna,non-hate
310,ప్రజల తరపున ఇంత సుదీర్ఘ పోరాటం చేసి తాను గెలిచి మమ్మల్ని గెలిపించిన దిలీప్ సుంకర గారికి హృదయ పూర్వక శుభాకాంక్షలు...జై భీమ్ ...జై భారత్...,non-hate
311,Vijay Devarakonda fans ekkada thagedhele,non-hate
312,మహేష్ బాబు ల వుండ్ సితార పాప చాలా క్యూట్ గా ఉంది,non-hate
313,Povee pukuu mundaa,hate
314,"poyi central appulu chudu, hunger index, inflation, poverty, unemployment etc Telangana lo least unemployment and development is peaking up rapidly.",non-hate
315,లంజాకొడుకులు లంజముండల జోకులా ఇవి నా కొడకల్లారా,hate
316,shaq modda ante vunnavu ra kevin neku enduku affair,hate
317,నా ఊపిరి ఉన్నంతవరకు నా ఓటు మీకే అన్నా,non-hate
318,Prathi scene prathi shot u mind pothundhi Amma baboy Awesome script selection,non-hate
319,Idendayya idi Mariiii ila thayarayyaru Dandaalu ra ayya,hate
320,special respect for Indian cricket thanks for ( international board of Australia),non-hate
321,Cheppedhi em lekapoina ha hm ani anna parledhu vallatho matladali anthee,non-hate
322,Gudivada king true leader,non-hate
323,siggu vundali amma jagan lanti erripuk kanna anduku,hate
324,All the best annya aaa..ni Hard work apudu ki waste kadhu sir jai janasena,non-hate
325,అప్పట్లో సునీల్ కోసమే డైలాగ్స్ ఉండేవి ఇపుడు ఆలా లెవ్,non-hate
326,వావ్ మీ డాన్స్ సూపర్ సూపర్,non-hate
327,వారు ఎవరితో పెట్టుకుంటే మీకెందుకుసార్.మీరు రోడ్లు ఎందుకు ఇయ్యలేదు? ప్రాజెక్టులు ఎందుకు కట్టడం లేదు? ఎందుకు ఇంత అప్పులు చేస్తున్నారు మద్యపాన నిషేధం ఎందుకు చేయలేదు? కంపెనీలు ఎందుకు తీసుకురావడం లేదు?,non-hate
328,సిగ్గు సరం వున్న వాళ్ళు ఎవరు వీడి సినిమాలకు పొకడదు ..... ఏంట్రా ఆ బాషా ...,hate
329,po ra pichi kukka . siggu ledhu em ledhu asla manishi vey na,hate
330,Ilanti MLA Anni niyojaka vargallo enduku leru!!!,non-hate
331,Full video please bayya,non-hate
332,తొడలు... అస్సలు ఉన్నాయి,hate
333,Dress bavundi kaani phone poyindi,non-hate
334,ఎందుకు రికార్డింగ్ డాన్స్ వాళ్ళకి విలువ లేదు అంటే... ఇలాంటి మాటలు... వెకిలి చేష్టలు వల్లే...,hate
335,అసలు ఇంగ్లీషు సినిమాలు లోనే ఇలాంటి పదాలు ఉంటాయి.,non-hate
336,ముందు ముందు స్పష్టం గా బూతులు మాట్లాడేస్తారు ఏమో,hate
337,Anduke film dobbindii,hate
338,kallu pathukoni sanka kannidhi meru,hate
339,Ade matani dukuduga cheppandi. Siva garu kanabadatharu maku. Voice belaga vundi.,non-hate
340,ఇదేంటీ ఇలా నడుస్తుంది,hate
341,కోహ్లీ కి అనుకులం గా మరియు ఫామ్ లో ఉన్నపుడు 3 icc cups అందించినా ధోని గౌరవంగా కెప్టెన్సీ వదులుకున్నాడు..అందరు రిటైర్మెంట్ తరవాత లెజెండ్స్ అయ్యరు కానీ కోహ్లి క్రికెట్ అడుతునే లెజెండ్ స్థాయీ నీ అందుకున్నాడు..కోహ్లీ స్టేయి వాడు కెప్టెన్సీ కోసం ఇలా గొడవపడటం వల్ల ప్రపంచ స్థాయీ అభిమనులున్నా కోహ్లి తానా స్థాయిని తాగించుకున్నవాడు అవ్వుతాడు..కోహ్లి winning persentage యెక్కువున్నా..IPL.కాని,non-hate
342,Areyy vanni mental hospital loo join cheyyadraaa,hate
343,Nijame lanjalara ammavadipuku degichukoniki thisukunara,hate
344,"చాలా అద్భుతంగా మ్యూజిక్ డాన్స్ స్టెప్ రిసల్ట్ సూపర్,,",non-hate
345,అనిల్ గానీ వాయిస్ వింటే నాకు ఎక్కడో కలుది.... విడు విని మాటలు...వెస్ట్ న కొంది,non-hate
346,అసలు హారన్ కొట్టకపోతే ట్రైన్ ఇప్పట్లో రాదని అర్థం,non-hate
347,first koja johar ni india nunchi tarmidengithe sangam pedha pothadhi,hate
348,Ending naku tears vachai  bro. Harsh sai real hero. God bless u brother.,non-hate
349,Sometimes nuvvu vacchinanduku chala feel avutunna ninnu ilanti position lo vunchina naaa lanti die hard fans ni chustunte anna,non-hate
350,roja oka noru vunna pichi lanja noru vundhaani edho edho matladthi,hate
351,Eema em peekindhi ra judge la pettaru,hate
352,Avnu nenu mimmalni chusanu chaala sarl,non-hate
353,Modda gudisipotav bollywood content lamti movies tistey,hate
354,Picha Na Kodaka!! Vinipisthunda Ra Vijay Ga !!,hate
355,Poyakalam deggara padinappudu alage chestharu,hate
356,సంకనాకిస్తుంది... ఇది కూడా నిజమే,hate
357,Arey howle Nizamabad MP Pasupu bord Edhi be Nv esukunna Angi lagu kudha Cangress icchindhe and TELANGANA icchindhi kuda Cangress A meeru cheppe Digital India lo ni AAdhar card kuda Cangress tecchindhe,hate
358,"Tickets rates thagginchaali..appudey janaalu theatre ki vastaaru.. Budget peruguthondhantey dhaanikkaranam producers e... Heroes budget, north Indian heroines, valla staff ni mepaali ivvanni thadisi mopodavuthunnayi",hate
359,First telangana gurunchi edvu  jai bjp,non-hate
360,"విద్వేషాల ,వైషమ్యాలు గురించి బీజేపీ మాట్లాడటం....",hate
361,వీడికి ఇంత మంది అవసరమా వోవర్ కూడా,hate
362,"అలీ siggundali నీకు, sanskaram లేదు నీకు, నవ్వుతూ ఉన్న so called celebrities ki నవ్వు ఎలా వస్తుందో",hate
363,Gee bajaru chillara dhaniki baga hype icharu kadha ra thu,hate
364,nehru amman denga ni valla india pakistan godava inka vundhi,hate
365,ఆలోచన చేస్తున్నాం డ్రామా రావ్ ఈసారి మిమ్మల్ని ఓడించాలి అని,non-hate
366,Arey badcaw recharge iypothe data ala osthundhr rah,hate
367,ఒరేయ్ ముసిల్డాన్ని కూడా వదల వారా,hate
368,sharmila nuvvu ooriki ki poyi record dancelu cheskho,hate
369,Veedi maatalaku yentha mandi kodathaaru veeni,hate
370,Are యాదవ ల్లా రా megastar తరవాత పవన్ కళ్యాణ్ రా  చిరు సర్ ఆయన Vera leval జై బాలయ్య,non-hate
371,Ennisarlu chusina chudalanipinche great scene idi,non-hate
372,సూపర్ డ్యాన్స్ మాస్టర్ జానీ,non-hate
373,Ammai ni pattukoni kavalissindhi konuko ani anta vurukuntunda,hate
374,నీలాంటోళ్లు పాలమ్మిన వాళ్లు చాలామంది ఉన్నారు వాళ్ళకి ఎందుకు రావడం లేదు అదృష్టం .... అన్ని దొంగ పనులు చేసినవ్,hate
375,Ee styles and mannerisms present andaru vaduthunnaru mana industry lo,non-hate
376,"నేను చూసిన వేలాది ఫన్నీ వీడియోలల్లనే టాప్ 1 లేడీ ఆక్షన్ వీడియో ఇది .,,,అమ్మాయి ఆక్షన్ సూపర్",non-hate
377,elaanti sannasi matalu vinalani maku ledu mundu sari ga matladu mariyada ichi puchukovale anthegani Telangana slag Ani memilage matladtha mante vere partila telanganollu kada,non-hate
378,Sir Arun Kumar garu meeku hrudayapurvaka namaskaramulu.sir nenu kuda Kapil chit lo chit one L.. vesanu .chit purti ayipoyindi.nene kakunda ma brother cheta friends cheta kuda veyinchaanu.but ippariki amont ivvatam ledu.amont adigite danilone fixid deposit cheyyamantunnaru. consumer court ki velte baguntunda.plz salaha istarani aasisunnanu,non-hate
379,మోహన్ బాబు గారు కొన్ని ప్రశ్నలకు సమాధానం చెప్పలేక బిక్కమొహం వేశాడు. నీళ్లు నములుతున్నాడు,hate
380,Roja niku minister ichindhi ha shaka ki nayam cheystav ani. Cheera lu pampala miku antey anam garu cutdrawer lu pampala annadu saripoyindha. Power unnantha varaku baganey untundhi.,hate
381,Ee over action ke... Sankaa naakadu.. Kada. Ayinaa buddi raa ledu,hate
382,Orey baffun gaa college fees lu thakkuvva chesthee nee mukaniki adi chaluu,non-hate
383,BJP Sanka naku teenmar vartalu,hate
384,Rip sir.... ఆత్మ కి శాంతి కలగాలని కోరుకుంటున్నాను....మన దేశంలో ఉన్నది ఇలాంటి బడా పారిశ్రామికవేత్తలు సార్.,non-hate
385,ఇటువంటోళ్లు మంత్రులుగా ఉండడం తెలంగాణ చేసిన దురదృష్టం,non-hate
386,Twaralo telugollanta pichollawutaaru,hate
387,Next generation chala strong ga prepare chesthunnaru,non-hate
388,వామ్మో సూపర్ చిట్టి thalli ️ ఆక్షన్ కే ప్రాణం పోసెల అన్నవ్ రా mummy,non-hate
389,కుత్త పగులుద్ది ఎవడైనా(any party/any other fans) ఎన్టీఆర్ అన్న ని తక్కువ చేసి మాట్లాడితే,non-hate
390,Edi over action,hate
391,"Chi chi neeku anchoring evadu nerponchondo....farmers ni arrest chesinaru ante...safety ki antava,intha dikkumaalina answer emina vuntada asalu,ante anyayam jarigindi Ani chepte arrest lu chestaru,ala arrest cheyyadam correct antava nv",hate
392,గెటప్ శీను వావ్ సూపర్ మాన్ మెగాస్టార్ బాడీ లాంగ్వేజ్ యాస్ ఇట్ ఇస్ దించేసావు సూపర్,non-hate
393,Sudheer ni timingi timing anna,non-hate
394,తెలుగు లో ఉన్నా అన్ని వ్లోగ్ ఛానెల్ వాళ్లని ఏసుకున్న NTB ఆన్న కి ధన్యవాదాలు..,non-hate
395,అబద్ధానికి పెద్ద నోరు ఉంటుంది,hate
396,"ఘడ్డగా మరీ మనావర్ గానికి కూడా చెప్పు హిందూ దేవుళ్ళ పైన జోకులు చేయొద్దని, మరి వాని షో కు పర్మిషన్ ఇవ్వకుంటే ఇవన్నీ కాకుండె కదా",non-hate
397,ఎందుకు sir అయిపోయిన పెళ్లికి మేళాలు!!! వదిలేయండి sir. ఇద్దరూ ఇలా తిట్టుకోవడం జనాలకి వినోదం అయిపోయింది sir,non-hate
398,itlantivi ఎందుకు చేస్తారండి meeru rotta cinemalu matrame chestaru sir meeru... any way .. ayina meerante naakistam sir,hate
399,ఇష్టం లేని జాబ్ చేస్తునట్టు ఉంది ప్రభాస్ ఫేస్,hate
400,Power star.....anedi oka brand....evadu padithe vadu power star kadu...kaledu...king okkade power star okkale...only powerful power star pavan Kalyan okkade,non-hate
401,Maa allu aravind gari comedy super allu sir plz meeru movies loo act cheyandi,non-hate
402,ఇనుము ఇనుముని️ కాదు ఎనుము ఎనుముని అనాలి,hate
403,malla manchi erri puku vodu,hate
404,పేదవాడు కి  జగన్ గారు  ఎ మంచి  పని చేస్తున్న  దానికి  కోర్టులో  కేసులు పెట్టి  న.  బొల్లి గాడు కీ  ఓటు ఎవరు వెయరు,hate
405,Dance raani dhanni dance judge ga pettaru,hate
406,Chala ante chala bagundi bro,non-hate
407,Are o nuvvu sollu aapu thammi,non-hate
408,నోటి తెగులు అని రాసావ్ కదరా. మీ ఛానల్ కన్నా నోటి తెగులు ఎవరికీ ఉంటాది.,non-hate
409,friendly ga annadu,non-hate
410,పొరపాటున మళ్ళీ గానీ రాజశేఖర్ రెడ్డి గారు వస్తె కుర్చీ పొద్దని తీసుకెళ్ళి కూర్చోబెట్టడు,hate
411,వాళ్లూ ఎలా ఉంటే మనకు ఎందుకు వాళ్ళ సొంతవిశాయలు,non-hate
412,"Ycp lo meeru emi cheyaleru
Jsp lo neeku nachhinattu vundavachhu",non-hate
413,పవన్ కళ్యాణ్ మూవీస్ లో హీరో... రాజకీయం లో ' 0',hate
414,మొత్తం చూసా నిజాయతీ గా వున్నాయి ప్రశ్నలు జవాబులు..సూపర్ బై రెడ్డి సిద్దార్థ్ రెడ్డి,non-hate
415,"RK గారు, సగం మీరే మాట్లాడేస్తున్నారు, దయచేసి అవతలివాళ్ళని పూర్తి గా మాట్లాడనీయండి.",non-hate
416,Manchu family ki inka respect undi ante adi only nee valle manoj anna,non-hate
417,Godfather మరో  Pan India Block buster coming soon జై చిరంజీవ,non-hate
418,Meku kuda manchi bavisath unntadi,non-hate
419,"Bhuthulu gurinchi, double meanings gurinchi nuv matladodhu anusuya plz",hate
420,ఎన్ని సార్లు చూసిన చూడాలని అనిపించే speech,non-hate
421,Evadiki vadu acting eraga tistunnaru,non-hate
422,Manchu Family Paruvu kapade Manishi Nuvvu Okkade anna,non-hate
423,నువ్వు ఒక్క రోజు జబర్దస్త్ లో బాలయ్య బాబుతో ఫోన్లో మాట్లాడలేదా వే,hate
424,మేము ప్రజలకి ఫలానాది చేస్తామని చెప్పుకొని ప్రజల్లోకి రావాలి ఏ బొక్క లేదు వచ్చి ఏం పీకుతారు,non-hate
425,ఇంత పరిజ్ఞానం ఉన్న సీఎం ఆంధ్రకి సీఎం కావడం ఎన్నో జన్మల పుణ్యం,non-hate
426,లైక్ లు కొట్టేవాళ్ళు ఎక్కువా కానీ ఓట్లు వేసేవాళ్ళు చాలా తక్కువా,hate
427,Ka pal garu miru super,non-hate
428,క్షవరం అయితే గానీ వివరం తెలియదు లెండి.... పృధ్వీ గారు,non-hate
429,ప్రషు వాళ్ళ డాడీకి ఒక లైక్ కొట్టండి,non-hate
430,Aaa cheera etthi guddalo pettara be nee mogga ni,hate
431,"రమేష్ మాస్టర్ డ్యాన్స్ ప్రాక్టీస్ సూపర్, ఇదీ పద్దతి",non-hate
432,Neelanti  vallu  valla  nijame ayina devunuki  avamanam jarukutundhi,hate
433,కోడలు పిల్ల మా కొడుకు నీ పెళ్లి చేసుకుంటావా కట్నం ఏం వొద్దు మేమే ఇష్టము కావాలంటే,non-hate
434,Anchor be like: pichi na kdklni andharu ikkade unnaru,hate
435,అసలు ఏం ఉంది రా అక్కడ పొట్ట ఒకటి ఉంది అక్కడ,non-hate
436,meeku assalu em matladalo kuda telidhu edo vaagaali vaaguthaaru nv pedda leader vi nv cheppindhe nijam enduku paniki maalina debate lu,non-hate
437,"మల్లారెడ్డి అంతడబ్బు రేవంత్ రెడ్డికి ఇచ్చారు అంటే...  మల్లారెడ్డి ఎన్ని వేల కోట్ల డబ్బు అవినీతిగా సంపాదించి ఉంటాడు...
సక్రమంగా సంపదిస్తే ఎవ్వరికి ఇవ్వనవసరం ఉండదుగా....
రేవంత్ ఒక్కడికె కాదు..ప్రజలందరికీ నీ అవినీతి డబ్బు పంచాలి..
అప్పుడు ఎవ్వడు బ్లాక్ మెల్ చేయడు.",non-hate
438,oka ammai vi vundhi natho argue chesthava puku mosukoni inti panulu cheyi,hate
439,Antha energy guddhalo nundi vastundi,hate
440,bonda uma kukka esaga mafia king,hate
441,Padavi kosam penta ina tintadu,hate
442,Kcpd men's kutha chnpi paddengutha,hate
443,Veedemma veedi lssge waste dhi,hate
444,vijay mallya nirav modi kapadindhi bjp malla ha baate shah gadu nak emtelidhu antaru,hate
445,కేసీఆర్ కేబినెట్లో మీటింగ్ లేదు బొచ్చు లేదు,hate
446,"atleast akkadaina vudyogam vacchindi,chaala mandiki adi sampadinche scene ledu le bro",hate
447,Ee Rashmi ki roju rojuki dhebbalu gattigaane gudhuthunnaru,hate
448,Rayalaseema simham paritala Ravi telugurashtrala devudu NTR but family members of both have utterly failed to carry the legacy of these both in their respective range and categories,hate
449,Antha fake ey solu galu baga ekuva ayaru,hate
450,"Mustache kosam wait chesi untadu,inni rojulu ee video cheyadaniki,enthaina ne dedication ki hats off bro",non-hate
451,ఈ సినిమా మంచి విజయం సాధించాలి అని ఎంతమంది కోరుకుంటున్నారు.,non-hate
452,"రాష్ట్ర విభజన హామీ ప్రకారం రైల్వే జోన్, ప్రత్యేక హోదా, చెన్నై విశాఖపట్నం సీ కారిడార్, స్టీల్ ప్లాంట్ పునరుద్దరణ మొదలగు హామీలు మిగిలే ఉన్నాయి",hate
453,Kama kukka,hate
454,కు డాన్స్ రాదు అనే స్టేజ్ నుండి డాన్స్ అంటే ఇది రా అనే రేంజ్ కి వచ్చావు జాని అన్నా,non-hate
455,తాత నీకు 60 పాప కీ 25యెందీరా మాకు ఈ దరిద్రమ్...?️️️,hate
456,Kasta padithe eppudu pratipalam untundi.. congratulations,non-hate
457,Sulli ra,hate
458,4 lo second di tisi 1 ki 2 ki madyalo pedite 4 avtundi order saripotadi,non-hate
459,Nivetha konni interviews lo aa time lo Rajinikanth garithi movie chestunna idem peddha movie kanattu matladindhi.she was not greatful to act in PSPK's movie.,non-hate
460,Charmi ki Edo ayindi navvaleka sachipothundi,hate
461,దయచేసి ఎవరైనా ముందు వీడిని మెంటల్ హాస్పిటల్ కి తీసుకువెళ్లండి వీడు ఎవరెవరిని ఏం మాట్లాడుతుందో అర్థం కావట్లేదు ఈ నా కొడుక్కి పిచ్చి పట్టింది,hate
462,పవన్ కుపరువుపొటమే నితికిఎతిరెకంగపొరడుతునడు అయనకుమచిదికదు  జగన్ నిలంటొడుకదు జగన్ దేవుడులంటివడు,non-hate
463,The great honest true leader Pawan Kalyan sir cm kavali nyayam jaruguthundhi ap prajalaki sir,non-hate
464,"Pelli meeda naku chala dreams, respect vundedhi itlanti interviews chusinappudalla pelli chesukokunda vundadame manchidi anipistundhi",non-hate
465,Mari atluntadhi krithi brm  thoni  andham ante minimam atta,non-hate
466,హ్యట్సాఫ్ పోలీస్ సర్,non-hate
467,నా బంగారం... ఆ నవ్వులోనే ఉంది అన్న మా సంతోషం,non-hate
468,Ree babu Nani GA neku eaduku Ra avasaram  vajaya Sai  chappali ha visayam nevu eaduku neku avasaram eamiti,hate
469,రాజు గారు మీరు సూపర్ సార్ బాహుబలి రఘు రామ్ రాజ్ సూపర్ సార్ పులి అంటే మీరు సార్,non-hate
470,మీరు కొనుడు కాదు సారు నీ బిడ్డలాంటి ప్రజలు కొనాలి,non-hate
471,కింగ్ ఇస్ బ్యాక్,non-hate
472,Nani fans ante mamoluga undadhu mari super love you nani love you,non-hate
473,Niku yevadu ra cheyyamannadu,hate
474,E vedio chusi nenu chesukovaalsi vastundi inkaa chaalu,hate
475,Full clarity tho unnaru and correct ga chepparu ... movies lo fan following veru ...real life lo fan following veru ..,non-hate
476,కాపీ కాకుండా వేరే ట్రై చేసే సూపర్ విజయం నీదే పిల్లి డుడ్,non-hate
477,Village  పిల్ల  నీవు super,non-hate
478,దత్తపుత్రుడికి ఇంకా సిగ్గు రాలేదు,non-hate
479,ఇంత తెలివైన ముఖ్యమంత్రి ని ఎన్నుకున్నారు,non-hate
480,Waste fellow he did nothing for telengana,hate
481,Vaadu feel avvadu... Vaadi answer ki nuv avthav,non-hate
482,కల్యాణ్ దిలీప్ సుంకర గారు చాలా చక్కగా వివరించారు. ధన్యవాదాలు.,non-hate
483,nuvvu poyyi modi modda cheku mms oka great econmist ani prapamcham anukondhi antanu lekunte india ledhu,hate
484,ఆమె నీ తల్లి అయితే ఇలాగే చేస్తావా,hate
485,",విస్వక్ గాడికి బాగా ఎక్కువైంది.ఇది మంచి పద్ధతి కాదు",hate
486,ఇంత ఫిట్ బాడీ ఉండి అప్పు అన్న అల మరణించడం బాధగా ఉంది,non-hate
487,Shooting leka mind dobbindi .court should consider this issue .if students take him as inspiration then what will happen. Is it correct .pls consider it,hate
488,Sketch వేసింది ఎవరో కూడా చెప్పండి (దమ్ము ఉంటే),hate
489,"The courage to be disliked"" ee book summary cheyyandi anna.",non-hate
490,Ntr kadhu bey ntr garu give respect,hate
491,ఎక్కడికి పోతోంది మన సంస్కృతి,non-hate
492,పోనీ ఆంధ్రప్రదేశ్ కు separate కరెన్సీ నోటు పెట్టీ నోట్లు గుద్దు జగన్ అన్న గాంధి గారి ఫొటో బదులు నీ ఫొటో పెట్టు అన్న,non-hate
493,Super Madam  dance  chala bagavesaru,non-hate
494,జగన్ శరీరంలో అణువు అణువు రొజక్కకు బాగా తెలిసినట్లుందే,hate
495,"తల్లి నువ్వు నవ్వొద్దు, ఆ ముఖంలో మూతి తప్ప ఏమి కనిపించదు మాకు",hate
496,Teeskelli railway station loo padeyandi,hate
497,డబ్బా రాయుడు మన పెద రాయుడు మొత్తం మీద మేక పోతు గాంభీర్యం కనపర్చాడు ఫసక్,non-hate
498,మీరు మీ లాంటి వారు రాష్ట్ర నికి చాలా అవసరం,non-hate
499,కాదన్నా నవ్వి నవ్వి చచ్చిపోతే ఎవరు రెస్పాన్సిబిలిటీ అన్నా సూపర్ అన్న,non-hate
500,Super settiandi voice to video,non-hate
501,Over action apandi raa Babu,hate
502,అన్నయ్య వదిన. ఎప్పుడు హ్యాపీ గా వుండాలి,non-hate
503,Picchodini interview endhuku chesthunnaru may be TRP kosama,hate
504,ఈ పాట విన్నపుడల్లా SPB గారే మళ్ళీ తిరిగొచ్చి పాడారు అనిపిస్తుంది,non-hate
505,కోతులు దిగేదానికి ఇంత bulid up aaa,hate
506,Punch veyyalantay...Sunil anna tharuvathayee...yavarina...,non-hate
507,"jai kumar next nee amma nee ,sisters nee andharni petti prank thesthadu vadu wait",hate
508,Elagaina vastadu mee dhulaa thirustadu.,hate
509,కంట్లో దురద పెట్టింది కాబట్టి సరిపోయింది,hate
510,Raja Singh nuvvu ni karra tagubthu mokam neeku mokham nuvvu mla ela ayyavu,hate
511,"Manchi cinema ni prathi okkaru aadaristaru,all the best nikhil, have a bright future",non-hate
512,నువ్వు చాలా చాలా బాగున్నావు. పర్ఫెక్ట్ గా ఉన్నావ్.. మీరు నాకు నచ్చారు,non-hate
513,Vedi nathinakodaka,hate
514,Meeru Gopi Goda meeda pilli anna maata edava,hate
515,Naku prabhas anna ento rana anna kuda antey,non-hate
516,Ilantivi kaadha ee generation ki inspiring untadhi...plz do more,non-hate
517,పోలీస్ ఫారెస్ట్ డిపార్ట్మెంట్ 2కలసి పోరాడారు పాపం దాని బారి నుండి ప్రజల్ని,non-hate
518,భజన భజన బ్యాచ్ ఎక్కువ అయిపోయారు పవర్ స్టార్ కి పాపం,hate
519,నోరు ముయ్. వాడు పరిపాలనా చేతగాని వాళ్లకి అన్న... అంతే.,hate
520,"Paritala nu nuvve sampinavu raa nennu gaali, vaana devudu sampeedu",hate
521,Washing powder NIRMA neevu maa mukyamantri awadam maa KARRMA,hate
522,​political fit kakapothe bayapadatam endukandi,hate
523,Peetha … idokA Lavada lo buildup,hate
524,Marea srihan pakkana moddagudvala,hate
525,Rey arripuku adhi munda sollu apu ra,hate
526,ఇలా వాగే ఛీ అని పరిశ్రమ పెద్దలు దూరంగా పెట్ట రు మహేష్ మళ్ళీ దరిద్రని మళ్ళీ స్టేజీ మీదకు తెచ్చాడు 20సం చిరు చాలా నష్టపోయారు,hate
527,Me kastam palinchali sir,non-hate
528,మొత్తానికి యూట్యూబ్ నే కాపురం చేయరా మీకు మా బుద్ధిలకు మానాల్లో లేదు,hate
529,Audience be like :- Bengu ! Athi bengaku,hate
530,ఎంత నవ్వు వచ్చిందో .  సూపర్ స్పీచ్ అన్న.,non-hate
531,40 సంవత్సరాలు రాజకీయ అనుభవం,non-hate
532,ఓహో ఈ నిజాయితీపరుడైన రవి ప్రకాష్ లో పవన్ లక్షణాలు ఉన్నాయా,hate
533,West mokalu motham judge laa,hate
534,Dhani pandhi moham chusi shock avuthada,hate
535,ni pellam puku denugutha  ma anna annavu ante,hate
536,liger movi బాగుంది but హీరో కి నత్తి ఎక్కువ గా ఉండడం వల్ల సినిమా పోయింది అంతే,non-hate
537,బ్యూటిఫుల్ మేడం,non-hate
538,Are meru marara dappukottu kovam,hate
539,దాన్ని పేరు ఏంటి ఐడి ఏంటి చపూ బ్రదర్,non-hate
540,సాక్షి అంటేనే అబద్దలకు care of address,non-hate
541,"అప్పట్లో dirctors కి, కంటెంట్ రైటర్స్ కి ఉన్న హ్యూమర్ సైన్స్ ఇప్పుడు ఎవరికీ లేదు.",non-hate
542,ఎవ్వరు చెయ్యలేని గొప్ప పని మీరు చేశారన్న మీరు గ్రేట్ అన్నా,non-hate
543,మీరు చెప్పే టాపిక్ వల్ల ఉపయోగం చాలా ఉంది!,non-hate
544,"Fingerprint mallareddy
Pedda donga na kodku",hate
545,ఇపుడు కూడ తన తప్పులు ఒప్పుకోవటం లేదు.. pichi munda,hate
546,entandi pusukunna antha pedha Mata anesav,hate
547,rgv ki siggu ledhu ammail ni oka sex doll laga choostahru,hate
548,Antha perfect ga ayithae raledhu but try chesaru kadha that's more important,hate
549,​debate la lo paalgone TRS naayakulaku edhutivaarini maatladaneeyakapovadam samskaaram kaadhu.,non-hate
550,Party paranga vaduu. Godameeda pilli laga kuda vaddu ra howla,hate
551,చాలా బాగుంది బ్రో. చిన్నపుడు ఇవి అన్ని మేము చేసాము బ్రో చాలా హ్యాపీ గా ఉంది ఈ సిరీస్ చూస్తుంటే. Best of luck bro.,non-hate
552,నేనూ రెండు ట్రై చేసాను సమ్మగా ఉంది,hate
553,Modda gudu aithyy,hate
554,అన్ని తెలుసు పోలీస్ లకు యూనిఫామ్ ఉందన్న అహంకారం  చట్టం తెలిసిన వాడు తప్పు చేస్తే తాట తీయండి అడ్వకేట్  హక్కుల కోసం ప్రజల తరఫున పోరాడండి,hate
555,Muslims hindu devullanu entha thittina parledhu... Kaani hinduvulu  Mee devudini thidithe thappenti,non-hate
556,Pilichi pettinchukuntaru ga....TV9 ki eemadhya sarada ayindi...,hate
557,ప్రతి ఒక ఇంటర్వ్యూ లో చాలా కూల్ గా మాట్లాడతారు. నిజాలు నిర్భయంగా చెబుతాడు. ఎవడన్నా ఏమన్నా అనుకొని నేను చెప్పేది చెప్తా అనుకునే వ్యక్తి RGV...,non-hate
558,అన్నయ్య అనే పిలుపు విని వెనక్కి తిరిగాడు,hate
559,alsa janalu erripuk galu jagan ni cm cheyadam enti,hate
560,అందుకే 400 అమ్మాయిలతో sex చేశాడు,hate
561,Mulapeta lo 2 years chadhukuna,non-hate
562,Chance esti champidengala vunnadu aunty ne,hate
563,"100% literacy rate unna kerala lo ne janalu gorrelu la unte, migilin rashtrallo unna janalu paristhiti emito...... I feel ashamed being part of this type of public",hate
564,"Prabhas ki super jodi,,,arabian bread vastundi",non-hate
565,Acting super undhi ga bro just story lo dammu ledh,non-hate
566,ఇద్దరూ చాలా బాగున్నారు sooooo క్యూట్,non-hate
567,ఎందుకు అల్యసాO చేస్తునవు పేటక,hate
568,Vadapav gaadu icc trophy elaa win aiythadoo neenu chusthaa,hate
569,అన్నయ్య చెబుతుంటే నోరు ఊరిపోతున్నాది....,non-hate
570,మహానుభావుడివి సార్ నువ్వు. మేడం గారు మికో నమస్కారం. ఇద్దరు సరిపోయారు. నిజాన్ని నిర్భయంగా,hate
571,నువ్వు వెస్ట్ దానివి దొమ్మరి దాన ఇది ఏంటిదే,hate
572,"ntha brainwashed gorrelu chesthunnaru, inko vargam enti ante bjp bots SSR influencers ga mari yuvatha ni thappu thovva pattisthunnaru a",non-hate
573,Car top medhega kurchuni vachindhi mee araganta auntymedha kurchuni kaadhu ga me fans tega feel aypothu support chestnaaru manchi aatagaadivey,hate
574,"Shiva gari smile ki fidaa..mee anchoring super sir..nenu macha cheppe Answers kante meru iche smile ne chusthu undipoyanu..your voice,  your style of anchoring awaysome",non-hate
575,Cut paste... video cut aaeindhi,non-hate
576,samantha oka trigubothu lanja chai lanti mogudu vadilesindhi,hate
577,"Legendary అంటేనే ntr, anr, తర్వాత చిరు.  ఆయన సినిమాలు నిజజీవితానికి అద్దం పడతాయి. యువతకు దిశానిర్దేశం చేస్తాయి. ఎవడో ఏదో అన్నంత మాత్రాన legend కాకుండా పోతారా",non-hate
578,bandi sanjay gadu amit shah kukka vadu poyi vadi kaalu nakutaru,hate
579,Murkulani evaru emi cheyaleru...,non-hate
580,Ee video chusintarvatha mee meeda respect perigindi,non-hate
581,హోమ్ మినిస్టర్ 2000% UNFIT... ఆమెకి ఉన్న తెలివి కి Village member కే ఎక్కువ,hate
582,అంటే జగన్ కు భయపడుతూనే ఉంటారు,hate
583,సిస్టర్ నువ్వు చాలా బాగా చేసావ్ అమ్మ నీలో టాలెంట్ మామూలుగా లేదు.,non-hate
584,kcr dhi barrey karrey mukku vadu waste pm ki,hate
585,Orey manam cinemalu chudabatte vallu luxury ga brathukunnaru ra,hate
586,Life lo okasri ina kalavli darling ninnu,non-hate
587,ఏదో పెట్టేదని లేక అడిగింది,hate
588,Erripuku matalu baga matladathavu ra adhi nuvvu,hate
589,Vammo mamulodivi kadu swamy Nuvvu,non-hate
590,Movie lo content chala bagundi evvadu apaledu movie ni dilraju kuda,non-hate
591,Yenta mandhi stars vunna PAWAN KALYAN YE  POWER STAR,non-hate
592,Adhikaram vunte thuglak gadu emaina chesasthadu,hate
593,sia vinadaniki notlo motham petta vuntau padutadhi,hate
594,niku family undi gah ra jagratamma venkata,hate
595,కొన్ని ఆంధ్ర పందులకి బురదలోనే (ycp)ఆనందం...ఏం చేస్తాం పంది జాతి కదా అట్లాగే ఉంటది,hate
596,అన్నా నెక్స్ట్ మూవీ ఇంకా గట్టిగా కొట్టాలి... ఆల్ ది బెస్ట్,non-hate
597,మ్యూజిక్ చాలా చాలా బాగుంది..,non-hate
598,చీర కట్టుకుంటే చాలు ఎవరికైనా ఒక హుందాతనం వచ్చేస్తుంది.,non-hate
599,ముందు arrest చెయ్యండి. వాడు షికారు చేస్తున్నాడు. వాడు ఎందుకు మీడియా ముందుకు రాలేదు.,hate
600,ఒక్క ఎక్ష్ప్రెషన్తొ  మొత్తం నడిపించినవ్ నువ్వు నిజంగా లెజండ్ అన్న,non-hate
601,ఏంది రా మాకు ఈ సోది నీ ఎపిసోడ్,hate
602,డిజిల్ బదులు మందు కొడితే సరిపోతుంది,non-hate
603,ఆ పటుకోవడం లోపలికి వెళ్లి పటుకొర బాబూ రూంలో కూర్చుని పనిచేసేయి,hate
604,పెట్టింది పది వేలు.. లాగేది 10కోట్లు,hate
605,నెక్స్ట్ కార్తికేయ 3 మాత్రం సముద్రం లో ఉన్న ద్వారక నగరం మిస్టరీ ...Vere level  లో ఉంటది...,non-hate
606,One and only Mega star .....Potthi leyru....Raleyru,non-hate
607,జయహో రాజాసింగ్ భారత్ మాత కి జై,non-hate
608,Re charge ayepothe Ela ra Google open avrhundu,hate
609,Anna mee Spandhana bagundhi,non-hate
610,ఈడిని చూసాక....మన సంపు మీద చాలా గౌరవం పెరిగింది...,non-hate
611,"ఇది లంజలా రాజ్యం..,. కలియుగం లో లంజేలే నీతులు చెబుతారు",hate
612,"Paytm kukkalu ekkada, idi kuda cbn gare plan chesaru antaremooo",hate
613,Edi lanja kabate ela janalanu chedakodutundi,hate
614,kodali nani  koja na koduku mla lankadhnulu okati levu,hate
615,study chesi kcr em pikindu velumundra ayina pm position lo undu that is modi,non-hate
616,Pilla puk comedy,hate
617,గెటప్ సీను acting యెంత మందికి nacchindi అద్భుతం super,non-hate
618,అక్క నీ పాట ప్రతి ఒక్కటి అదిరిపోతుంది,non-hate
619,vachanu anuko gudda paligipodhi,hate
620,శేఖర్ మాస్టర్ గారు అండ్ శ్రీముఖి గారు మీ డ్యాన్స్ బాగా అదిరింది,non-hate
621,A 1 చిల్లర రాజకీయాలు అపు...... ముందు ఇంట్లో వున్న మహీళలకు న్యాయం చేయమను.... అక్కా చెల్లెళ్ళు చేబుతారు A1 Bach ki,hate
622,అల్లు అర్జున్ కి ఏక్కడో సూడి ఉ౦ది.multitalent వున్నోడు అల్లు అర్జున్ ఒక్కడే ఇన్ ఇ౦డియా,non-hate
623,ఓన్లీ  బై రెడ్డి సిద్ధార్థ రెడ్డి అన్నయ్య కోసం చూసినవాళ్లు like me....,non-hate
624,రేవంతన్న ఇచ్చిన షాక్ కి మల్లారెడ్డి కి పిచ్చి పట్టినట్టు ఉంది,non-hate
625,"రాష్ట్రాన్ని నకించేసి తల్లి, కుతురు సైడ్ అయిపోయారు",hate
626,ఛీ దీనమ్మ ఎందుకు రా వీడు,hate
627,నిను చూస్తుంటే KGF సినిమాలో RACKY బాయ్ గుర్తుకు వస్తున్నాడు,non-hate
628,Me Bathukulu yenduku ra,hate
629,అబ్బా బొడ్డు ఇంత పెద్దగా ఉంటే బొక్క సముద్రం లాగా ఉంటాదేమో?,hate
630,Hii Bagunnara Harsha Sai garu  meku. Mee team members ki happy vinayaka chavithi,non-hate
631,మీరు దేవుడు సార్,non-hate
632,Aat..... tatha on fire,non-hate
633,punju vachi pitta ni dengithey nenu commentry chepijry ala vuntadhi # punjuunggamer,hate
634,"Abboo siggulekundaa vadu matladina matalu okkadu kuda levaledu ikkada..
Just for hate in Modi how much low can go anywhere",non-hate
635,Evadra erri puukodu vaadu.. Duplicate gild eskuni show dhenguthunnadu,hate
636,Aallu eellu andaru okkate,non-hate
637,రష్మిది అని చెప్పి ఆది లేకపోతే అలుగుతుంది స్త్రీల పరువుతీస్తున్నది,non-hate
638,Leak endhi ra secret aaa dhii,hate
639,Anna  plz pellichesuko sir age 43 plz anna,non-hate
640,ఆహా సూపర్ mr khan హిందూ దేవతలను అన్న వారితో కూడా క్షమాపణ చెప్పించండి అప్పుడే మీ నిజాయితీ ని నమ్ముతా.,non-hate
641,Chala worst ga undi,hate
642,kcr niku baga ekkuva ayidhi anni moukni cm avvu next karre mukku ki cm endhuku ra lanje boss,hate
643,Nu Track medha untey enni sarlu horn kottidhi ???,non-hate
644,సిగ్గు లేకుండా తిరుగుతున్నారు ఎమ్ ఆబివుద్ది చేశారని తిరురుగుతున్నారు,hate
645,Miss u sirr.... నిజాన్ని సినిమా లో చక్కగా చూపించారు.... గ్రేట్ లెజెండ్,non-hate
646,ఈ పాదయాత్ర అయిపోయిన  తర్వాత ఆ 80 కంటెర్నర్లు అసలు ఉండడానికి ఇళ్లు లేనివారికి ఇవ్వండి,non-hate
647,Mentel gadini tesuku vachi kurcho pettukunnaru enti anker garu,hate
648,ఈ అమ్మాయి సిగ్గు లేకుండా ఇంకా కావరింగ్ ఒకటి,hate
649,నిమాటలు కడుపుకి అనం తినేవాడు ఎవరు నమరు జై హర్ష జై హర్ష హర్ష,hate
650,nupur sharama  rape cheshi dengutha,hate
651,Acting super undhi ga bro just story lo dammu ledh,non-hate
652,అన్ని తెలుగు ప్రాంతాల నాయకులు ఇలానే వున్నారు... లోఫర్స్.... తప్పు మనది... మనకు సిగ్గుండాలి ఇలాంటి నాయకులను ఎన్నుకున్నందుకు...తు…,hate
653,"Broooooooooooooooo  chala mandiki untai pailsu, neku vachindi movie lo chancesu pola adiri pola , all the best bro",non-hate
654,me koduku ki eva ra poka,hate
655,అన్ని ఇచ్చేయాల్సింది బ్రదర్ ఒంటి మీద ఏమి లేకుండా sigu lenu edava laga,hate
656,"పాలు, పెరుగు, పువ్వులు కెసిఆర్ ఫామ్ హౌస్ లో అమ్మినవ్ అది అందరికి తెలిసిన విషయమే",non-hate
657,Ramu inner peeling : night ki gunta tho dengulata ki set ipoyindi,hate
658,Enti Puri nuvvu entha knowledge gain chestavu.,non-hate
659,Apara thagubothu abbati,hate
660,రోజు ఈ సాంగ్ వింటాను నా రింగ్ టోన్ ఇదే అన్న సూపర్ సాంగ్,non-hate
661,ఇంత చక్కటి సినిమా తీసినందు మీకు ఎలా కృతజ్ఞతలు చెప్పాలో అర్థం కావటం లెదు.. ఈ  classic movie చరిత్ర lo నిలిచిపోతుంది,non-hate
662,Samantha script selection lo acting scope roles choose cheskuntundi,non-hate
663,నువ్వు ఏమి పని మీద వచ్చావు నువ్వు ఏది matlduthunvu ముందు mlc ni arest చెయ్యండి,hate
664,Evadentha echaru neeku dabbulu bewerse yadavalraa,hate
665,"Assaminchani suryudu ma paritala ravanna, champi chindhi nuvu nikodukey, andukey ni maranam uhathitham.",hate
666,ఒక ప్రజా ప్రతినిధి హోదాలో ఉండి ఇంత దిగజారి మాట్లాడే సంస్కృతి ఈ మధ్య చాలా ఎక్కువైంది,non-hate
667,Super concept inka music chala bagundhi short film kuda chala bagundhi,non-hate
668,sky kohili valle india semis ki vachindhi,non-hate
669,వీడు పోటీచేస్తే వార్డు నెంబర్ కూడా గెలవడు వీడు చంద్రబాబు నాయుడు గారిని టార్గెట్ పెట్టుకొని తెలంగాణలో చెంప దెబ్బలు తిన్నాడు,non-hate
670,Nivu kcr tho thov ra chilka,non-hate
671,Babulake Baabu Super star Mahesh Baabu,non-hate
672,Anna nv thopu neki sati yevaru leru,non-hate
673,రోజ నువ్వూ ఆ ఇకలు పికడనికి తప్పా దేనికి పనికిరావు,hate
674,BJY chaala manchi concept,non-hate
675,Idhi language class aa Leda mimicry artist class aa,hate
676,Nuvvu king mawa,non-hate
677,Arey budder khan nuvvu asalu,hate
678,మహేష్ బాబు ఈ రేంజ్ లో నవ్వడం ఇప్పటి వరకు ఇదే మొదటి సారి. Big thanks to Sathi anna.,non-hate
679,జనాలు లేరు బోచ్చు లేరు అంతా అంబక్,hate
680,"​వైసీపీ, బిజేపి ఒకటే. రెండు పార్టీలు understandig.జగన్ గారు ఇక్కడ గట్టిగా అరిస్తే అపోజిషన్ రేపు డిబేట్ లో సీఎం గారు అడగలేదు అని అంటారు.అంతకు మించి ఏమీ లేదు.",hate
681,"90ml సీఎం, నీకు హిందువులు అంటే ఎందుకు అంత చులకన,",hate
682,Ila suitcaselu petti mosam cheyatam kanna afrer results vachaka prize money la petti untey best ga endhuko ee mosalu,hate
683,Ycp Gunda na kodakalara randra chuskundham,hate
684,From recent 3 months iam addicted to your videos anna. Your way of explaining and slang is very nice,non-hate
685,​pavan anna madagudu ra ani cheppa,non-hate
686,నీ ఇంటర్వ్యూ అన్నిటిలో నాకు నచ్చిన ఇంటర్వ్యూ ఇది ఒక్కటే అన్న,non-hate
687,"ఆంధ్రప్రదేశ్ కొండలు, గుట్టలు కబ్జా మాఫియా డాన్ జగ్గు భాయ్",hate
688,Paniki malina chana,hate
689,ఈ పాట అంటే ఎంతమందికి ఇష్టం,non-hate
690,Stage ekkithe chalu sollu,hate
691,"Starting lo full cover aiye vesedi dresses, rating kosam ippudu Air free",hate
692,memu videos chusthe kani meku annam kuda dorakadhu alantappudu mammilini yedavalu ni chesi anukoku ra nayana sollu apu,hate
693,Porapatuna cinema bagaledu janalu raledu ante paristiti Vijay:Intlo padukovalsinde,non-hate
694,అప్పుడు రాజకీయ ఎదుగుదలకు కారకులయిన అద్వానీ గార్ని అవమానించారు. ఇప్పుడు పదవీవిరమణ చేసిన కోవింద్ గారిని అవమానించారు. న్యాయమా మోదీ గారు.,non-hate
695,చిరంజీవి గారు  ఇష్టం లేనప్పుడు  ఆయనతో  ఎందుకు వాయ్స్  ఓవర్ ఎందుకు చేయుంచుకున్నారు మీ సినిమాలో.,hate
696,దీనమ్మ రోజ ని ఎవడికైనా చూపించండి రా,hate
697,"మేూడి డ్రేస్ ఖరీదు 15 లక్షలు , ఓక్కోక్క  డ్రెస్ కరిదు మరి ఇంత డబ్బు ఎక్కడినుంచి వచ్చాయమ్మ",non-hate
698,Net I pothe google lo ela search chestav ra bevakoof,hate
699,అంబేద్కర్ విలువ మీకు తెలిసినట్టుగా రిజర్వేషన్ తీసుకున్న వ్యక్తులకి తెలియలేదు కనీసం ఇది చూసిన తర్వాత అయినా తెలుస్తుంది,non-hate
700,గుడివాడ ప్రజలు ఆలోచన పరులు కానంత వరకు దేవుడు కూడా బాగు చేయలేడు వేడవలకూ పదవులు.,hate
701,మీరు సూపర్ మేడం పట్టుదల ఉంటే ఏదైనా సాధించవచ్చు అని మీరు నిరూపించారు,non-hate
702,ఇది frankness నీ బొంద.... అనాగరికం.... సభ్యత సంస్కారం లేని ఒక సైకో వీడు.... గుహల్లో జీవించాల్సిన వాడు.,hate
703,ప్రభుత్వ సొమ్ము ఒక్క రూపాయి కూడా వెనుక  వేసుకోలేదంటే అది APJ అబ్దుల్ కలామ్,non-hate
704,"డెవిల్ మూవీ కూడా Blockbuster నీకింకా తప్పదు దిగ్విజయం... నందమూరి 3 స్టార్స్  జై ఎన్టీఆర్, జై బాలయ్య, జై రామ్...... జై నందమూరి",non-hate
705,Andhariki rajamouli rgv inspiration emo naku meere inspiration.....words can do more than action....mee laga knowledge gain cheyyali sir nenu,non-hate
706,Bagunnavu chai and pallavi,non-hate
707,కరోనా వచ్చి జనాల్ని ఒక రకంగా సంపుతుంటే.,hate
708,ఆడు చూసి చూసి రోజా పక్కన కూర్చుంటాడేమే అనుకున్నా.,hate
709,నువ్వు మాట్లాడేది తప్పు. అన్న గురించి ఎంతైనా చెప్పుకో వచ్చు కానీ మోహన్ బాబు గారిని తమ్ముడు అని మాట్లాడడం ఏమాత్రం కరెక్ట్ కాదు. వాళ్ళ కొడుకులు కూడా సీరియస్ అయితే ఎంత పరిస్తితి ఏంటీ.,non-hate
710,"ఇంత అందంగా ఎలా అంది మీరు
మీలానే మీ స్వరం కూడా చాల అందంగా ఉంది",non-hate
711,Power star ante movies and acting kadu real star only,non-hate
712,"Inko rendu padithey, aa migatha dula kuda theerpoddi Uday Kiran 2",non-hate
713,అంతరించి పోతున్న ఆరోగ్యావంతమైన హాస్యాన్ని తట్టి లేపిన సాత్విక్....,non-hate
714,ఇటువంటి చావు రావాలంటే ఎంత పుణ్యం చేసి ఉండాలో     మీ ఆత్మకు శాంతి కలగాలని కోరుకుంటున్నాను,non-hate
715,బాలయ్య బాబు అభిమానిని ఈ సినిమా పెద్ద ఇటు కొట్టాలని మనస్పూర్తిగా కోరుకుంటున్నాను జై బాలయ్య జై చిరంజీవ,non-hate
716,tweet:enduku kumail najaini  gudda chaal rangaluo vuntadhi kumail: enduku mi amma lipstick vunthadhi,hate
717,నువ్వు పడింది మంచి గాఉంది బ్రో,non-hate
718,అన్నా చాలా ఇంప్రూవ్ అయ్యావ్.... సూపర్,non-hate
719,E roju e liger movie chusa uttar flop movie jeevitham meedha virakthi puttipoyindhi,hate
720,"తన స్వయం కృషి తో కష్టపడి, తన నటనతో ప్రేక్షకుల హృదయాల్లో చెరగని ముద్ర వేసుకున్న మన మెగాస్టార్ చిరంజీవి",non-hate
721,Samantha acting matram ichipadesindhi thrill chestadhi second half fantastic anthe,non-hate
722,Harsha anna ni kalavaali okkasaraina,non-hate
723,Industry లో ఒక్క remark కూడా లేని ఫ్యామిలీ ఏదైనా ఉందా అంటే అది One And Only Victory Venky Anna Gaari Family Superb Raana Anna,non-hate
724,gorantla madav issues side chyadaniki jenasena ni kelikaru yeppatu lane,non-hate
725,Mee Ayya Farmhouse Unte Mee ML Lu Appudaina Mee Ayyani Chusindra Lolly ga,hate
726,వీడియో తీసినాను కొట్టాల వీన్ని కొట్టాల దాని కింద వేసి కొట్టాల,hate
727,నేను రోజూ అనసూయను ఉహించు కుంటు కొడుతున్న,hate
728,"""నంబి నారాయణ"" గారికి జరిగిన అన్యాయం చూస్తుంటే చాలా బాధ వేస్తుంది, ""నంబి నారాయణ"" గారి త్యాగానికి మా హృదయపూర్వక ""పాదాభి వందనాలు""",non-hate
729,నిజంగా ఈ లవ్ స్టోరీ ఏంది భై  శీనన్న ఏడిచే సీన్ సూపర్,non-hate
730,Super tammudu,non-hate
731,owasi bro's nupur raja singh ni pakistan ledha andaman ko tarmidengali #the people who  divide india,hate
732,ఇందులో ఒక్క నిజం ఉంది... లైఫ్ సాఫీగా జరిగేవాళ్ళు బయట పాడారు.. ఎందుకు అంటే వాళ్లకి అవకాశాలు ఉన్నాయి కాబట్టి..,non-hate
733,పోలీస్ వేవస్థలో మీలాంటి SP లు ఉంటే పోలీస్ లపై  గౌరవం పెరుగుతుంది సార్...మీలాంటి SP మా తెలంగాణా లో కూడా రావాలి సార్,non-hate
734,మీరు ఆ స్థాయిలో ఉండి కూడా మీ స్నేహితుని పరిచయం చేయడం ఆనందకరం,non-hate
735,Alaanti goppollaki ilaanti goppolle pudatharu..,non-hate
736,బాగున్నారు తల్లి కొడుకులు స్టోరీ,non-hate
737,"ద్రోహం చేసింది,నిజంగా ఏపీ ఉసురు బీజేపీకి,మోడీకి తగులుతుంది.",hate
738,చాలా యూట్యూబ్ చానల్లలో మీరు చెప్పిన గరికపాటి వారి అభిప్రాయం ప్రచారమౌతున్నది. వాటి కింద కామెంటులను సినిమా రంగం వారు చదివితే ప్రజాభిప్రాయం తెలుస్తోంది. ఏమైనా అనుకోని అనుకుంటే ఒకనాడు వారి భార్యాపిల్లలపై అదే ప్రభావం పడవచ్చు. చివరగా బుధ్ధి చెబుతుంది…,non-hate
739,తెలుగు రాష్ట్రాలకి మంచి మంచి నాయకులు దొరికారు సినిమాలు వెళ్లనవసరం లేదు వాళ్ళే సినిమా చూపిస్తారు మంచి కాలక్షేపం,non-hate
740,Power Lo undi evaru ra vedava,hate
741,Waste gaadu ali,hate
742,​pawalagadi gorrelaki avesam thappa alochana ledhu,hate
743,Mundhu RTC Buses lo students entha ibbandhi padivelthunnaru chudandii valla hanging conditions you have to notice everything,hate
744,హర్ష..! నీ మనసులగే... నీ రూపం కూడా అందంగా ఉంది......,non-hate
745,Pila nibha star vijgay overkonda guddakonda,hate
746,Ede poindi kaadu manaki,non-hate
747,ఆపు రా డ్రామా రావు అన్ని సొల్లు కబుర్లు,hate
748,చాలా బాగా చెప్పారు అన్న.. మొదటి ఉదాహరణ వుంది అది మాత్రం.... మామూలుగా లేదు... సూపర్ అసలు,non-hate
749,Hero lu remuneration taggisthe dil raju rates penchi collections motham mingesthadanta….funny fellow,hate
750,​Ap state nu sarwa nasanam chesaru,hate
751,Logically what u said is exactly right.. Appreciated the way you explained the concepts of government and other way of ruling.. Good.. Keep it up dear..,non-hate
752,"రైతు బంద్ వల్ల ఎవరికీ లాభంరా  నాయన, ఎవరికీ ఏకువా భూమి ఉంటే వాడికే ఏకువ లాభం, నువ్వు నీ బ్రోకర్  జర్నలిజం",non-hate
753,Arey drama rao apura Ne sollu,hate
754,వేణు స్వామీ మీ మాటలు అన్నీ అబద్దం.,hate
755,ఏం అదృష్టం స్వామి అన్న నే ఫోన్ touch చేసింది.. లక్కీ,non-hate
756,చిరుత looks adhurs,non-hate
757,Madhi sommu ea kadha vochesthadhi,hate
758,అనిల్ కుమార్ గారిది తప్పలేదు కానీ ఇలాంటి సమస్యలు కూడా  రాష్ట్రంలో ఉన్నాయి అని బాగా తెలియజేసారు.,non-hate
759,Sorry to say but chinna events ki velthe ilaney jarugutundi..,hate
760,తెలివైన మూర్ఖుడు... RGV,hate
761,"రోజా ఆంటీ కి బాగా తెలుసు జలగ మొన రెడ్డి కి వెంట్రుకలు ఎక్కడ, ఎక్కడ ఉన్నాయో",hate
762,karan johar asla modda levadu anta andukey ammaila mataladuthaane vunatru,hate
763,​yuddham vadhu please for lokham lo shanthi vunchadhi,non-hate
764,Niku cheppada kohili one day adanu ani,non-hate
765,KCR ni chusi Vallabhai patel anukunnademo.,non-hate
766,great raa baabu movies loki  vellipoyava ra baabu,non-hate
767,Telugu tamil industry la ki break dance nerpindhe prabhudeva..meru evergreen dancer sir,non-hate
768,Pora kukka,hate
769,Nvvu first e channel dheni kosam pettinav kcr kosama peoples ki emaina prayojanam vundhara entha sepu kcr sanka nakuthunnav,hate
770,narottam mishra peddha langa ram setu movie ban cheyamantaru deniki movie peru lo ram vundhi ani,hate
771,హమ్మయ్య.. ఇప్పటికి ఒక మంచి వీడియో చేశావు తల్లి,non-hate
772,ఇలాంటివి చేస్తేనే మీకు 2019 లో బొక్క పడింది.,hate
773,Ram entra babu intha andamga undau super,non-hate
774,కంట్లో దురద పెట్టింది కాబట్టి సరిపోయింది,non-hate
775,ఏక్కడకి పోయండి ఈ మహిళా కమిషన్,hate
776,నువ్వు కాదయ్యా హీరో నీ యనకాల ఉంది చూడు పులి సోను సూద్ సార్,non-hate
777,jagan gabbu gadu cbn pettina manchi padakalu ni tolagichi auto valla ki 10000rs esthunnaru,hate
778,Desaani dochokotaaniki eeyanaki emi takkuvayindita,hate
779,​a bayam unte villu paripala tinnaga cheste sari ponu,hate
780,Telugu industry na modda kudavandi ra,hate
781,Sister...Nelanti vaallu thaluchukuntey condecterley kaadhu collectorlu avthaaru...kalaakarulavtharu....neku suport chestunna ne family ki..A P S R T C ki ne tharupuna Thanks cheptunna,non-hate
782,Nenu aite Jabardast show chudadam manesanu TV 5 ABN channels lo debates vchinaka,non-hate
783,Mahesh smile ...pure soul,non-hate
784,Madam meeru good questions aduguthunnaru,non-hate
785,𝙋𝙪𝙠𝙪 𝙙𝙖𝙣𝙜𝙞𝙩𝙝𝙝𝙖,hate
786,మీరు మాకు దూరం అవ్వడం మా దురదృష్టం,non-hate
787,Amma pai joke enty raaa..... Avulagallraa,hate
788,తాను ఇంతకు ముందే చెప్పాడు నేను ఇలా videos చేయడానికి కారణం అందరూ inspire అవ్వాలి అని,non-hate
789,Chi yentra makikarma,hate
790,తమ్ముడు నువ్వు సూపర్ నిజాన్ని ఈలాగే నిర్బయంగా చెప్పు ఎవ్వనికి భయపడకు,non-hate
791,"RK గారు మీకు, మీ టీం కి దన్యవాదాలు, సుతి మెత్తగా ప్రశ్నలు వర్ణించారు  అహంకారికి ...అహంకారం కాస్త తగ్గినట్లు అనిపిస్తొంది",non-hate
792,Mundhu veeni interview chesthunna channel vallani thannali,hate
793,గ్రేట్ పర్ఫామెన్స్ సిస్ క్రింది టైల్స్ స్లిప్ అవుతున్న బలన్స్ చేసుకొని పెర్ఫెక్ట్ గా డాన్స్ వేసావ్ సూపర్,non-hate
794,erri puk moody valla srh playoffs ki pole,hate
795,త్వరలోనే పవన్ కళ్యాణ్ గారు ముఖ్యమంత్రి కాబోతున్నారు,non-hate
796,Best లీడర్ and best పోలీస్.ప్రవీణ్ కుమార్ సర్,non-hate
797,Comments chadivi masthu enjoy chesthunna nenaithe,non-hate
798,ఆ వైట్ డ్రెస్ లో చూస్తుంటే విజయవాడ పెద్దపులి వంగవీటి మోహన్ రంగా ను చూసినట్టుంది అన్న,non-hate
799,Ttr dongal trs pata leaders,hate
