text,true_label,predicted_label
స్త్రీలను వీధిలోకి లగకంది పవన్ గారు చూస్తే ఆయనకి పార్టీ కి చెడ్డ పేరు వస్తుంది,non-hate,non-hate
Gudha paguldegale,hate,hate
Nijanga ilanti extraordinary persons untaru,non-hate,hate
నాకు ఇంటర్నెట్ మొబైల్ డేటా లేదు అండి ఇందులోనుంచి డబ్బులు వస్తే ఏపించుకుందాం అని చూస్తున్న... మాములుగా లేదు అనుదీప్ గారి పంచెస్,non-hate,non-hate
AP ki manchi rojulu vasthundhi,non-hate,hate
Ayithe life politician kavali ra Babu.,non-hate,hate
KTR:Nannu erri puk cheshavu gah kadhara revanth,hate,hate
Youtube vedios konni follow ayyedhanni tharwatha BB house lo koncham negitive feel ayya ippudu chustunte badha anipistundhi very good dancer All the Best for your future Shanmukh 💐,non-hate,non-hate
Recharge aipothey data ela vastadhi ra erri puka,hate,hate
vadu donga nuuv yadava,hate,hate
సంస్కారవంతమైన కుటుంబం,non-hate,non-hate
ప్రజా సమస్యల పరిష్కారంపై దృష్టి పెట్టండి,non-hate,non-hate
Waste gadu Natraj is very bad behaviour,hate,hate
Kanisam okka wicket kooda teeyaledu waste galu,hate,hate
"Amit Shaw ki slippers vesthu bathukuthunnadu, telugu vaari gowravaanni gujarat gadidhala dhaggara thaakattu pettesthunnadu..",hate,non-hate
jihah khan sucide ki karanam sooraj altanchdi sulli bhai mafia support free vare ammailtho dengithunaru,hate,hate
"Police vallu cheppindi antha nijamena, poorthi enquiry ayina tharavatha nuvvu vallanu criminals Ani cheppu brother.",non-hate,hate
ప్రతి సీన్... ప్రతీ షాట్....మతి పోతుంది లోపల awesome,non-hate,non-hate
Janabha.peregutunaru.vupadhe.udhyogalu.karuve.vundhe.,non-hate,non-hate
మళ్ళీ మళ్ళీ రిపీట్ చేస్తూ చూస్తున్న వాళ్లు ఎంతమంది ఉన్నారు...️,non-hate,non-hate
entha cute couple abbaa..!!,non-hate,non-hate
Allu Arjun cinema ki pranam esatadu,non-hate,non-hate
తెలివిగలవాళ్లని అనుకుంటాంగానీ కాదు అదృష్టం ఏమూలో ఏడుస్తుంది ఇట్లాంటి  వాళ్ళకి. జనాలతో తిట్టించుకుంటే కాని నిద్ర పట్టదు,hate,non-hate
కడిగేయండి మీరు సమాజాన్ని!  నాకు బాధగానే ఉంది గురువుగారు.,non-hate,hate
"God bless your relation madam, జై సుధీర్ అన్న",non-hate,non-hate
Ammai ni pattukoni kavalissindhi konuko ani anta vurukuntunda,hate,hate
"శుక్రవారం శుక్రవారం స్టేషన్ కి వచ్చి సంతకం
పెట్టు",non-hate,non-hate
ఎందరో  మహాను బావులు  వుంటారు వాళ్లు ఊరికెనే ఉండరు,non-hate,non-hate
Nuv annantha mathrana Harsha Sai midha abimanam thaggadu ra,hate,hate
నీతి నిజాయితీ లకు మారు పేరుగా నిలిచిన వ్యక్తి ఆళ్ళ రామకృష్ణారెడ్డి. అమరావతి రైతులకోసం నిజమైన పోరాటం చేసిన వ్యక్తి. ఆయన పదికాలాలపాటు చల్లగా ఉండాలి.,non-hate,non-hate
వచ్చిందయ్యా మహా పతివ్రత.... అనసూయ అంటేనే నిలువెల్లా బూతు..... ఈమె చెబుతుంది నీతులు... తూ..... సిగ్గుమాలిన జన్మ,hate,non-hate
Vedoka pulkagadu vinikanna Prakash Raj better,hate,hate
Na modda la expressions,hate,hate
Arey ni bondha ra chetha na kodaka,hate,hate
Vediki Gudda baga balisindi anukunta..Balayya babu meeda jokes endukura ep,hate,hate
Veelu vedi over action,hate,hate
ఏముంది పదవికోసం గుధ్ధ కూడా నాకేస్తారు ఈ రాజకీయ రాబందులు,non-hate,hate
Yadava Veshalu taginchukunte Baguntadi,hate,hate
ప్రతిపక్షాలు సామాన్యుడిని ఎదగనివ్వరు పేద ప్రజలకి ఇల్లులు కడుతుంటే ఇప్పుడు వాళ్లు వచ్చి ఎలా కడుతున్నారు చూస్తారట ంగా ఉంది అతని నుంచి పేద ప్రజలకి ఇళ్ల పట్టాలు పంపిణీ చేయడానికి వీలు లేదంటూ ఆయన స్టేజెస్ కూర్చున్నాడు అంటే ఇతను కంపు చేయడానికి ప్రయత్నించేస్తున్నాడు జగనన్న లబ్ధిదారులు ఇటువంటివి జరిగినప్పుడు బయటకు వచ్చి మీ తాలూకా మనసులో ఉండే మాటను వాళ్లకి తెలియపరచండి,non-hate,non-hate
Ore ni veshalu api pani chusko,hate,hate
priyanka arul mohan gudda chaala sexy vuntadhi dani panga chachi dengali,hate,hate
Devudimida jokulu vesina avamanichina chala nasta potaru vinayakudito pettukokuda power full god,non-hate,non-hate
Nuvvo moddaganivi andhuke aapesnav,hate,hate
amarica andatho madam perigi kotukuntundi urikine,hate,non-hate
చాలా మంచి మూవీ అన్న ...మీరు రియాక్ట్ అవుతావ్ అనుకున్న అన్న ..నువ్వు సూపర్ లాయర్ అన్న,non-hate,non-hate
Idi RTC Conducter ha leka Inka bustand lo emaina chesinda,hate,hate
Krittika Garu Vadine Chepu tho Kothandi Live Lo....,hate,non-hate
ఇంక ఆపుర నాయనా... అక్కడ చూయించు...,hate,hate
మీ ఫ్యామిలీ లో నాకు నచ్చింది నువ్వు అన్న.. కరెక్ట్ గా మాట్లాడుతావ్..,non-hate,non-hate
Suma garu koncham thagichuko,hate,non-hate
Orey adhiga guddha mue,hate,hate
"Orey  jaffa bul bul,go and buffalo muddilo paduko",hate,hate
Hanu raghavapudi love story ante super immersive ga untadi,non-hate,non-hate
chillar party lu Anne okkatyna modi ji ni next pm modi ji yogi baba ni,hate,hate
Jayamu jayamu chandranna jayamu neeku chandranna,non-hate,hate
Aaku puuku theliyandhi kuda judge aipoindhi,hate,hate
SHOES  Amithsha modi kinda Oodigam chey..,hate,hate
​raani pramadam raani no problem.. next tym bjp ki vote veyandi telangana prajalara,non-hate,hate
Ee madya kaalamlo vochina films lo naaku idhi baaga nachindi,non-hate,hate
"Evidence unna mla kodukuni arrest cheyaledhu, police lu ki dammu ledhu",hate,hate
Veedu aadi gaadu maaradu veediki stage cleaning pani ivvandi,hate,hate
E movie Gurinchi okkadu negative ga matladina vaadu terrorist ayyi undali..,non-hate,non-hate
Kaasta అమ్మ నన్న పైన ప్రేమ కలిగి vundandi bro,non-hate,hate
Kulaaa pechhe fuuga undeanana,hate,hate
Are Babu niku endukura,hate,hate
"Intaki Rahul evadabba, sir indirect ga Congress Rahul Gandhi ki hint istunda kalsipodamani",non-hate,hate
"This should be  a good lesson for youngsters.  Moral is "" జీవితం లో గెలుపుకి బందు మిత్రులు ఎక్క్కువ, కాని ఓటమి ఎప్పుడు అనాదే""",non-hate,non-hate
Vaddu Bangaram nuvvu happy ga vundali,non-hate,hate
"kani, ekkuva cheste alasata, weakness, body peragaka povadam, teenage lo tarvata kuda face paina gaddalu pimples ravadam nijam...better keep it two-three times a week..get busy and focus on your studies and career guys.",non-hate,hate
Chempa pagilddemo,hate,hate
వాడి అసలు రూపం అదే  ఎవరిని ఎప్పుడు వాడుకుని వదిలేయాలో వాడి కంటే ఏ రాజకీయ నాయకుడికి తెలియదు,non-hate,non-hate
మీ ఇద్దరి వల్ల తెలంగాణ జనాలకి ఏమన్న ఉపయోగం ఉందా చెప్పు,non-hate,hate
asla murmu president ela ayindhi india parvu poyindhi ni karra mokham eskoni,hate,hate
Etuvanti interviews kadhaa manaki kavalsinavi,non-hate,hate
శర్మ గారు చెప్పిన ది నిజమా అబద్దమా అని చెప్పే ధైర్యం వీళ్లకు లేదు,non-hate,non-hate
nani anna meru great,non-hate,non-hate
నువ్వు తెరాస పార్టీ ..ఉంపుడు గత్తేనె కదా రా నువ్వు,non-hate,non-hate
మేడం కు ఉక్క పోస్తునట్టుంది సంకలో బాడీ వేసుకుంది,hate,hate
ప్రపంచంలో అతిపెద్ద అవినీతి పార్టీ టిఅర్ యస్ కెసిఆర్,hate,non-hate
ఇలాంటి సెలబ్రిటీలు ఇలా షోష్ కు రావాలి sir,non-hate,non-hate
"Arey Babu Memu chinnappati nunchi chiru fans, pls don't hurt us, first chiru next evarina maaku",non-hate,hate
"eii yevudra veedu, andanga vunnav antunnadu, akka antunnadu",non-hate,hate
arey shankar ga nvvu kcr sanka nakaku ra,non-hate,hate
ఎవడి స్టైల్ వాడిది... దేవరకొండ స్టైల్ దేవరకొండ ది అంతే ఇంట్లో తప్పేముంది... వినిపిస్తుంది చెప్పనా.,non-hate,non-hate
పవన్ కళ్యాణ్ గారు   తమ్ముడు.... మోహన్ బాబు అనే సరికి  అన్నయ్య చిరంజీవి గారు చిన్నపిల్లోడిలా నవ్వుతుంటే ఎంత ఎంత అందగా ఉన్నాడో అన్నయ్య,non-hate,non-hate
Veedu am pikaledu ani telusu,hate,hate
"Nenu vunnanu,nenu vinnanu,nenu chusanu.... all are eligible for the Oscar level performance",non-hate,non-hate
పోన్లే పాపం కష్టపడ్డదానికి కొంచెం అయిన ప్రతిఫలం దక్కింది …. కళ్ళు నెత్తికెక్కించుకోకుండా ఒదిగి ఉంటే మంచి Future ఉండొచ్చు,non-hate,non-hate
rgv gadu canipovali vadi chettabandi ayina chestha,hate,hate
Papam bhayya babi ki potta abbam ga vundhi,non-hate,non-hate
Chala ibandi pettavu anna Nuvvu maa Chiru garini,hate,non-hate
సూపర్ rk గారు చాలా మంచి ప్రోగ్రాం,non-hate,non-hate
భారత దేశంలో పాలన చేతకాని సీఎం పాలన చేత కాక వేరే వాళ్ళని విమర్శించే ఏకైక సీఎం మన బతాల పోషెటి,non-hate,non-hate
e rashtraniki jarige prathi anyayam gurinchi niswardhanga matlade ekaika vyakti meere saar,non-hate,hate
ananaya panadey vi nimma dabbalu lanti payalu,hate,hate
chetha ra babu  NTV,hate,hate
Hi ra T.R.S. kukka…,hate,hate
Fans ki respect Ivvslira arye ntira,hate,hate
"first aa ammai family ki security ivvandi.., night night emaina jaragochu...",non-hate,hate
మీలాంటి వారు వుంటే ఆడపిల్లలకు చాలా ధర్మం జరుగుతుంది సార్,non-hate,non-hate
Ayanni okasari kodithey meeru laksha sarlu chupisthunnaru emkavali meeku,hate,non-hate
Thank you RRR TDP ki bratkinchadamulo mi krushi marvalenidi CBN gariku,non-hate,non-hate
గుధ్ధ బలిసి కొట్టుకుంటున్నవే,hate,hate
inkaa saavaledhu le vaadu baane sacchaadu yedhavakanipisthoone vundhigaa,hate,hate
"Manaki  ibbandi ochinappudu koncham  sahinchatam
Kastam ochinappudu koncham bharinchadam
 Anandham vachinappudu koncham panchadam",non-hate,hate
​trs party lo telangana kosam poradina valle unnara poratam ki vyatirekam ga unnollani ministers ala chesinaru..gurivinda ginja ki kinda unna macha kanapadadu,non-hate,hate
Mahesh anna… disappointed with this movie..next movie hit avvali…,non-hate,non-hate
"Jagan ni poguthunnava, leka mingutunnava...indirect ga jagan secret lu ani cheptunnav.",hate,hate
Samudramlo alalu aagavu Harsha Anna ki anna meeda prema chavadi,non-hate,non-hate
lanja puk managment valla ma warner mamali vadi velipoyaru,hate,hate
ఫస్ట్ నీతులు చెప్పావు కదా డబ్బు వద్దని ఇప్పుడు ఎందుకు తీసుకోమంటున్నావ్..,hate,hate
సూపర్ అన్న నీ వీడియోస్ నీ మాటలు అంటే నాకు చాలా ఇష్టం అందుకే నీ ఛానల్ సబ్స్క్రైబ్,non-hate,non-hate
"BJP TRS iddaru dosthlu le , bayatiki ivanni dramalu",non-hate,hate
మంగ్లీ పాడిన పాటలు అన్నీ ఒకేలాగనే అనిపిస్తున్నాయి పెద్ద డిఫరెంట్ ఏమీ లేదు,hate,non-hate
Yem matladuthunnav ra? Naralu kattai poiniy Neeku lekkalenduku ra ayya? Weekend politician,hate,hate
మీరు చరిత్రలో నీలుస్తరు బ్రో Hand's off to Your help full to poor people.,non-hate,non-hate
Smile chudanidhe venakki thaggavu bro nuvvu,non-hate,non-hate
Pichola gurinchi vinadame gane direct ga epudu e video lo chustuna ...,non-hate,non-hate
rechipothunnaru adhikaram lo unnaru ani ahamkara dhorani,hate,non-hate
Title leak ayithe entiii leak avakapothe entiii....maku enti yee golaaa....title entooo mee build up entooo,hate,hate
Die hard fan frm Kerala  Nenu choosina pedha actor uh Tollywood lo Pawan Garuu,non-hate,hate
Naa drustilo pspk garu Devudu,non-hate,non-hate
ముందు రాజా సింగ్ ను కాపాడండి అప్పుడే మీ పార్టీపై ప్రజల్లో నమ్మకం ఏర్పడుతుంది,non-hate,hate
పోయే కాలం దగ్గర పడింది దేనికి,hate,hate
"Yerri paapalam manam , samanya prajalu",hate,hate
"Dr YNM
1 month ago
ఇందులో మనం పెద్దగా ఆలోచించాల్సిన అవసరం లేదు. అంతా కాలం మహిమ.ఏదో ఒకరోజు కాలం ఆయనకు ఇవ్వవలసిన గిఫ్ట్ తప్పకుండా ఇస్తుంది. చేసిన కర్మలు అనుభవించక తప్పదు.. సోనియా గాంధీ అయినా, మోదీ అయినా, చంద్రబాబు నాయుడు అయినా, జగన్ అయినా.. కాలం అంతే..",non-hate,non-hate
తట్టా బుట్టా సర్దుకొని రెడీ గుండు జగన్ రెడ్డి టైం అయిపోయింది,hate,hate
Jagan eppatiki CM avvaledu raasi pettukoo....ha ....,hate,hate
"Mega star ane person , definitely evadu oppukunna oppukokapoyinaa inspiration to many people long live sir",non-hate,non-hate
జారిపోతానయి..కొంచెం గట్టిగా ముడి వేయి,hate,hate
తాగ్గి వాగుతుంది పాప ఈమె చిలకలూరపేటలో రికార్డింగ్ డాన్స్రు,non-hate,hate
"Nattu ga , neku manishiki undalsina lakshanam okkati kooda ledhu kadha ra.",hate,hate
ap lo road la ki aa dikku ledh malla metro endhi mawa,hate,hate
Yedichav le copy cat veshalu nuvvu,hate,hate
"వాళ్లు ఈ జీవితం లో కూడ ఫలక్నామ ప్యాలస్ లో బోజనం చేసివుండకపోదురు,నువ్వు గ్రేట్ బ్రో",non-hate,non-hate
Ede antha fack news,non-hate,hate
"చాలా బాగా explain చేశారు బ్రదర్. Small correction మూలాధార, ఆజ్ఞ చక్ర, సహస్రార",non-hate,non-hate
Allu aravind garilo manchi actor vunnaru hilarious,non-hate,non-hate
ee kalam ammailu ki dabbuli vunte chaalu anukuntaru,non-hate,hate
Rahul dravid vadi moddalo selection  asla chahal hi endhuku tesukole,hate,hate
జనం. కూడా. మారిపోతే.  చాలా బాగున్ను కదా,non-hate,non-hate
పూరి చూస్తే చాలా బాధ గా ఉంది ...ఒక్క మంచి డైరెక్టర్ ఇలాంటి మూవీస్ తియ్యడం ఏంటి ...i love you పూరి sir... వేరే హీరో తో మూవీ తియ్యి Anna,non-hate,non-hate
pedavallaku apadha vasthe ventene velli sahayam chese goppa leaders komatireddy brother's  dammunna leader rajanna ma balam ma dhairyam ma pranam komatireddy brothers,non-hate,hate
Aada Paduchula Usuru thagili Yellow party nasanam kavali.,non-hate,non-hate
jagan amma vadi dabbulu pettali nanna gudda lo nunchi leppali,hate,hate
ప్రతి పాట అరపు ఎక్కువగా ఉంటుంది ఎందుకో అన్ని పాటలు ఒకేలా ఉన్నాయి.,non-hate,non-hate
పూరి sir liger movie black baster మీకు all the best sir,non-hate,non-hate
Mamulu ga evvaledhu ga anchor anna,non-hate,non-hate
అరటి బొదలు అనంగా విన్నాను. ఇప్పుడు శ్రీముఖివి చూశాను.,hate,hate
ఇదీ ఒక ప్లాన్ ప్రకారం జరిగినట్టు ఉంది భలే సీన్,non-hate,non-hate
Kcr bsp valu enni eastunaru month ki Nek,non-hate,hate
Abbo iragadesindi song vere level,non-hate,non-hate
bro delete cheyakapothey ma fans ninnu degenutharu,hate,hate
ఇంత కరువులో ఉన్నరేంటిరా.,hate,non-hate
Vinayaka chavithi subhakanshalu Harsha sai,non-hate,hate
A B N  MD రాధాకృష్ణ గారి కి  చుక్కలు చూపించిన   ''K A పాల్ గారు'' మీరు సూపర్ సార్ నీ మాటల్లో నిజాయితీ కల్పిస్తుంది..,non-hate,non-hate
Avinash మంచోడు బ్రో episode mottham choodu just నాగబాబు అనమని చెప్పాడు అంటా బ్రో episode lo...,non-hate,hate
Pastors అందరికీ ఒక మనవి.దయచేసి ఈ విధమైన debates వెళ్ళి Christianity కీ ఉన్న విలువ తగ్గించవదు.,hate,non-hate
Pichi pattinattundi peekey ki. A P arachekam jaragabothundhi ani anipistundhi naku,hate,hate
ఇలా చేస్తే దేశం పరువు పోతుంది దయ చేసి దేశం పరువు తీయదు,non-hate,non-hate
మంచి ఆన్సర్ ఇచ్చారు బ్రో,non-hate,non-hate
JD garu mee lanti Genuine persons Pavan gariki support ga unte baguntundi sir,non-hate,non-hate
ఎంత ముద్దుగుందో చాలా బాగున్నావ్ బంగారం,non-hate,hate
Nuvu Am speaker ra babu,hate,hate
ఎంతమంది డ్యాన్స్ మాస్టర్ లు వచ్చినా ప్రభుదేవా మాస్టర్ లాగా వేయలేరు,hate,non-hate
DNR still old school...  Kalam tho Marakapote evaru aina kala gharbham lo kalisipotaru.,hate,hate
ప్రభాస్ గారు అనుష్క గారు మీరు తొందరగా పెళ్లి చేసుకోండి,non-hate,non-hate
కొంచెంకూడ హీరో అనే పొగరు లేదు గ్రేట్ సార్ మీరు,non-hate,non-hate
Nani inkosari pk speech chudu ... Sollu kakunda raise chesina points gurinchi matladu... Sannasivenuv no doubt,hate,hate
mohan babu oppukunna oppukokapoyina chiranjeevi peddankanni vachchina gouravam m taggipodu,hate,hate
Atlunttadhi palanadu thitlantte sarrigga deggutam,hate,hate
Sontha Peru meda registration chey leka piyadu,hate,hate
"Hi harsha....happy vinayaka chavithi,  life long nuv happy ga undalani............aa devunni korukuntunna sai......may god bless u  harsha.",non-hate,non-hate
సార్ కెసిఆర్ గారు విషయాలను పూసగుచ్చినట్లు చెప్తున్నారు మాధవ రెడ్డి నయీమ్ ల సంబంధించిన వివరంగా మాట్లాడడానికి ఇబ్బంది పడుతున్నారు మీరు కూడా హండ్రెడ్ పర్సెంట్  ఫేక్,hate,non-hate
"Maatalu jagratha rooja .alaga janam ,kodukulu antunnavv mari antha gb voddu",hate,hate
jani anna RC annatho kalisi hero ga cheste choodaalani vundhi,non-hate,non-hate
జగన్మోహన్ రెడ్డి వల్ల పిల్లలు బాగా చూసుకున్నాడు అని యాంకర్ వాగు తోంది వాళ్ళ పిల్లల్ని కాక నీ పిల్లలు బాగా చూసుకుంటారు,hate,hate
"ఆపరా.... నువ్వు ఒక అమ్మాయి తో నీచంగా వ్యవహరించి, వెనక నుంచి గట్టిగా పట్టుకుందా మనుకున్నా అని నీ character lose చేసుకున్నావ్... ఎవడెం చేస్తాడు?",hate,non-hate
Ni moham ante kada,hate,hate
ni news ni over action ki dandam ra babu,non-hate,hate
అన్నా కాస్త జాగ్రత్త... వాళ్లే అనుకోని లోపల  నుండి దేంతోనన్న విసిరేరు... కాస్త గ్యాప్ ఇచ్చి పోతండే... Love you Anna... నీ కష్టం వృధా కాదు,non-hate,non-hate
ఈ ప్రోమో చూసినంత సేపు నా మొహంలో చిరునవ్వు ఆగలేదు.,non-hate,non-hate
Vizag News reporter overaction chestunadu,hate,hate
మీ నడుము కేక ఆంటీ,hate,hate
కళ్ళల్లో నుంచి కామం కారిపోతుంది,hate,non-hate
ఆదర్శమైన పొలిటికల్ లీడర్ అయితే రాజకీయ సన్యాసం తీసుకుంటనని చెప్పారు. ఏమైంది,non-hate,non-hate
జై జనసేన మన పార్టీ గెలవాలని మనస్పూర్తిగా కోరుకుంటున్న,non-hate,non-hate
దేశానికి పనికొచ్చే ఇటువంటి వారు నొప్పి లేకుండానే ప్రాణాలను వదులుతారు,non-hate,hate
Good అండి గీత కృష్ణ గారూ మంచి. ఇంటర్వ్యు,non-hate,non-hate
Pichi hospital lo join avara ayomayam,hate,hate
​BJP lo seat kosam baga chesav le stunt,hate,non-hate
రౌడీ టిడిపి,hate,hate
"అవసరం అయినప్పుడు ప్రాణాలు కి తెగించి పోరాడుతారు మన ఆంద్రప్రదేశ్ పోలీసులు, ఫారెస్ట్ ఆఫీసర్స్. గ్రేట్",non-hate,non-hate
He is genuine person అందుకే లోకల్ చిల్లర నాయకులు అంతా కలిసి వాడిని టార్గెట్ చేశారు,non-hate,non-hate
కార్తికేయన్ 2 Congratulations ఫర్ బిగ్ రెస్పాన్స్ ఫ్రమ్ పవన్ కళ్యాణ్ అన్న,non-hate,non-hate
Vedhavalu Vedhavalu anni chotla vunnaru..inka janalani yedipinchadam tappa,hate,hate
చంద్రబాబు శివుడు లాంటి వాడు.. విషాన్ని కూడా తనలోకి తీసుకుంటాడు...ఇక ఇలాంటివి ఒక లెక్కే కాదు..,non-hate,non-hate
jai rgv jai puri,non-hate,non-hate
సోదరులు ఎంత గొడవ ఉన్న ఎవడన్నా తమ్ముడిని ఏమన్నా అంటే రక్తం ఊరుకోదు. అలాగే భారతీయులు కూడా ఉండాలని గొప్పగా చూపించిన రాజమౌళి గారికి ధన్యవాదాలు,non-hate,non-hate
"తెలంగాణ ఉద్యమ గీతాల నుండి, మాస్ గీతాల మీదికి రూట్ మార్చిన మంగ్లీ",non-hate,hate
Exams lo vundey vallani invigilators antaru adi kuda teleedhu Veeedu minister chesadu.... karmara babu chi.... Thuppas na kodaka,hate,hate
pk inka ka pauk ap lo jokers,hate,hate
తెలుగు బాయ్ ఫ్రెండ్ కావాలీ,hate,hate
Bochu pikanddii,hate,hate
దీనమ్మ దీని కి ఇంకా ఏం పనిలేదా..,hate,hate
Em kanapadathunnayi bokka,hate,hate
Manu garu meru involve avvakandi chala chiraku ga vuntundhi,hate,non-hate
Konda gani over action kompamunchindi,hate,hate
రమణ గారు సూపర్ గా పాడేరు మళ్లి మళ్లి వినాలి అనిపిస్తుంది మీకు అ దేవుడు ఇంక మంచి స్తాయిలో వుంచాలి అని కోరుకుంటాను,non-hate,non-hate
Aaa Voice lo unna rajasa yogame vere level Jai Prabhas Anna,non-hate,non-hate
"Jetla
​INDIA ni developed cheyadam evarivalla kadani thelisipoindi prajalaki.....unnodi inka unnntha lenodiki inka lenantha....life tho brathakali thappadu",non-hate,hate
Anna super bro,non-hate,non-hate
Self dabba yekkuva indhi Nagababu nevu ne bussu lu thoo,hate,hate
teenmmar mallana kcr cheppu nakutadhu,hate,hate
Veelu chesadi gymnastics malla vale dhani dance anukuntaru,hate,hate
పెద్ద పీఠాధిపతి లాగా అందరికి ఆశీర్వాదం ఇస్తున్నాడుగా,hate,non-hate
వాడు ఏదో జోక్ చేస్తే అది నువ్వు నమ్మడమే నా,non-hate,non-hate
Pspk vachi photo dhigudham antey aa excitement ey veru adhi clear ga nivetha face lo kanipisthunadhi,non-hate,hate
RGV effect valla Puri cinemalu anni dobbayi.,hate,hate
ఇలాంటి వీడియోస్ చేస్తుంటే మీ ఫ్యామిలీ లో ఆడవాళ్లు గుర్తుకు వస్తలేరా రా..బ్లూ బ్యాచ్ గా.. దాన్ని తన్నాలి ఫస్ట్ ఈలాంటి వీడియో కీ ఒప్పుకున్నందుకు,hate,hate
గుండెల పైన కాదు గుండె లోపల వున్నారు సర్ మీరు,non-hate,non-hate
మాములుగా లేదు ట్విస్ట్ సూపర్ అహ కెవ్వు కేక,non-hate,non-hate
ఇలా ఏమి లేకుండా ఉన్న ఏకైక నాయకుడు... Apj abdul kalam gaaru మాత్రమే,non-hate,non-hate
yogi baba ram rahim sistudu edharu adava vallaki respect eyyaru edharu pedha langa gallu,hate,hate
గాడ్ బ్లెస్స్ యు సమంత సిస్టర్,non-hate,non-hate
ఇటువంటి కథలు పడ్తానే ధిక్కు లేకుండా పోయింది,non-hate,hate
మీకు వంద నమస్కారాలు రా బాబు,non-hate,non-hate
Ravi anna oudi ounte nani vamsi anil kumar ambanti lanti vaalu noru lepevaru kaademo,hate,non-hate
ముందు అరెస్ట్ చేయండి.. మీడియా ముద్దు తీసుకురండి రా...,hate,hate
vd overconfidence valla ciniema dengindhi,hate,hate
Andra prajalaku siggu undali sontha amma nu chellini patinchukoleni vadu Meemanli chusukuntadu,hate,hate
Vijay devarakonda hype tho dhamal.  Jr NTR next turn. Meeru akashaniki ethe antha great actor emi kaadu..,hate,hate
Mere brathukulu inthey eka. Nasanayam aaipotai,hate,hate
Meeru moosukunte baguntadi,hate,non-hate
Meeru mi over action apandra babu,hate,hate
అంత చిరాగ్గా వుంటే.. స్టేజ్ మీద కి ఎందుకెల్లార్ సార్,non-hate,hate
pm modi ni pakisthan ki tarmidengali jai kcr mere next pm,hate,non-hate
బయటకు గేంటేసారు ఒక్కసారి లైవ్ ప్రోగ్రాం నుండి అంతే పాస్ట్ గా పైకి లేచాడు చూపించావు ఓటమి లో కూడా ఎలా పైకి రావాలో అని,non-hate,non-hate
Nayakudu ela undali God bless you sir,non-hate,non-hate
bjp malli ade double game maatladutondi....amaravathi meeda,hate,hate
Nvvy nee build up,hate,hate
Banisa La unnaru kadara meeru me overacting,hate,hate
andukokune vaalu laga vunnaru meru natho comparision na,hate,hate
Lancham antunaru anam garu...... inthaku mundu your government ilagey chesinda...,hate,non-hate
పరుచూరి గోపాల కృష్ణ గారి కి నమస్తే మిమ్ములను మొదటిసారి భార్గవ రాముడి సినిమాలో చూసాను సూపర్ వెరైటీ యాక్షన్ సార్,non-hate,non-hate
Ma campus ee bro lanjoduku,hate,non-hate
"Ipl ki best mana palyers , international matches enduku waste",hate,hate
Dnr sampadinchalani anukunte today ciniema field lo ewaru sariporu mahanubavudu daring man,non-hate,non-hate
preity zinta oka bazzar kukka team tesukovadam kuda radu,hate,hate
shankar ninnu bjp kukka kottinattu kodutaru,hate,hate
సార్ మిమల్ని చూస్తుంటే కొండంత దైర్యం వస్తుంది,non-hate,non-hate
మీ ఎంట్రీ వచ్చినపుడు నితిన్ అన్న భయపడుతున్నాడు,non-hate,non-hate
నేను ఓపెనహార్ట్ విత్ RK తప్పక చూస్తుంటా.  ఇంత దరిద్రపు ఇంటర్వ్యూ పెట్టకుండా వుండాల్సింది.  తేనె పూసినకత్తి,hate,hate
Ne bathukula sulli net nenu dengina vadu esthada recharge aipothe,hate,hate
బ్లాక్ సారీ లో బాగుంది,non-hate,hate
ఆయన పిట్టకథలను బాగా enjoy చేస్తాం... అంతర్లీనంగా ఓక అద్భుతవేదాంతవాక్యం చెబుతారు దానిని వదిలేస్తాం.. అదీమనం. “దేవుడు ఒక్కడే.. నీ మఠం కానంతమాత్రాన వేరేవారిని దూషించనవసరణలేదు.”,non-hate,non-hate
Buthula saka mantri ....,hate,hate
Aatla vastai Anna niku enni telivi tetalu oka cinema thi anna,non-hate,non-hate
Paramboku ias officers ni vetiki kcr Jagan tesku vachi AP Telangana lo pedtaru,hate,hate
Endhuku ante vallu chetha lanchodukulu bro,hate,hate
raja singh kalthi maal ammutharu and rowdy gunda,hate,hate
"ర్మ కోసం చూసాను ,మొదటిసారి అతను ఒక హీరో అభిమాని ఎలా ఉల్లాసంగా స్టేజి పై మాట్లాడుతారో అలా అనిపించారు",non-hate,non-hate
Rai అతను ఉద్యోగం correct గా చేస్తున్నాడు ఎందుకు ర నాయకులు అందురు కలిసి నిందలు వేస్తారు... నిజాయితీ పని చేస్తే ఎవరికీ నచ్చదు..ఛీ,hate,hate
Ee video chusintarvatha mee meeda respect perigindi,non-hate,non-hate
Chavu Nenu avadu apadu,hate,non-hate
RK Garu neku interview cheyadam rakapoty miskuni veray vallaku chance evvandi niku respect evvadam teledu,hate,hate
Ee momment ki nizam gaa aricham,non-hate,hate
Inthamandi abhmaninchali ante entha adrushtam chesuko undali,non-hate,non-hate
Paristhithulu maree intha pagabattesayenti,non-hate,hate
మాతృ భాష తెలుగు అంటే అంత లోకువా    పక్క రాష్ట్రాల వాళ్ళు వారి మాతృ భాష కి ఎంత గౌరవం ఇచ్చు కుంటారో చూసి నేర్చుకోండి,non-hate,non-hate
Lakshalu lakshalu fees lu dengina,hate,hate
ఇది కూడా పిచ్చి డాన్సులు కి ఒప్పేసుకుంది. తు దీనమ్మ. ఆడది అంటే గౌరవం పోతోంది.,non-hate,non-hate
Arey sollu comedy apandraaaa,hate,hate
Green dress sis super ga chesaru,non-hate,non-hate
"Me ఇద్దరు వల్ల ఏపీ లో ఆడవాళ్ళ పరువు పోయింది, పదవి కోసం ఎంతకైనా దిగజారే బ్రతుకులు మీవి",hate,non-hate
oka ammai vi vundhi natho argue chesthava puku mosukoni inti panulu cheyi,hate,hate
నిజానికి ప్రజల కోసం పోరాడుతున్న ఏకైక నాయకుడు రేవంత్ రెడ్డి గారు,non-hate,non-hate
prathi chethanakoduku viratkohli ni anetode lavdapuk gallu,hate,hate
Movie matram modda gudisi potadhiii pakkaa,hate,hate
roja ninnu choosthey nak guddalo edo nakuladhi nuuvu ni barrey guntu,hate,hate
Nuv dancer va chiii sigguledhu Neku,hate,hate
Tokka kooda oppukonu,hate,non-hate
"అభివృద్ధి, సంక్షేమం రెండు చూడగల చంద్రబాబు వల్లే రాష్ట్రనికి మంచి జరుగుతుందనేది ముమ్మాటికి నిజం",non-hate,non-hate
Bahubali time antha Baganey Unnav Anna . Tharwatha ee sahoo ki radhe shyam nachinatlu frnds tho sitting uu food padypoyav Anna ..Ayina sarey darling ee no one,non-hate,non-hate
"Frank ga cheppalante evari personal life valladi...
Meru chesthundi enti mari
Peruki pedda news channels... Avasaramayina news vadilesi sodhi news lu cheppatle....Apudu mimmalni alage anali ga
Enta sepu cinema valla personals lo, leda social media peru cheppi
Netizenlu troll chesthunaru anatam... Controversy lani pani kattukuni crete cheytam...ila sodhi news ee kani paniki vachevi epudyna cheppara ra?
Scrap media channels....",hate,hate
Hema kuturu chala chala baguntadi chala suma show lo chusanu,non-hate,non-hate
women ki respect ledhu malla vadu oka yogi malla ha modda cm kurchi lo vundhi,hate,hate
నువ్ హీరో అవతావు అన్న అంత స్టయిల్  వుంది నిలో ఇది రియల్ మాట,non-hate,non-hate
Nice baaga dhimpav Anchor bro.,hate,hate
చార్మి పూర్తిగా కుదేలు నాకు ఇంకో la కనిపించింది,hate,hate
ery pappa la tho comedy very pappa la uanttadhi dhodhu dhodhey,hate,hate
వెంకీ మామ ఫ్యాన్స్ జై వెంకీ మామ,non-hate,hate
"Babu gogineni garu, suereb ga Chepparu",non-hate,non-hate
Bangaram lanti wife failure kuda supporting ga undi kani veedu vini veshalu,non-hate,hate
బాగా చదివినవ్ గా రాసుకుని మరీ.. మధ్యలో మన భార్యలు అన్నావ్ చూడు,hate,non-hate
బానిస కట్టప్పలు బయటకి వచ్చారు..ఇక జగన్ కి భజన చెయ్యడానికి..,hate,hate
పాప చేతికి కత్తి ఇచ్చే సీన్ ఎన్నిసార్లు చూసినా కళ్ళలో నీళ్లు తిరుగుతున్నాయి... Great thought by director,non-hate,non-hate
మెగాస్టార్ చిరంజీవి గారు అప్పటికి ఇప్పటికి ఎప్పటికీ లెజెండరీ ఆక్టర్ in world,non-hate,non-hate
In direct reshmi ke kiss aadiga du sudheer bhaiyya,non-hate,hate
సంక్రాంతికి రాబోతున్న చిరంజీవి గారి సినిమా మరియు బాలకృష్ణ గారి సినిమా మంచి విజయం సాధించాలని కోరుకుంటూ,non-hate,non-hate
సూపర్ అన్న జై పవన్ కళ్యాణ్ జై జనసేన నెక్స్ట్ సీఎం పవన్ కళ్యాణ్ గారే,non-hate,non-hate
appude amindi mundundi musallapanda chudu ra,hate,hate
Veedu gelisthe telangana people dhi kuda adhe situation,non-hate,hate
Dhusta chaathuryam!  Meeru ilantivi enni chesina em pikalerra!,hate,non-hate
Helping nature kuda vundaali apude manishiki viluva,non-hate,hate
మరదే తెలిసి తెలిసి నిప్పుల్లో చేతులు పెట్టడం అంటే,hate,hate
Mr. Bandi అసలు 2019 కి ముందు ని అస్థి ఎంత ఇప్పుడు నీ ఆస్థి ఎంత..,non-hate,hate
Anchor be like: pichi na kdklni andharu ikkade unnaru,hate,hate
"Megastar tho dutt garu 4movies theesthey 3 industry hits.charan janvi tho thwaraga jvas 2 thiyyandi
Dutt garu",non-hate,non-hate
E bjp oil rates increase chesi vanta cheyali ante kastam undi anna,non-hate,non-hate
ప్రజల తరపున ఇంత సుదీర్ఘ పోరాటం చేసి తాను గెలిచి మమ్మల్ని గెలిపించిన దిలీప్ సుంకర గారికి హృదయ పూర్వక శుభాకాంక్షలు...జై భీమ్ ...జై భారత్...,non-hate,non-hate
Vijay Devarakonda fans ekkada thagedhele,non-hate,hate
మహేష్ బాబు ల వుండ్ సితార పాప చాలా క్యూట్ గా ఉంది,non-hate,non-hate
Povee pukuu mundaa,hate,hate
"poyi central appulu chudu, hunger index, inflation, poverty, unemployment etc Telangana lo least unemployment and development is peaking up rapidly.",non-hate,hate
లంజాకొడుకులు లంజముండల జోకులా ఇవి నా కొడకల్లారా,hate,non-hate
shaq modda ante vunnavu ra kevin neku enduku affair,hate,hate
నా ఊపిరి ఉన్నంతవరకు నా ఓటు మీకే అన్నా,non-hate,non-hate
Prathi scene prathi shot u mind pothundhi Amma baboy Awesome script selection,non-hate,hate
Idendayya idi Mariiii ila thayarayyaru Dandaalu ra ayya,hate,hate
special respect for Indian cricket thanks for ( international board of Australia),non-hate,hate
Cheppedhi em lekapoina ha hm ani anna parledhu vallatho matladali anthee,non-hate,non-hate
Gudivada king true leader,non-hate,non-hate
siggu vundali amma jagan lanti erripuk kanna anduku,hate,hate
All the best annya aaa..ni Hard work apudu ki waste kadhu sir jai janasena,non-hate,non-hate
అప్పట్లో సునీల్ కోసమే డైలాగ్స్ ఉండేవి ఇపుడు ఆలా లెవ్,non-hate,hate
వావ్ మీ డాన్స్ సూపర్ సూపర్,non-hate,non-hate
వారు ఎవరితో పెట్టుకుంటే మీకెందుకుసార్.మీరు రోడ్లు ఎందుకు ఇయ్యలేదు? ప్రాజెక్టులు ఎందుకు కట్టడం లేదు? ఎందుకు ఇంత అప్పులు చేస్తున్నారు మద్యపాన నిషేధం ఎందుకు చేయలేదు? కంపెనీలు ఎందుకు తీసుకురావడం లేదు?,non-hate,non-hate
సిగ్గు సరం వున్న వాళ్ళు ఎవరు వీడి సినిమాలకు పొకడదు ..... ఏంట్రా ఆ బాషా ...,hate,non-hate
po ra pichi kukka . siggu ledhu em ledhu asla manishi vey na,hate,hate
Ilanti MLA Anni niyojaka vargallo enduku leru!!!,non-hate,hate
Full video please bayya,non-hate,non-hate
తొడలు... అస్సలు ఉన్నాయి,hate,hate
Dress bavundi kaani phone poyindi,non-hate,hate
ఎందుకు రికార్డింగ్ డాన్స్ వాళ్ళకి విలువ లేదు అంటే... ఇలాంటి మాటలు... వెకిలి చేష్టలు వల్లే...,hate,non-hate
అసలు ఇంగ్లీషు సినిమాలు లోనే ఇలాంటి పదాలు ఉంటాయి.,non-hate,hate
ముందు ముందు స్పష్టం గా బూతులు మాట్లాడేస్తారు ఏమో,hate,hate
Anduke film dobbindii,hate,hate
kallu pathukoni sanka kannidhi meru,hate,hate
Ade matani dukuduga cheppandi. Siva garu kanabadatharu maku. Voice belaga vundi.,non-hate,non-hate
ఇదేంటీ ఇలా నడుస్తుంది,hate,hate
కోహ్లీ కి అనుకులం గా మరియు ఫామ్ లో ఉన్నపుడు 3 icc cups అందించినా ధోని గౌరవంగా కెప్టెన్సీ వదులుకున్నాడు..అందరు రిటైర్మెంట్ తరవాత లెజెండ్స్ అయ్యరు కానీ కోహ్లి క్రికెట్ అడుతునే లెజెండ్ స్థాయీ నీ అందుకున్నాడు..కోహ్లీ స్టేయి వాడు కెప్టెన్సీ కోసం ఇలా గొడవపడటం వల్ల ప్రపంచ స్థాయీ అభిమనులున్నా కోహ్లి తానా స్థాయిని తాగించుకున్నవాడు అవ్వుతాడు..కోహ్లి winning persentage యెక్కువున్నా..IPL.కాని,non-hate,non-hate
Areyy vanni mental hospital loo join cheyyadraaa,hate,hate
Nijame lanjalara ammavadipuku degichukoniki thisukunara,hate,hate
"చాలా అద్భుతంగా మ్యూజిక్ డాన్స్ స్టెప్ రిసల్ట్ సూపర్,,",non-hate,non-hate
అనిల్ గానీ వాయిస్ వింటే నాకు ఎక్కడో కలుది.... విడు విని మాటలు...వెస్ట్ న కొంది,non-hate,non-hate
అసలు హారన్ కొట్టకపోతే ట్రైన్ ఇప్పట్లో రాదని అర్థం,non-hate,hate
first koja johar ni india nunchi tarmidengithe sangam pedha pothadhi,hate,hate
Ending naku tears vachai  bro. Harsh sai real hero. God bless u brother.,non-hate,non-hate
Sometimes nuvvu vacchinanduku chala feel avutunna ninnu ilanti position lo vunchina naaa lanti die hard fans ni chustunte anna,non-hate,non-hate
roja oka noru vunna pichi lanja noru vundhaani edho edho matladthi,hate,hate
Eema em peekindhi ra judge la pettaru,hate,hate
Avnu nenu mimmalni chusanu chaala sarl,non-hate,non-hate
Modda gudisipotav bollywood content lamti movies tistey,hate,hate
Picha Na Kodaka!! Vinipisthunda Ra Vijay Ga !!,hate,hate
Poyakalam deggara padinappudu alage chestharu,hate,hate
సంకనాకిస్తుంది... ఇది కూడా నిజమే,hate,non-hate
Arey howle Nizamabad MP Pasupu bord Edhi be Nv esukunna Angi lagu kudha Cangress icchindhe and TELANGANA icchindhi kuda Cangress A meeru cheppe Digital India lo ni AAdhar card kuda Cangress tecchindhe,hate,hate
"Tickets rates thagginchaali..appudey janaalu theatre ki vastaaru.. Budget peruguthondhantey dhaanikkaranam producers e... Heroes budget, north Indian heroines, valla staff ni mepaali ivvanni thadisi mopodavuthunnayi",hate,hate
First telangana gurunchi edvu  jai bjp,non-hate,non-hate
"విద్వేషాల ,వైషమ్యాలు గురించి బీజేపీ మాట్లాడటం....",hate,hate
వీడికి ఇంత మంది అవసరమా వోవర్ కూడా,hate,hate
"అలీ siggundali నీకు, sanskaram లేదు నీకు, నవ్వుతూ ఉన్న so called celebrities ki నవ్వు ఎలా వస్తుందో",hate,non-hate
Gee bajaru chillara dhaniki baga hype icharu kadha ra thu,hate,hate
nehru amman denga ni valla india pakistan godava inka vundhi,hate,hate
ఆలోచన చేస్తున్నాం డ్రామా రావ్ ఈసారి మిమ్మల్ని ఓడించాలి అని,non-hate,non-hate
Arey badcaw recharge iypothe data ala osthundhr rah,hate,hate
ఒరేయ్ ముసిల్డాన్ని కూడా వదల వారా,hate,hate
sharmila nuvvu ooriki ki poyi record dancelu cheskho,hate,hate
Veedi maatalaku yentha mandi kodathaaru veeni,hate,hate
Are యాదవ ల్లా రా megastar తరవాత పవన్ కళ్యాణ్ రా  చిరు సర్ ఆయన Vera leval జై బాలయ్య,non-hate,non-hate
Ennisarlu chusina chudalanipinche great scene idi,non-hate,non-hate
సూపర్ డ్యాన్స్ మాస్టర్ జానీ,non-hate,non-hate
Ammai ni pattukoni kavalissindhi konuko ani anta vurukuntunda,hate,hate
నీలాంటోళ్లు పాలమ్మిన వాళ్లు చాలామంది ఉన్నారు వాళ్ళకి ఎందుకు రావడం లేదు అదృష్టం .... అన్ని దొంగ పనులు చేసినవ్,hate,non-hate
Ee styles and mannerisms present andaru vaduthunnaru mana industry lo,non-hate,non-hate
"నేను చూసిన వేలాది ఫన్నీ వీడియోలల్లనే టాప్ 1 లేడీ ఆక్షన్ వీడియో ఇది .,,,అమ్మాయి ఆక్షన్ సూపర్",non-hate,non-hate
elaanti sannasi matalu vinalani maku ledu mundu sari ga matladu mariyada ichi puchukovale anthegani Telangana slag Ani memilage matladtha mante vere partila telanganollu kada,non-hate,hate
Sir Arun Kumar garu meeku hrudayapurvaka namaskaramulu.sir nenu kuda Kapil chit lo chit one L.. vesanu .chit purti ayipoyindi.nene kakunda ma brother cheta friends cheta kuda veyinchaanu.but ippariki amont ivvatam ledu.amont adigite danilone fixid deposit cheyyamantunnaru. consumer court ki velte baguntunda.plz salaha istarani aasisunnanu,non-hate,non-hate
మోహన్ బాబు గారు కొన్ని ప్రశ్నలకు సమాధానం చెప్పలేక బిక్కమొహం వేశాడు. నీళ్లు నములుతున్నాడు,hate,hate
Roja niku minister ichindhi ha shaka ki nayam cheystav ani. Cheera lu pampala miku antey anam garu cutdrawer lu pampala annadu saripoyindha. Power unnantha varaku baganey untundhi.,hate,hate
Ee over action ke... Sankaa naakadu.. Kada. Ayinaa buddi raa ledu,hate,hate
Orey baffun gaa college fees lu thakkuvva chesthee nee mukaniki adi chaluu,non-hate,hate
BJP Sanka naku teenmar vartalu,hate,hate
Rip sir.... ఆత్మ కి శాంతి కలగాలని కోరుకుంటున్నాను....మన దేశంలో ఉన్నది ఇలాంటి బడా పారిశ్రామికవేత్తలు సార్.,non-hate,non-hate
ఇటువంటోళ్లు మంత్రులుగా ఉండడం తెలంగాణ చేసిన దురదృష్టం,non-hate,hate
Twaralo telugollanta pichollawutaaru,hate,hate
Next generation chala strong ga prepare chesthunnaru,non-hate,non-hate
వామ్మో సూపర్ చిట్టి thalli ️ ఆక్షన్ కే ప్రాణం పోసెల అన్నవ్ రా mummy,non-hate,non-hate
కుత్త పగులుద్ది ఎవడైనా(any party/any other fans) ఎన్టీఆర్ అన్న ని తక్కువ చేసి మాట్లాడితే,non-hate,non-hate
Edi over action,hate,hate
"Chi chi neeku anchoring evadu nerponchondo....farmers ni arrest chesinaru ante...safety ki antava,intha dikkumaalina answer emina vuntada asalu,ante anyayam jarigindi Ani chepte arrest lu chestaru,ala arrest cheyyadam correct antava nv",hate,hate
గెటప్ శీను వావ్ సూపర్ మాన్ మెగాస్టార్ బాడీ లాంగ్వేజ్ యాస్ ఇట్ ఇస్ దించేసావు సూపర్,non-hate,non-hate
Sudheer ni timingi timing anna,non-hate,non-hate
తెలుగు లో ఉన్నా అన్ని వ్లోగ్ ఛానెల్ వాళ్లని ఏసుకున్న NTB ఆన్న కి ధన్యవాదాలు..,non-hate,non-hate
అబద్ధానికి పెద్ద నోరు ఉంటుంది,hate,hate
"ఘడ్డగా మరీ మనావర్ గానికి కూడా చెప్పు హిందూ దేవుళ్ళ పైన జోకులు చేయొద్దని, మరి వాని షో కు పర్మిషన్ ఇవ్వకుంటే ఇవన్నీ కాకుండె కదా",non-hate,non-hate
ఎందుకు sir అయిపోయిన పెళ్లికి మేళాలు!!! వదిలేయండి sir. ఇద్దరూ ఇలా తిట్టుకోవడం జనాలకి వినోదం అయిపోయింది sir,non-hate,non-hate
itlantivi ఎందుకు చేస్తారండి meeru rotta cinemalu matrame chestaru sir meeru... any way .. ayina meerante naakistam sir,hate,non-hate
ఇష్టం లేని జాబ్ చేస్తునట్టు ఉంది ప్రభాస్ ఫేస్,hate,non-hate
Power star.....anedi oka brand....evadu padithe vadu power star kadu...kaledu...king okkade power star okkale...only powerful power star pavan Kalyan okkade,non-hate,non-hate
Maa allu aravind gari comedy super allu sir plz meeru movies loo act cheyandi,non-hate,non-hate
ఇనుము ఇనుముని️ కాదు ఎనుము ఎనుముని అనాలి,hate,non-hate
malla manchi erri puku vodu,hate,hate
పేదవాడు కి  జగన్ గారు  ఎ మంచి  పని చేస్తున్న  దానికి  కోర్టులో  కేసులు పెట్టి  న.  బొల్లి గాడు కీ  ఓటు ఎవరు వెయరు,hate,hate
Dance raani dhanni dance judge ga pettaru,hate,hate
Chala ante chala bagundi bro,non-hate,non-hate
Are o nuvvu sollu aapu thammi,non-hate,hate
నోటి తెగులు అని రాసావ్ కదరా. మీ ఛానల్ కన్నా నోటి తెగులు ఎవరికీ ఉంటాది.,non-hate,non-hate
friendly ga annadu,non-hate,hate
పొరపాటున మళ్ళీ గానీ రాజశేఖర్ రెడ్డి గారు వస్తె కుర్చీ పొద్దని తీసుకెళ్ళి కూర్చోబెట్టడు,hate,non-hate
వాళ్లూ ఎలా ఉంటే మనకు ఎందుకు వాళ్ళ సొంతవిశాయలు,non-hate,non-hate
"Ycp lo meeru emi cheyaleru
Jsp lo neeku nachhinattu vundavachhu",non-hate,hate
పవన్ కళ్యాణ్ మూవీస్ లో హీరో... రాజకీయం లో ' 0',hate,non-hate
మొత్తం చూసా నిజాయతీ గా వున్నాయి ప్రశ్నలు జవాబులు..సూపర్ బై రెడ్డి సిద్దార్థ్ రెడ్డి,non-hate,non-hate
"RK గారు, సగం మీరే మాట్లాడేస్తున్నారు, దయచేసి అవతలివాళ్ళని పూర్తి గా మాట్లాడనీయండి.",non-hate,hate
Manchu family ki inka respect undi ante adi only nee valle manoj anna,non-hate,hate
Godfather మరో  Pan India Block buster coming soon జై చిరంజీవ,non-hate,hate
Meku kuda manchi bavisath unntadi,non-hate,non-hate
"Bhuthulu gurinchi, double meanings gurinchi nuv matladodhu anusuya plz",hate,hate
ఎన్ని సార్లు చూసిన చూడాలని అనిపించే speech,non-hate,non-hate
Evadiki vadu acting eraga tistunnaru,non-hate,hate
Manchu Family Paruvu kapade Manishi Nuvvu Okkade anna,non-hate,non-hate
నువ్వు ఒక్క రోజు జబర్దస్త్ లో బాలయ్య బాబుతో ఫోన్లో మాట్లాడలేదా వే,hate,non-hate
మేము ప్రజలకి ఫలానాది చేస్తామని చెప్పుకొని ప్రజల్లోకి రావాలి ఏ బొక్క లేదు వచ్చి ఏం పీకుతారు,non-hate,non-hate
ఇంత పరిజ్ఞానం ఉన్న సీఎం ఆంధ్రకి సీఎం కావడం ఎన్నో జన్మల పుణ్యం,non-hate,non-hate
లైక్ లు కొట్టేవాళ్ళు ఎక్కువా కానీ ఓట్లు వేసేవాళ్ళు చాలా తక్కువా,hate,hate
Ka pal garu miru super,non-hate,non-hate
క్షవరం అయితే గానీ వివరం తెలియదు లెండి.... పృధ్వీ గారు,non-hate,non-hate
ప్రషు వాళ్ళ డాడీకి ఒక లైక్ కొట్టండి,non-hate,non-hate
Aaa cheera etthi guddalo pettara be nee mogga ni,hate,hate
"రమేష్ మాస్టర్ డ్యాన్స్ ప్రాక్టీస్ సూపర్, ఇదీ పద్దతి",non-hate,non-hate
Neelanti  vallu  valla  nijame ayina devunuki  avamanam jarukutundhi,hate,hate
కోడలు పిల్ల మా కొడుకు నీ పెళ్లి చేసుకుంటావా కట్నం ఏం వొద్దు మేమే ఇష్టము కావాలంటే,non-hate,non-hate
Anchor be like: pichi na kdklni andharu ikkade unnaru,hate,hate
అసలు ఏం ఉంది రా అక్కడ పొట్ట ఒకటి ఉంది అక్కడ,non-hate,hate
meeku assalu em matladalo kuda telidhu edo vaagaali vaaguthaaru nv pedda leader vi nv cheppindhe nijam enduku paniki maalina debate lu,non-hate,hate
"మల్లారెడ్డి అంతడబ్బు రేవంత్ రెడ్డికి ఇచ్చారు అంటే...  మల్లారెడ్డి ఎన్ని వేల కోట్ల డబ్బు అవినీతిగా సంపాదించి ఉంటాడు...
సక్రమంగా సంపదిస్తే ఎవ్వరికి ఇవ్వనవసరం ఉండదుగా....
రేవంత్ ఒక్కడికె కాదు..ప్రజలందరికీ నీ అవినీతి డబ్బు పంచాలి..
అప్పుడు ఎవ్వడు బ్లాక్ మెల్ చేయడు.",non-hate,non-hate
oka ammai vi vundhi natho argue chesthava puku mosukoni inti panulu cheyi,hate,hate
Antha energy guddhalo nundi vastundi,hate,hate
bonda uma kukka esaga mafia king,hate,hate
Padavi kosam penta ina tintadu,hate,non-hate
Kcpd men's kutha chnpi paddengutha,hate,hate
Veedemma veedi lssge waste dhi,hate,hate
vijay mallya nirav modi kapadindhi bjp malla ha baate shah gadu nak emtelidhu antaru,hate,hate
కేసీఆర్ కేబినెట్లో మీటింగ్ లేదు బొచ్చు లేదు,hate,non-hate
"atleast akkadaina vudyogam vacchindi,chaala mandiki adi sampadinche scene ledu le bro",hate,hate
Ee Rashmi ki roju rojuki dhebbalu gattigaane gudhuthunnaru,hate,hate
Rayalaseema simham paritala Ravi telugurashtrala devudu NTR but family members of both have utterly failed to carry the legacy of these both in their respective range and categories,hate,non-hate
Antha fake ey solu galu baga ekuva ayaru,hate,hate
"Mustache kosam wait chesi untadu,inni rojulu ee video cheyadaniki,enthaina ne dedication ki hats off bro",non-hate,non-hate
ఈ సినిమా మంచి విజయం సాధించాలి అని ఎంతమంది కోరుకుంటున్నారు.,non-hate,non-hate
"రాష్ట్ర విభజన హామీ ప్రకారం రైల్వే జోన్, ప్రత్యేక హోదా, చెన్నై విశాఖపట్నం సీ కారిడార్, స్టీల్ ప్లాంట్ పునరుద్దరణ మొదలగు హామీలు మిగిలే ఉన్నాయి",hate,non-hate
Kama kukka,hate,hate
కు డాన్స్ రాదు అనే స్టేజ్ నుండి డాన్స్ అంటే ఇది రా అనే రేంజ్ కి వచ్చావు జాని అన్నా,non-hate,non-hate
తాత నీకు 60 పాప కీ 25యెందీరా మాకు ఈ దరిద్రమ్...?️️️,hate,hate
Kasta padithe eppudu pratipalam untundi.. congratulations,non-hate,hate
Sulli ra,hate,hate
4 lo second di tisi 1 ki 2 ki madyalo pedite 4 avtundi order saripotadi,non-hate,hate
Nivetha konni interviews lo aa time lo Rajinikanth garithi movie chestunna idem peddha movie kanattu matladindhi.she was not greatful to act in PSPK's movie.,non-hate,non-hate
Charmi ki Edo ayindi navvaleka sachipothundi,hate,hate
దయచేసి ఎవరైనా ముందు వీడిని మెంటల్ హాస్పిటల్ కి తీసుకువెళ్లండి వీడు ఎవరెవరిని ఏం మాట్లాడుతుందో అర్థం కావట్లేదు ఈ నా కొడుక్కి పిచ్చి పట్టింది,hate,non-hate
పవన్ కుపరువుపొటమే నితికిఎతిరెకంగపొరడుతునడు అయనకుమచిదికదు  జగన్ నిలంటొడుకదు జగన్ దేవుడులంటివడు,non-hate,non-hate
The great honest true leader Pawan Kalyan sir cm kavali nyayam jaruguthundhi ap prajalaki sir,non-hate,non-hate
"Pelli meeda naku chala dreams, respect vundedhi itlanti interviews chusinappudalla pelli chesukokunda vundadame manchidi anipistundhi",non-hate,hate
Mari atluntadhi krithi brm  thoni  andham ante minimam atta,non-hate,non-hate
హ్యట్సాఫ్ పోలీస్ సర్,non-hate,hate
నా బంగారం... ఆ నవ్వులోనే ఉంది అన్న మా సంతోషం,non-hate,non-hate
Ree babu Nani GA neku eaduku Ra avasaram  vajaya Sai  chappali ha visayam nevu eaduku neku avasaram eamiti,hate,hate
రాజు గారు మీరు సూపర్ సార్ బాహుబలి రఘు రామ్ రాజ్ సూపర్ సార్ పులి అంటే మీరు సార్,non-hate,non-hate
మీరు కొనుడు కాదు సారు నీ బిడ్డలాంటి ప్రజలు కొనాలి,non-hate,hate
కింగ్ ఇస్ బ్యాక్,non-hate,non-hate
Nani fans ante mamoluga undadhu mari super love you nani love you,non-hate,non-hate
Niku yevadu ra cheyyamannadu,hate,hate
E vedio chusi nenu chesukovaalsi vastundi inkaa chaalu,hate,non-hate
Full clarity tho unnaru and correct ga chepparu ... movies lo fan following veru ...real life lo fan following veru ..,non-hate,non-hate
కాపీ కాకుండా వేరే ట్రై చేసే సూపర్ విజయం నీదే పిల్లి డుడ్,non-hate,non-hate
Village  పిల్ల  నీవు super,non-hate,non-hate
దత్తపుత్రుడికి ఇంకా సిగ్గు రాలేదు,non-hate,non-hate
ఇంత తెలివైన ముఖ్యమంత్రి ని ఎన్నుకున్నారు,non-hate,non-hate
Waste fellow he did nothing for telengana,hate,hate
Vaadu feel avvadu... Vaadi answer ki nuv avthav,non-hate,hate
కల్యాణ్ దిలీప్ సుంకర గారు చాలా చక్కగా వివరించారు. ధన్యవాదాలు.,non-hate,non-hate
nuvvu poyyi modi modda cheku mms oka great econmist ani prapamcham anukondhi antanu lekunte india ledhu,hate,hate
ఆమె నీ తల్లి అయితే ఇలాగే చేస్తావా,hate,non-hate
",విస్వక్ గాడికి బాగా ఎక్కువైంది.ఇది మంచి పద్ధతి కాదు",hate,hate
ఇంత ఫిట్ బాడీ ఉండి అప్పు అన్న అల మరణించడం బాధగా ఉంది,non-hate,non-hate
Shooting leka mind dobbindi .court should consider this issue .if students take him as inspiration then what will happen. Is it correct .pls consider it,hate,non-hate
Sketch వేసింది ఎవరో కూడా చెప్పండి (దమ్ము ఉంటే),hate,non-hate
"The courage to be disliked"" ee book summary cheyyandi anna.",non-hate,non-hate
Ntr kadhu bey ntr garu give respect,hate,non-hate
ఎక్కడికి పోతోంది మన సంస్కృతి,non-hate,non-hate
పోనీ ఆంధ్రప్రదేశ్ కు separate కరెన్సీ నోటు పెట్టీ నోట్లు గుద్దు జగన్ అన్న గాంధి గారి ఫొటో బదులు నీ ఫొటో పెట్టు అన్న,non-hate,non-hate
Super Madam  dance  chala bagavesaru,non-hate,non-hate
జగన్ శరీరంలో అణువు అణువు రొజక్కకు బాగా తెలిసినట్లుందే,hate,hate
"తల్లి నువ్వు నవ్వొద్దు, ఆ ముఖంలో మూతి తప్ప ఏమి కనిపించదు మాకు",hate,hate
Teeskelli railway station loo padeyandi,hate,hate
డబ్బా రాయుడు మన పెద రాయుడు మొత్తం మీద మేక పోతు గాంభీర్యం కనపర్చాడు ఫసక్,non-hate,hate
మీరు మీ లాంటి వారు రాష్ట్ర నికి చాలా అవసరం,non-hate,hate
కాదన్నా నవ్వి నవ్వి చచ్చిపోతే ఎవరు రెస్పాన్సిబిలిటీ అన్నా సూపర్ అన్న,non-hate,non-hate
Super settiandi voice to video,non-hate,non-hate
Over action apandi raa Babu,hate,hate
అన్నయ్య వదిన. ఎప్పుడు హ్యాపీ గా వుండాలి,non-hate,non-hate
Picchodini interview endhuku chesthunnaru may be TRP kosama,hate,hate
ఈ పాట విన్నపుడల్లా SPB గారే మళ్ళీ తిరిగొచ్చి పాడారు అనిపిస్తుంది,non-hate,non-hate
కోతులు దిగేదానికి ఇంత bulid up aaa,hate,hate
Punch veyyalantay...Sunil anna tharuvathayee...yavarina...,non-hate,non-hate
"jai kumar next nee amma nee ,sisters nee andharni petti prank thesthadu vadu wait",hate,hate
Elagaina vastadu mee dhulaa thirustadu.,hate,non-hate
కంట్లో దురద పెట్టింది కాబట్టి సరిపోయింది,hate,non-hate
Raja Singh nuvvu ni karra tagubthu mokam neeku mokham nuvvu mla ela ayyavu,hate,hate
"Manchi cinema ni prathi okkaru aadaristaru,all the best nikhil, have a bright future",non-hate,non-hate
నువ్వు చాలా చాలా బాగున్నావు. పర్ఫెక్ట్ గా ఉన్నావ్.. మీరు నాకు నచ్చారు,non-hate,non-hate
Vedi nathinakodaka,hate,hate
Meeru Gopi Goda meeda pilli anna maata edava,hate,non-hate
Naku prabhas anna ento rana anna kuda antey,non-hate,non-hate
Ilantivi kaadha ee generation ki inspiring untadhi...plz do more,non-hate,hate
పోలీస్ ఫారెస్ట్ డిపార్ట్మెంట్ 2కలసి పోరాడారు పాపం దాని బారి నుండి ప్రజల్ని,non-hate,hate
భజన భజన బ్యాచ్ ఎక్కువ అయిపోయారు పవర్ స్టార్ కి పాపం,hate,non-hate
నోరు ముయ్. వాడు పరిపాలనా చేతగాని వాళ్లకి అన్న... అంతే.,hate,non-hate
"Paritala nu nuvve sampinavu raa nennu gaali, vaana devudu sampeedu",hate,hate
Washing powder NIRMA neevu maa mukyamantri awadam maa KARRMA,hate,hate
​political fit kakapothe bayapadatam endukandi,hate,non-hate
Peetha … idokA Lavada lo buildup,hate,hate
Marea srihan pakkana moddagudvala,hate,hate
Rey arripuku adhi munda sollu apu ra,hate,hate
ఇలా వాగే ఛీ అని పరిశ్రమ పెద్దలు దూరంగా పెట్ట రు మహేష్ మళ్ళీ దరిద్రని మళ్ళీ స్టేజీ మీదకు తెచ్చాడు 20సం చిరు చాలా నష్టపోయారు,hate,non-hate
Me kastam palinchali sir,non-hate,non-hate
మొత్తానికి యూట్యూబ్ నే కాపురం చేయరా మీకు మా బుద్ధిలకు మానాల్లో లేదు,hate,non-hate
Audience be like :- Bengu ! Athi bengaku,hate,hate
ఎంత నవ్వు వచ్చిందో .  సూపర్ స్పీచ్ అన్న.,non-hate,non-hate
40 సంవత్సరాలు రాజకీయ అనుభవం,non-hate,non-hate
ఓహో ఈ నిజాయితీపరుడైన రవి ప్రకాష్ లో పవన్ లక్షణాలు ఉన్నాయా,hate,non-hate
West mokalu motham judge laa,hate,hate
Dhani pandhi moham chusi shock avuthada,hate,non-hate
ni pellam puku denugutha  ma anna annavu ante,hate,hate
liger movi బాగుంది but హీరో కి నత్తి ఎక్కువ గా ఉండడం వల్ల సినిమా పోయింది అంతే,non-hate,hate
బ్యూటిఫుల్ మేడం,non-hate,hate
Are meru marara dappukottu kovam,hate,hate
దాన్ని పేరు ఏంటి ఐడి ఏంటి చపూ బ్రదర్,non-hate,non-hate
సాక్షి అంటేనే అబద్దలకు care of address,non-hate,hate
"అప్పట్లో dirctors కి, కంటెంట్ రైటర్స్ కి ఉన్న హ్యూమర్ సైన్స్ ఇప్పుడు ఎవరికీ లేదు.",non-hate,non-hate
ఎవ్వరు చెయ్యలేని గొప్ప పని మీరు చేశారన్న మీరు గ్రేట్ అన్నా,non-hate,non-hate
మీరు చెప్పే టాపిక్ వల్ల ఉపయోగం చాలా ఉంది!,non-hate,hate
"Fingerprint mallareddy
Pedda donga na kodku",hate,hate
ఇపుడు కూడ తన తప్పులు ఒప్పుకోవటం లేదు.. pichi munda,hate,hate
entandi pusukunna antha pedha Mata anesav,hate,hate
rgv ki siggu ledhu ammail ni oka sex doll laga choostahru,hate,hate
Antha perfect ga ayithae raledhu but try chesaru kadha that's more important,hate,non-hate
​debate la lo paalgone TRS naayakulaku edhutivaarini maatladaneeyakapovadam samskaaram kaadhu.,non-hate,hate
Party paranga vaduu. Godameeda pilli laga kuda vaddu ra howla,hate,hate
చాలా బాగుంది బ్రో. చిన్నపుడు ఇవి అన్ని మేము చేసాము బ్రో చాలా హ్యాపీ గా ఉంది ఈ సిరీస్ చూస్తుంటే. Best of luck bro.,non-hate,non-hate
నేనూ రెండు ట్రై చేసాను సమ్మగా ఉంది,hate,hate
Modda gudu aithyy,hate,hate
అన్ని తెలుసు పోలీస్ లకు యూనిఫామ్ ఉందన్న అహంకారం  చట్టం తెలిసిన వాడు తప్పు చేస్తే తాట తీయండి అడ్వకేట్  హక్కుల కోసం ప్రజల తరఫున పోరాడండి,hate,non-hate
Muslims hindu devullanu entha thittina parledhu... Kaani hinduvulu  Mee devudini thidithe thappenti,non-hate,hate
Pilichi pettinchukuntaru ga....TV9 ki eemadhya sarada ayindi...,hate,hate
ప్రతి ఒక ఇంటర్వ్యూ లో చాలా కూల్ గా మాట్లాడతారు. నిజాలు నిర్భయంగా చెబుతాడు. ఎవడన్నా ఏమన్నా అనుకొని నేను చెప్పేది చెప్తా అనుకునే వ్యక్తి RGV...,non-hate,non-hate
అన్నయ్య అనే పిలుపు విని వెనక్కి తిరిగాడు,hate,non-hate
alsa janalu erripuk galu jagan ni cm cheyadam enti,hate,hate
అందుకే 400 అమ్మాయిలతో sex చేశాడు,hate,hate
Mulapeta lo 2 years chadhukuna,non-hate,hate
Chance esti champidengala vunnadu aunty ne,hate,hate
"100% literacy rate unna kerala lo ne janalu gorrelu la unte, migilin rashtrallo unna janalu paristhiti emito...... I feel ashamed being part of this type of public",hate,non-hate
"Prabhas ki super jodi,,,arabian bread vastundi",non-hate,non-hate
Acting super undhi ga bro just story lo dammu ledh,non-hate,non-hate
ఇద్దరూ చాలా బాగున్నారు sooooo క్యూట్,non-hate,hate
ఎందుకు అల్యసాO చేస్తునవు పేటక,hate,non-hate
Vadapav gaadu icc trophy elaa win aiythadoo neenu chusthaa,hate,hate
అన్నయ్య చెబుతుంటే నోరు ఊరిపోతున్నాది....,non-hate,non-hate
మహానుభావుడివి సార్ నువ్వు. మేడం గారు మికో నమస్కారం. ఇద్దరు సరిపోయారు. నిజాన్ని నిర్భయంగా,hate,non-hate
నువ్వు వెస్ట్ దానివి దొమ్మరి దాన ఇది ఏంటిదే,hate,hate
"ntha brainwashed gorrelu chesthunnaru, inko vargam enti ante bjp bots SSR influencers ga mari yuvatha ni thappu thovva pattisthunnaru a",non-hate,hate
Car top medhega kurchuni vachindhi mee araganta auntymedha kurchuni kaadhu ga me fans tega feel aypothu support chestnaaru manchi aatagaadivey,hate,non-hate
"Shiva gari smile ki fidaa..mee anchoring super sir..nenu macha cheppe Answers kante meru iche smile ne chusthu undipoyanu..your voice,  your style of anchoring awaysome",non-hate,non-hate
Cut paste... video cut aaeindhi,non-hate,non-hate
samantha oka trigubothu lanja chai lanti mogudu vadilesindhi,hate,hate
"Legendary అంటేనే ntr, anr, తర్వాత చిరు.  ఆయన సినిమాలు నిజజీవితానికి అద్దం పడతాయి. యువతకు దిశానిర్దేశం చేస్తాయి. ఎవడో ఏదో అన్నంత మాత్రాన legend కాకుండా పోతారా",non-hate,non-hate
bandi sanjay gadu amit shah kukka vadu poyi vadi kaalu nakutaru,hate,hate
Murkulani evaru emi cheyaleru...,non-hate,hate
Ee video chusintarvatha mee meeda respect perigindi,non-hate,non-hate
హోమ్ మినిస్టర్ 2000% UNFIT... ఆమెకి ఉన్న తెలివి కి Village member కే ఎక్కువ,hate,non-hate
అంటే జగన్ కు భయపడుతూనే ఉంటారు,hate,hate
సిస్టర్ నువ్వు చాలా బాగా చేసావ్ అమ్మ నీలో టాలెంట్ మామూలుగా లేదు.,non-hate,non-hate
kcr dhi barrey karrey mukku vadu waste pm ki,hate,hate
Orey manam cinemalu chudabatte vallu luxury ga brathukunnaru ra,hate,hate
Life lo okasri ina kalavli darling ninnu,non-hate,non-hate
ఏదో పెట్టేదని లేక అడిగింది,hate,hate
Erripuku matalu baga matladathavu ra adhi nuvvu,hate,hate
Vammo mamulodivi kadu swamy Nuvvu,non-hate,hate
Movie lo content chala bagundi evvadu apaledu movie ni dilraju kuda,non-hate,non-hate
Yenta mandhi stars vunna PAWAN KALYAN YE  POWER STAR,non-hate,non-hate
Adhikaram vunte thuglak gadu emaina chesasthadu,hate,hate
sia vinadaniki notlo motham petta vuntau padutadhi,hate,hate
niku family undi gah ra jagratamma venkata,hate,hate
కొన్ని ఆంధ్ర పందులకి బురదలోనే (ycp)ఆనందం...ఏం చేస్తాం పంది జాతి కదా అట్లాగే ఉంటది,hate,non-hate
అన్నా నెక్స్ట్ మూవీ ఇంకా గట్టిగా కొట్టాలి... ఆల్ ది బెస్ట్,non-hate,hate
మ్యూజిక్ చాలా చాలా బాగుంది..,non-hate,hate
చీర కట్టుకుంటే చాలు ఎవరికైనా ఒక హుందాతనం వచ్చేస్తుంది.,non-hate,non-hate
ముందు arrest చెయ్యండి. వాడు షికారు చేస్తున్నాడు. వాడు ఎందుకు మీడియా ముందుకు రాలేదు.,hate,hate
ఒక్క ఎక్ష్ప్రెషన్తొ  మొత్తం నడిపించినవ్ నువ్వు నిజంగా లెజండ్ అన్న,non-hate,non-hate
ఏంది రా మాకు ఈ సోది నీ ఎపిసోడ్,hate,non-hate
డిజిల్ బదులు మందు కొడితే సరిపోతుంది,non-hate,non-hate
ఆ పటుకోవడం లోపలికి వెళ్లి పటుకొర బాబూ రూంలో కూర్చుని పనిచేసేయి,hate,hate
పెట్టింది పది వేలు.. లాగేది 10కోట్లు,hate,non-hate
నెక్స్ట్ కార్తికేయ 3 మాత్రం సముద్రం లో ఉన్న ద్వారక నగరం మిస్టరీ ...Vere level  లో ఉంటది...,non-hate,non-hate
One and only Mega star .....Potthi leyru....Raleyru,non-hate,non-hate
జయహో రాజాసింగ్ భారత్ మాత కి జై,non-hate,non-hate
Re charge ayepothe Ela ra Google open avrhundu,hate,hate
Anna mee Spandhana bagundhi,non-hate,non-hate
ఈడిని చూసాక....మన సంపు మీద చాలా గౌరవం పెరిగింది...,non-hate,non-hate
"ఇది లంజలా రాజ్యం..,. కలియుగం లో లంజేలే నీతులు చెబుతారు",hate,hate
"Paytm kukkalu ekkada, idi kuda cbn gare plan chesaru antaremooo",hate,hate
Edi lanja kabate ela janalanu chedakodutundi,hate,hate
kodali nani  koja na koduku mla lankadhnulu okati levu,hate,hate
study chesi kcr em pikindu velumundra ayina pm position lo undu that is modi,non-hate,non-hate
Pilla puk comedy,hate,hate
గెటప్ సీను acting యెంత మందికి nacchindi అద్భుతం super,non-hate,non-hate
అక్క నీ పాట ప్రతి ఒక్కటి అదిరిపోతుంది,non-hate,non-hate
vachanu anuko gudda paligipodhi,hate,hate
శేఖర్ మాస్టర్ గారు అండ్ శ్రీముఖి గారు మీ డ్యాన్స్ బాగా అదిరింది,non-hate,non-hate
A 1 చిల్లర రాజకీయాలు అపు...... ముందు ఇంట్లో వున్న మహీళలకు న్యాయం చేయమను.... అక్కా చెల్లెళ్ళు చేబుతారు A1 Bach ki,hate,hate
అల్లు అర్జున్ కి ఏక్కడో సూడి ఉ౦ది.multitalent వున్నోడు అల్లు అర్జున్ ఒక్కడే ఇన్ ఇ౦డియా,non-hate,non-hate
ఓన్లీ  బై రెడ్డి సిద్ధార్థ రెడ్డి అన్నయ్య కోసం చూసినవాళ్లు like me....,non-hate,non-hate
రేవంతన్న ఇచ్చిన షాక్ కి మల్లారెడ్డి కి పిచ్చి పట్టినట్టు ఉంది,non-hate,hate
"రాష్ట్రాన్ని నకించేసి తల్లి, కుతురు సైడ్ అయిపోయారు",hate,non-hate
ఛీ దీనమ్మ ఎందుకు రా వీడు,hate,hate
నిను చూస్తుంటే KGF సినిమాలో RACKY బాయ్ గుర్తుకు వస్తున్నాడు,non-hate,non-hate
Me Bathukulu yenduku ra,hate,hate
అబ్బా బొడ్డు ఇంత పెద్దగా ఉంటే బొక్క సముద్రం లాగా ఉంటాదేమో?,hate,hate
Hii Bagunnara Harsha Sai garu  meku. Mee team members ki happy vinayaka chavithi,non-hate,non-hate
మీరు దేవుడు సార్,non-hate,hate
Aat..... tatha on fire,non-hate,non-hate
punju vachi pitta ni dengithey nenu commentry chepijry ala vuntadhi # punjuunggamer,hate,hate
"Abboo siggulekundaa vadu matladina matalu okkadu kuda levaledu ikkada..
Just for hate in Modi how much low can go anywhere",non-hate,hate
Evadra erri puukodu vaadu.. Duplicate gild eskuni show dhenguthunnadu,hate,hate
Aallu eellu andaru okkate,non-hate,hate
రష్మిది అని చెప్పి ఆది లేకపోతే అలుగుతుంది స్త్రీల పరువుతీస్తున్నది,non-hate,non-hate
Leak endhi ra secret aaa dhii,hate,hate
Anna  plz pellichesuko sir age 43 plz anna,non-hate,non-hate
ఆహా సూపర్ mr khan హిందూ దేవతలను అన్న వారితో కూడా క్షమాపణ చెప్పించండి అప్పుడే మీ నిజాయితీ ని నమ్ముతా.,non-hate,non-hate
Chala worst ga undi,hate,hate
kcr niku baga ekkuva ayidhi anni moukni cm avvu next karre mukku ki cm endhuku ra lanje boss,hate,hate
Nu Track medha untey enni sarlu horn kottidhi ???,non-hate,non-hate
సిగ్గు లేకుండా తిరుగుతున్నారు ఎమ్ ఆబివుద్ది చేశారని తిరురుగుతున్నారు,hate,hate
Miss u sirr.... నిజాన్ని సినిమా లో చక్కగా చూపించారు.... గ్రేట్ లెజెండ్,non-hate,non-hate
ఈ పాదయాత్ర అయిపోయిన  తర్వాత ఆ 80 కంటెర్నర్లు అసలు ఉండడానికి ఇళ్లు లేనివారికి ఇవ్వండి,non-hate,non-hate
Mentel gadini tesuku vachi kurcho pettukunnaru enti anker garu,hate,hate
ఈ అమ్మాయి సిగ్గు లేకుండా ఇంకా కావరింగ్ ఒకటి,hate,non-hate
నిమాటలు కడుపుకి అనం తినేవాడు ఎవరు నమరు జై హర్ష జై హర్ష హర్ష,hate,non-hate
nupur sharama  rape cheshi dengutha,hate,hate
Acting super undhi ga bro just story lo dammu ledh,non-hate,non-hate
అన్ని తెలుగు ప్రాంతాల నాయకులు ఇలానే వున్నారు... లోఫర్స్.... తప్పు మనది... మనకు సిగ్గుండాలి ఇలాంటి నాయకులను ఎన్నుకున్నందుకు...తు…,hate,non-hate
"Broooooooooooooooo  chala mandiki untai pailsu, neku vachindi movie lo chancesu pola adiri pola , all the best bro",non-hate,non-hate
me koduku ki eva ra poka,hate,hate
అన్ని ఇచ్చేయాల్సింది బ్రదర్ ఒంటి మీద ఏమి లేకుండా sigu lenu edava laga,hate,non-hate
"పాలు, పెరుగు, పువ్వులు కెసిఆర్ ఫామ్ హౌస్ లో అమ్మినవ్ అది అందరికి తెలిసిన విషయమే",non-hate,non-hate
Ramu inner peeling : night ki gunta tho dengulata ki set ipoyindi,hate,hate
Enti Puri nuvvu entha knowledge gain chestavu.,non-hate,hate
Apara thagubothu abbati,hate,hate
రోజు ఈ సాంగ్ వింటాను నా రింగ్ టోన్ ఇదే అన్న సూపర్ సాంగ్,non-hate,non-hate
ఇంత చక్కటి సినిమా తీసినందు మీకు ఎలా కృతజ్ఞతలు చెప్పాలో అర్థం కావటం లెదు.. ఈ  classic movie చరిత్ర lo నిలిచిపోతుంది,non-hate,non-hate
Samantha script selection lo acting scope roles choose cheskuntundi,non-hate,hate
నువ్వు ఏమి పని మీద వచ్చావు నువ్వు ఏది matlduthunvu ముందు mlc ni arest చెయ్యండి,hate,hate
Evadentha echaru neeku dabbulu bewerse yadavalraa,hate,hate
"Assaminchani suryudu ma paritala ravanna, champi chindhi nuvu nikodukey, andukey ni maranam uhathitham.",hate,hate
ఒక ప్రజా ప్రతినిధి హోదాలో ఉండి ఇంత దిగజారి మాట్లాడే సంస్కృతి ఈ మధ్య చాలా ఎక్కువైంది,non-hate,non-hate
Super concept inka music chala bagundhi short film kuda chala bagundhi,non-hate,non-hate
sky kohili valle india semis ki vachindhi,non-hate,hate
వీడు పోటీచేస్తే వార్డు నెంబర్ కూడా గెలవడు వీడు చంద్రబాబు నాయుడు గారిని టార్గెట్ పెట్టుకొని తెలంగాణలో చెంప దెబ్బలు తిన్నాడు,non-hate,hate
Nivu kcr tho thov ra chilka,non-hate,hate
Babulake Baabu Super star Mahesh Baabu,non-hate,non-hate
Anna nv thopu neki sati yevaru leru,non-hate,non-hate
రోజ నువ్వూ ఆ ఇకలు పికడనికి తప్పా దేనికి పనికిరావు,hate,non-hate
BJY chaala manchi concept,non-hate,non-hate
Idhi language class aa Leda mimicry artist class aa,hate,hate
Nuvvu king mawa,non-hate,hate
Arey budder khan nuvvu asalu,hate,hate
మహేష్ బాబు ఈ రేంజ్ లో నవ్వడం ఇప్పటి వరకు ఇదే మొదటి సారి. Big thanks to Sathi anna.,non-hate,non-hate
జనాలు లేరు బోచ్చు లేరు అంతా అంబక్,hate,hate
"​వైసీపీ, బిజేపి ఒకటే. రెండు పార్టీలు understandig.జగన్ గారు ఇక్కడ గట్టిగా అరిస్తే అపోజిషన్ రేపు డిబేట్ లో సీఎం గారు అడగలేదు అని అంటారు.అంతకు మించి ఏమీ లేదు.",hate,hate
"90ml సీఎం, నీకు హిందువులు అంటే ఎందుకు అంత చులకన,",hate,hate
Ila suitcaselu petti mosam cheyatam kanna afrer results vachaka prize money la petti untey best ga endhuko ee mosalu,hate,hate
Ycp Gunda na kodakalara randra chuskundham,hate,hate
From recent 3 months iam addicted to your videos anna. Your way of explaining and slang is very nice,non-hate,non-hate
​pavan anna madagudu ra ani cheppa,non-hate,non-hate
నీ ఇంటర్వ్యూ అన్నిటిలో నాకు నచ్చిన ఇంటర్వ్యూ ఇది ఒక్కటే అన్న,non-hate,non-hate
"ఆంధ్రప్రదేశ్ కొండలు, గుట్టలు కబ్జా మాఫియా డాన్ జగ్గు భాయ్",hate,hate
Paniki malina chana,hate,hate
ఈ పాట అంటే ఎంతమందికి ఇష్టం,non-hate,non-hate
Stage ekkithe chalu sollu,hate,hate
"Starting lo full cover aiye vesedi dresses, rating kosam ippudu Air free",hate,non-hate
memu videos chusthe kani meku annam kuda dorakadhu alantappudu mammilini yedavalu ni chesi anukoku ra nayana sollu apu,hate,hate
Porapatuna cinema bagaledu janalu raledu ante paristiti Vijay:Intlo padukovalsinde,non-hate,hate
అప్పుడు రాజకీయ ఎదుగుదలకు కారకులయిన అద్వానీ గార్ని అవమానించారు. ఇప్పుడు పదవీవిరమణ చేసిన కోవింద్ గారిని అవమానించారు. న్యాయమా మోదీ గారు.,non-hate,non-hate
చిరంజీవి గారు  ఇష్టం లేనప్పుడు  ఆయనతో  ఎందుకు వాయ్స్  ఓవర్ ఎందుకు చేయుంచుకున్నారు మీ సినిమాలో.,hate,non-hate
దీనమ్మ రోజ ని ఎవడికైనా చూపించండి రా,hate,hate
"మేూడి డ్రేస్ ఖరీదు 15 లక్షలు , ఓక్కోక్క  డ్రెస్ కరిదు మరి ఇంత డబ్బు ఎక్కడినుంచి వచ్చాయమ్మ",non-hate,hate
Net I pothe google lo ela search chestav ra bevakoof,hate,hate
అంబేద్కర్ విలువ మీకు తెలిసినట్టుగా రిజర్వేషన్ తీసుకున్న వ్యక్తులకి తెలియలేదు కనీసం ఇది చూసిన తర్వాత అయినా తెలుస్తుంది,non-hate,non-hate
గుడివాడ ప్రజలు ఆలోచన పరులు కానంత వరకు దేవుడు కూడా బాగు చేయలేడు వేడవలకూ పదవులు.,hate,non-hate
మీరు సూపర్ మేడం పట్టుదల ఉంటే ఏదైనా సాధించవచ్చు అని మీరు నిరూపించారు,non-hate,non-hate
ఇది frankness నీ బొంద.... అనాగరికం.... సభ్యత సంస్కారం లేని ఒక సైకో వీడు.... గుహల్లో జీవించాల్సిన వాడు.,hate,non-hate
ప్రభుత్వ సొమ్ము ఒక్క రూపాయి కూడా వెనుక  వేసుకోలేదంటే అది APJ అబ్దుల్ కలామ్,non-hate,non-hate
"డెవిల్ మూవీ కూడా Blockbuster నీకింకా తప్పదు దిగ్విజయం... నందమూరి 3 స్టార్స్  జై ఎన్టీఆర్, జై బాలయ్య, జై రామ్...... జై నందమూరి",non-hate,non-hate
Andhariki rajamouli rgv inspiration emo naku meere inspiration.....words can do more than action....mee laga knowledge gain cheyyali sir nenu,non-hate,non-hate
Bagunnavu chai and pallavi,non-hate,non-hate
కరోనా వచ్చి జనాల్ని ఒక రకంగా సంపుతుంటే.,hate,non-hate
ఆడు చూసి చూసి రోజా పక్కన కూర్చుంటాడేమే అనుకున్నా.,hate,non-hate
నువ్వు మాట్లాడేది తప్పు. అన్న గురించి ఎంతైనా చెప్పుకో వచ్చు కానీ మోహన్ బాబు గారిని తమ్ముడు అని మాట్లాడడం ఏమాత్రం కరెక్ట్ కాదు. వాళ్ళ కొడుకులు కూడా సీరియస్ అయితే ఎంత పరిస్తితి ఏంటీ.,non-hate,non-hate
"ఇంత అందంగా ఎలా అంది మీరు
మీలానే మీ స్వరం కూడా చాల అందంగా ఉంది",non-hate,non-hate
Power star ante movies and acting kadu real star only,non-hate,non-hate
"Inko rendu padithey, aa migatha dula kuda theerpoddi Uday Kiran 2",non-hate,hate
అంతరించి పోతున్న ఆరోగ్యావంతమైన హాస్యాన్ని తట్టి లేపిన సాత్విక్....,non-hate,non-hate
ఇటువంటి చావు రావాలంటే ఎంత పుణ్యం చేసి ఉండాలో     మీ ఆత్మకు శాంతి కలగాలని కోరుకుంటున్నాను,non-hate,non-hate
బాలయ్య బాబు అభిమానిని ఈ సినిమా పెద్ద ఇటు కొట్టాలని మనస్పూర్తిగా కోరుకుంటున్నాను జై బాలయ్య జై చిరంజీవ,non-hate,non-hate
tweet:enduku kumail najaini  gudda chaal rangaluo vuntadhi kumail: enduku mi amma lipstick vunthadhi,hate,hate
నువ్వు పడింది మంచి గాఉంది బ్రో,non-hate,hate
అన్నా చాలా ఇంప్రూవ్ అయ్యావ్.... సూపర్,non-hate,non-hate
E roju e liger movie chusa uttar flop movie jeevitham meedha virakthi puttipoyindhi,hate,hate
"తన స్వయం కృషి తో కష్టపడి, తన నటనతో ప్రేక్షకుల హృదయాల్లో చెరగని ముద్ర వేసుకున్న మన మెగాస్టార్ చిరంజీవి",non-hate,non-hate
Samantha acting matram ichipadesindhi thrill chestadhi second half fantastic anthe,non-hate,non-hate
Harsha anna ni kalavaali okkasaraina,non-hate,non-hate
Industry లో ఒక్క remark కూడా లేని ఫ్యామిలీ ఏదైనా ఉందా అంటే అది One And Only Victory Venky Anna Gaari Family Superb Raana Anna,non-hate,non-hate
gorantla madav issues side chyadaniki jenasena ni kelikaru yeppatu lane,non-hate,hate
Mee Ayya Farmhouse Unte Mee ML Lu Appudaina Mee Ayyani Chusindra Lolly ga,hate,non-hate
వీడియో తీసినాను కొట్టాల వీన్ని కొట్టాల దాని కింద వేసి కొట్టాల,hate,hate
నేను రోజూ అనసూయను ఉహించు కుంటు కొడుతున్న,hate,non-hate
"""నంబి నారాయణ"" గారికి జరిగిన అన్యాయం చూస్తుంటే చాలా బాధ వేస్తుంది, ""నంబి నారాయణ"" గారి త్యాగానికి మా హృదయపూర్వక ""పాదాభి వందనాలు""",non-hate,non-hate
నిజంగా ఈ లవ్ స్టోరీ ఏంది భై  శీనన్న ఏడిచే సీన్ సూపర్,non-hate,non-hate
Super tammudu,non-hate,non-hate
owasi bro's nupur raja singh ni pakistan ledha andaman ko tarmidengali #the people who  divide india,hate,hate
ఇందులో ఒక్క నిజం ఉంది... లైఫ్ సాఫీగా జరిగేవాళ్ళు బయట పాడారు.. ఎందుకు అంటే వాళ్లకి అవకాశాలు ఉన్నాయి కాబట్టి..,non-hate,non-hate
పోలీస్ వేవస్థలో మీలాంటి SP లు ఉంటే పోలీస్ లపై  గౌరవం పెరుగుతుంది సార్...మీలాంటి SP మా తెలంగాణా లో కూడా రావాలి సార్,non-hate,hate
మీరు ఆ స్థాయిలో ఉండి కూడా మీ స్నేహితుని పరిచయం చేయడం ఆనందకరం,non-hate,non-hate
Alaanti goppollaki ilaanti goppolle pudatharu..,non-hate,hate
బాగున్నారు తల్లి కొడుకులు స్టోరీ,non-hate,hate
"ద్రోహం చేసింది,నిజంగా ఏపీ ఉసురు బీజేపీకి,మోడీకి తగులుతుంది.",hate,non-hate
చాలా యూట్యూబ్ చానల్లలో మీరు చెప్పిన గరికపాటి వారి అభిప్రాయం ప్రచారమౌతున్నది. వాటి కింద కామెంటులను సినిమా రంగం వారు చదివితే ప్రజాభిప్రాయం తెలుస్తోంది. ఏమైనా అనుకోని అనుకుంటే ఒకనాడు వారి భార్యాపిల్లలపై అదే ప్రభావం పడవచ్చు. చివరగా బుధ్ధి చెబుతుంది…,non-hate,non-hate
తెలుగు రాష్ట్రాలకి మంచి మంచి నాయకులు దొరికారు సినిమాలు వెళ్లనవసరం లేదు వాళ్ళే సినిమా చూపిస్తారు మంచి కాలక్షేపం,non-hate,non-hate
Power Lo undi evaru ra vedava,hate,hate
Waste gaadu ali,hate,hate
​pawalagadi gorrelaki avesam thappa alochana ledhu,hate,hate
Mundhu RTC Buses lo students entha ibbandhi padivelthunnaru chudandii valla hanging conditions you have to notice everything,hate,non-hate
హర్ష..! నీ మనసులగే... నీ రూపం కూడా అందంగా ఉంది......,non-hate,non-hate
Pila nibha star vijgay overkonda guddakonda,hate,non-hate
Ede poindi kaadu manaki,non-hate,hate
ఆపు రా డ్రామా రావు అన్ని సొల్లు కబుర్లు,hate,non-hate
చాలా బాగా చెప్పారు అన్న.. మొదటి ఉదాహరణ వుంది అది మాత్రం.... మామూలుగా లేదు... సూపర్ అసలు,non-hate,non-hate
Hero lu remuneration taggisthe dil raju rates penchi collections motham mingesthadanta….funny fellow,hate,hate
​Ap state nu sarwa nasanam chesaru,hate,hate
Logically what u said is exactly right.. Appreciated the way you explained the concepts of government and other way of ruling.. Good.. Keep it up dear..,non-hate,non-hate
"రైతు బంద్ వల్ల ఎవరికీ లాభంరా  నాయన, ఎవరికీ ఏకువా భూమి ఉంటే వాడికే ఏకువ లాభం, నువ్వు నీ బ్రోకర్  జర్నలిజం",non-hate,non-hate
Arey drama rao apura Ne sollu,hate,hate
వేణు స్వామీ మీ మాటలు అన్నీ అబద్దం.,hate,hate
ఏం అదృష్టం స్వామి అన్న నే ఫోన్ touch చేసింది.. లక్కీ,non-hate,non-hate
చిరుత looks adhurs,non-hate,hate
Madhi sommu ea kadha vochesthadhi,hate,hate
అనిల్ కుమార్ గారిది తప్పలేదు కానీ ఇలాంటి సమస్యలు కూడా  రాష్ట్రంలో ఉన్నాయి అని బాగా తెలియజేసారు.,non-hate,non-hate
Sorry to say but chinna events ki velthe ilaney jarugutundi..,hate,non-hate
తెలివైన మూర్ఖుడు... RGV,hate,non-hate
"రోజా ఆంటీ కి బాగా తెలుసు జలగ మొన రెడ్డి కి వెంట్రుకలు ఎక్కడ, ఎక్కడ ఉన్నాయో",hate,hate
karan johar asla modda levadu anta andukey ammaila mataladuthaane vunatru,hate,hate
​yuddham vadhu please for lokham lo shanthi vunchadhi,non-hate,hate
Niku cheppada kohili one day adanu ani,non-hate,hate
KCR ni chusi Vallabhai patel anukunnademo.,non-hate,non-hate
great raa baabu movies loki  vellipoyava ra baabu,non-hate,hate
Telugu tamil industry la ki break dance nerpindhe prabhudeva..meru evergreen dancer sir,non-hate,non-hate
Pora kukka,hate,hate
Nvvu first e channel dheni kosam pettinav kcr kosama peoples ki emaina prayojanam vundhara entha sepu kcr sanka nakuthunnav,hate,hate
narottam mishra peddha langa ram setu movie ban cheyamantaru deniki movie peru lo ram vundhi ani,hate,non-hate
హమ్మయ్య.. ఇప్పటికి ఒక మంచి వీడియో చేశావు తల్లి,non-hate,hate
ఇలాంటివి చేస్తేనే మీకు 2019 లో బొక్క పడింది.,hate,hate
Ram entra babu intha andamga undau super,non-hate,non-hate
కంట్లో దురద పెట్టింది కాబట్టి సరిపోయింది,non-hate,non-hate
ఏక్కడకి పోయండి ఈ మహిళా కమిషన్,hate,non-hate
నువ్వు కాదయ్యా హీరో నీ యనకాల ఉంది చూడు పులి సోను సూద్ సార్,non-hate,non-hate
jagan gabbu gadu cbn pettina manchi padakalu ni tolagichi auto valla ki 10000rs esthunnaru,hate,hate
Desaani dochokotaaniki eeyanaki emi takkuvayindita,hate,hate
​a bayam unte villu paripala tinnaga cheste sari ponu,hate,hate
Telugu industry na modda kudavandi ra,hate,hate
Sister...Nelanti vaallu thaluchukuntey condecterley kaadhu collectorlu avthaaru...kalaakarulavtharu....neku suport chestunna ne family ki..A P S R T C ki ne tharupuna Thanks cheptunna,non-hate,hate
Nenu aite Jabardast show chudadam manesanu TV 5 ABN channels lo debates vchinaka,non-hate,hate
Mahesh smile ...pure soul,non-hate,non-hate
Madam meeru good questions aduguthunnaru,non-hate,non-hate
𝙋𝙪𝙠𝙪 𝙙𝙖𝙣𝙜𝙞𝙩𝙝𝙝𝙖,hate,hate
మీరు మాకు దూరం అవ్వడం మా దురదృష్టం,non-hate,non-hate
Amma pai joke enty raaa..... Avulagallraa,hate,hate
తాను ఇంతకు ముందే చెప్పాడు నేను ఇలా videos చేయడానికి కారణం అందరూ inspire అవ్వాలి అని,non-hate,non-hate
Chi yentra makikarma,hate,hate
తమ్ముడు నువ్వు సూపర్ నిజాన్ని ఈలాగే నిర్బయంగా చెప్పు ఎవ్వనికి భయపడకు,non-hate,non-hate
"RK గారు మీకు, మీ టీం కి దన్యవాదాలు, సుతి మెత్తగా ప్రశ్నలు వర్ణించారు  అహంకారికి ...అహంకారం కాస్త తగ్గినట్లు అనిపిస్తొంది",non-hate,non-hate
Mundhu veeni interview chesthunna channel vallani thannali,hate,hate
గ్రేట్ పర్ఫామెన్స్ సిస్ క్రింది టైల్స్ స్లిప్ అవుతున్న బలన్స్ చేసుకొని పెర్ఫెక్ట్ గా డాన్స్ వేసావ్ సూపర్,non-hate,non-hate
erri puk moody valla srh playoffs ki pole,hate,hate
త్వరలోనే పవన్ కళ్యాణ్ గారు ముఖ్యమంత్రి కాబోతున్నారు,non-hate,non-hate
Best లీడర్ and best పోలీస్.ప్రవీణ్ కుమార్ సర్,non-hate,non-hate
Comments chadivi masthu enjoy chesthunna nenaithe,non-hate,hate
ఆ వైట్ డ్రెస్ లో చూస్తుంటే విజయవాడ పెద్దపులి వంగవీటి మోహన్ రంగా ను చూసినట్టుంది అన్న,non-hate,non-hate
Ttr dongal trs pata leaders,hate,hate
