original,mild,severe,original_to_mild,original_to_severe,mild_to_severe
0.9139760568017214,0.9139760568017214,0.5545613106580725,0.0,-0.359414746143649,-0.359414746143649
0.9050645700490402,0.7883305498422359,0.555106817428402,-0.11673402020680423,-0.3499577526206382,-0.23322373241383398
0.8685483166288577,0.8685483166288577,0.5545613106580725,0.0,-0.3139870059707852,-0.3139870059707852
0.8027184699753684,0.8027184699753684,0.5120148330250693,0.0,-0.2907036369502991,-0.2907036369502991
0.8584367028557633,0.8584367028557633,0.5769551386237024,0.0,-0.28148156423206094,-0.28148156423206094
0.8605192300242303,0.7801991665196494,0.5819865484355077,-0.08032006350458087,-0.2785326815887226,-0.1982126180841417
0.7990986080112327,0.7382151706079483,0.5251748993844632,-0.06088343740328439,-0.2739237086267695,-0.21304027122348512
0.8262217308995152,0.7858979665224867,0.5545613106580725,-0.04032376437702856,-0.27166042024144277,-0.2313366558644142
0.8237659498663287,0.8237659498663287,0.5545613106580725,0.0,-0.2692046392082562,-0.2692046392082562
0.8682376821897191,0.7982839589641683,0.6005493763942384,-0.06995372322555082,-0.26768830579548064,-0.19773458256992982
