text,true_label,prediction,prob_hate,prob_non_hate
స్త్రీలను వీధిలోకి లగకంది పవన్ గారు చూస్తే ఆయనకి పార్టీ కి చెడ్డ పేరు వస్తుంది,non-hate,non-hate,0.4794721893332057,0.5205278106667943
Gudha paguldegale,hate,hate,0.5147967261178595,0.48520327388214046
Nijanga ilanti extraordinary persons untaru,non-hate,non-hate,0.49489701588695545,0.5051029841130446
నాకు ఇంటర్నెట్ మొబైల్ డేటా లేదు అండి ఇందులోనుంచి డబ్బులు వస్తే ఏపించుకుందాం అని చూస్తున్న... మాములుగా లేదు అనుదీప్ గారి పంచెస్,non-hate,non-hate,0.4895526999527856,0.5104473000472144
AP ki manchi rojulu vasthundhi,non-hate,hate,0.5112780607153928,0.48872193928460717
Ayithe life politician kavali ra Babu.,non-hate,hate,0.5076454076918957,0.49235459230810436
KTR:Nannu erri puk cheshavu gah kadhara revanth,hate,hate,0.5361677965924696,0.46383220340753034
Youtube vedios konni follow ayyedhanni tharwatha BB house lo koncham negitive feel ayya ippudu chustunte badha anipistundhi very good dancer All the Best for your future Shanmukh 💐,non-hate,hate,0.5263710238763004,0.4736289761236996
Recharge aipothey data ela vastadhi ra erri puka,hate,hate,0.5225568957109794,0.47744310428902065
vadu donga nuuv yadava,hate,hate,0.523664536427967,0.47633546357203305
సంస్కారవంతమైన కుటుంబం,non-hate,non-hate,0.4833665690776391,0.5166334309223609
ప్రజా సమస్యల పరిష్కారంపై దృష్టి పెట్టండి,non-hate,non-hate,0.4654132847328799,0.5345867152671201
Waste gadu Natraj is very bad behaviour,hate,hate,0.5160143273569866,0.4839856726430134
Kanisam okka wicket kooda teeyaledu waste galu,hate,hate,0.5169954697769092,0.4830045302230908
"Amit Shaw ki slippers vesthu bathukuthunnadu, telugu vaari gowravaanni gujarat gadidhala dhaggara thaakattu pettesthunnadu..",hate,hate,0.5237684604421781,0.47623153955782194
jihah khan sucide ki karanam sooraj altanchdi sulli bhai mafia support free vare ammailtho dengithunaru,hate,hate,0.5286738144185935,0.4713261855814065
"Police vallu cheppindi antha nijamena, poorthi enquiry ayina tharavatha nuvvu vallanu criminals Ani cheppu brother.",non-hate,hate,0.5133480459369646,0.48665195406303546
ప్రతి సీన్... ప్రతీ షాట్....మతి పోతుంది లోపల awesome,non-hate,non-hate,0.4666451378744437,0.5333548621255563
Janabha.peregutunaru.vupadhe.udhyogalu.karuve.vundhe.,non-hate,hate,0.5167427555007484,0.48325724449925156
మళ్ళీ మళ్ళీ రిపీట్ చేస్తూ చూస్తున్న వాళ్లు ఎంతమంది ఉన్నారు...️,non-hate,non-hate,0.4817019222672634,0.5182980777327366
entha cute couple abbaa..!!,non-hate,hate,0.50226421440191,0.49773578559808995
Allu Arjun cinema ki pranam esatadu,non-hate,non-hate,0.4994254195323392,0.5005745804676608
తెలివిగలవాళ్లని అనుకుంటాంగానీ కాదు అదృష్టం ఏమూలో ఏడుస్తుంది ఇట్లాంటి  వాళ్ళకి. జనాలతో తిట్టించుకుంటే కాని నిద్ర పట్టదు,hate,non-hate,0.4701309871099678,0.5298690128900322
కడిగేయండి మీరు సమాజాన్ని!  నాకు బాధగానే ఉంది గురువుగారు.,non-hate,non-hate,0.46498146744421043,0.5350185325557896
"God bless your relation madam, జై సుధీర్ అన్న",non-hate,non-hate,0.4664462616221836,0.5335537383778164
Ammai ni pattukoni kavalissindhi konuko ani anta vurukuntunda,hate,hate,0.5138367409172959,0.48616325908270414
"శుక్రవారం శుక్రవారం స్టేషన్ కి వచ్చి సంతకం
పెట్టు",non-hate,non-hate,0.47715940054498174,0.5228405994550183
ఎందరో  మహాను బావులు  వుంటారు వాళ్లు ఊరికెనే ఉండరు,non-hate,non-hate,0.47058269227358307,0.5294173077264169
Nuv annantha mathrana Harsha Sai midha abimanam thaggadu ra,hate,hate,0.524721979493507,0.4752780205064931
నీతి నిజాయితీ లకు మారు పేరుగా నిలిచిన వ్యక్తి ఆళ్ళ రామకృష్ణారెడ్డి. అమరావతి రైతులకోసం నిజమైన పోరాటం చేసిన వ్యక్తి. ఆయన పదికాలాలపాటు చల్లగా ఉండాలి.,non-hate,non-hate,0.471490051426697,0.528509948573303
వచ్చిందయ్యా మహా పతివ్రత.... అనసూయ అంటేనే నిలువెల్లా బూతు..... ఈమె చెబుతుంది నీతులు... తూ..... సిగ్గుమాలిన జన్మ,hate,non-hate,0.49803198392846093,0.5019680160715391
Vedoka pulkagadu vinikanna Prakash Raj better,hate,hate,0.5131486830867665,0.48685131691323347
Na modda la expressions,hate,hate,0.5059809390114023,0.49401906098859777
Arey ni bondha ra chetha na kodaka,hate,hate,0.5220868820468437,0.4779131179531563
Vediki Gudda baga balisindi anukunta..Balayya babu meeda jokes endukura ep,hate,hate,0.5154835727489868,0.4845164272510131
Veelu vedi over action,hate,non-hate,0.4956441474473453,0.5043558525526547
ఏముంది పదవికోసం గుధ్ధ కూడా నాకేస్తారు ఈ రాజకీయ రాబందులు,non-hate,non-hate,0.49423625194237475,0.5057637480576253
Yadava Veshalu taginchukunte Baguntadi,hate,hate,0.5153806035717197,0.4846193964282804
ప్రతిపక్షాలు సామాన్యుడిని ఎదగనివ్వరు పేద ప్రజలకి ఇల్లులు కడుతుంటే ఇప్పుడు వాళ్లు వచ్చి ఎలా కడుతున్నారు చూస్తారట ంగా ఉంది అతని నుంచి పేద ప్రజలకి ఇళ్ల పట్టాలు పంపిణీ చేయడానికి వీలు లేదంటూ ఆయన స్టేజెస్ కూర్చున్నాడు అంటే ఇతను కంపు చేయడానికి ప్రయత్నించేస్తున్నాడు జగనన్న లబ్ధిదారులు ఇటువంటివి జరిగినప్పుడు బయటకు వచ్చి మీ తాలూకా మనసులో ఉండే మాటను వాళ్లకి తెలియపరచండి,non-hate,non-hate,0.4712803271187461,0.5287196728812539
Ore ni veshalu api pani chusko,hate,hate,0.5215682982657933,0.4784317017342067
priyanka arul mohan gudda chaala sexy vuntadhi dani panga chachi dengali,hate,hate,0.5266293628213511,0.4733706371786489
Devudimida jokulu vesina avamanichina chala nasta potaru vinayakudito pettukokuda power full god,non-hate,hate,0.5283779340874419,0.4716220659125581
Nuvvo moddaganivi andhuke aapesnav,hate,hate,0.5333071661555765,0.4666928338444235
amarica andatho madam perigi kotukuntundi urikine,hate,hate,0.5269115196279661,0.4730884803720338
చాలా మంచి మూవీ అన్న ...మీరు రియాక్ట్ అవుతావ్ అనుకున్న అన్న ..నువ్వు సూపర్ లాయర్ అన్న,non-hate,non-hate,0.47487328418031116,0.5251267158196888
Idi RTC Conducter ha leka Inka bustand lo emaina chesinda,hate,hate,0.5299209373017573,0.47007906269824273
Krittika Garu Vadine Chepu tho Kothandi Live Lo....,hate,hate,0.524453972372322,0.4755460276276779
ఇంక ఆపుర నాయనా... అక్కడ చూయించు...,hate,non-hate,0.4673547245667118,0.5326452754332882
మీ ఫ్యామిలీ లో నాకు నచ్చింది నువ్వు అన్న.. కరెక్ట్ గా మాట్లాడుతావ్..,non-hate,non-hate,0.4686400951143216,0.5313599048856784
Suma garu koncham thagichuko,hate,hate,0.5209932888916077,0.4790067111083923
Orey adhiga guddha mue,hate,hate,0.5261965016623085,0.4738034983376916
"Orey  jaffa bul bul,go and buffalo muddilo paduko",hate,hate,0.5207931160992947,0.4792068839007053
Hanu raghavapudi love story ante super immersive ga untadi,non-hate,hate,0.5152652495435344,0.48473475045646564
chillar party lu Anne okkatyna modi ji ni next pm modi ji yogi baba ni,hate,hate,0.5210946924999886,0.4789053075000113
Jayamu jayamu chandranna jayamu neeku chandranna,non-hate,hate,0.5171941111927447,0.48280588880725533
Aaku puuku theliyandhi kuda judge aipoindhi,hate,hate,0.517351115346929,0.482648884653071
SHOES  Amithsha modi kinda Oodigam chey..,hate,hate,0.5194127939751252,0.4805872060248748
​raani pramadam raani no problem.. next tym bjp ki vote veyandi telangana prajalara,non-hate,hate,0.5145011332178995,0.4854988667821006
Ee madya kaalamlo vochina films lo naaku idhi baaga nachindi,non-hate,hate,0.5132382658454628,0.48676173415453716
"Evidence unna mla kodukuni arrest cheyaledhu, police lu ki dammu ledhu",hate,hate,0.5187087419509793,0.4812912580490208
Veedu aadi gaadu maaradu veediki stage cleaning pani ivvandi,hate,hate,0.5016817997109584,0.49831820028904167
E movie Gurinchi okkadu negative ga matladina vaadu terrorist ayyi undali..,non-hate,hate,0.5162751556446139,0.48372484435538604
Kaasta అమ్మ నన్న పైన ప్రేమ కలిగి vundandi bro,non-hate,non-hate,0.4872249537456538,0.5127750462543462
Kulaaa pechhe fuuga undeanana,hate,hate,0.5130817000157378,0.48691829998426217
Are Babu niku endukura,hate,hate,0.5067653067522024,0.49323469324779756
"Intaki Rahul evadabba, sir indirect ga Congress Rahul Gandhi ki hint istunda kalsipodamani",non-hate,hate,0.5218361084750663,0.47816389152493366
"This should be  a good lesson for youngsters.  Moral is "" జీవితం లో గెలుపుకి బందు మిత్రులు ఎక్క్కువ, కాని ఓటమి ఎప్పుడు అనాదే""",non-hate,non-hate,0.4835540228389381,0.5164459771610619
Vaddu Bangaram nuvvu happy ga vundali,non-hate,non-hate,0.49854094721828834,0.5014590527817117
"kani, ekkuva cheste alasata, weakness, body peragaka povadam, teenage lo tarvata kuda face paina gaddalu pimples ravadam nijam...better keep it two-three times a week..get busy and focus on your studies and career guys.",non-hate,hate,0.5313181613617695,0.4686818386382305
Chempa pagilddemo,hate,hate,0.5251189483686972,0.4748810516313028
వాడి అసలు రూపం అదే  ఎవరిని ఎప్పుడు వాడుకుని వదిలేయాలో వాడి కంటే ఏ రాజకీయ నాయకుడికి తెలియదు,non-hate,non-hate,0.4941147049101797,0.5058852950898203
మీ ఇద్దరి వల్ల తెలంగాణ జనాలకి ఏమన్న ఉపయోగం ఉందా చెప్పు,non-hate,non-hate,0.46777866281229263,0.5322213371877074
asla murmu president ela ayindhi india parvu poyindhi ni karra mokham eskoni,hate,hate,0.5262050570692078,0.4737949429307922
Etuvanti interviews kadhaa manaki kavalsinavi,non-hate,hate,0.5020401348967415,0.4979598651032585
శర్మ గారు చెప్పిన ది నిజమా అబద్దమా అని చెప్పే ధైర్యం వీళ్లకు లేదు,non-hate,non-hate,0.4825473838349468,0.5174526161650532
nani anna meru great,non-hate,hate,0.5110956815892111,0.4889043184107888
నువ్వు తెరాస పార్టీ ..ఉంపుడు గత్తేనె కదా రా నువ్వు,non-hate,non-hate,0.4822777026186881,0.5177222973813119
మేడం కు ఉక్క పోస్తునట్టుంది సంకలో బాడీ వేసుకుంది,hate,non-hate,0.473246407622982,0.526753592377018
ప్రపంచంలో అతిపెద్ద అవినీతి పార్టీ టిఅర్ యస్ కెసిఆర్,hate,non-hate,0.4925051981491456,0.5074948018508544
ఇలాంటి సెలబ్రిటీలు ఇలా షోష్ కు రావాలి sir,non-hate,non-hate,0.4641447024601605,0.5358552975398395
"Arey Babu Memu chinnappati nunchi chiru fans, pls don't hurt us, first chiru next evarina maaku",non-hate,hate,0.5256217347013008,0.47437826529869914
"eii yevudra veedu, andanga vunnav antunnadu, akka antunnadu",non-hate,hate,0.525365350235468,0.474634649764532
arey shankar ga nvvu kcr sanka nakaku ra,non-hate,hate,0.5212554207323817,0.47874457926761826
ఎవడి స్టైల్ వాడిది... దేవరకొండ స్టైల్ దేవరకొండ ది అంతే ఇంట్లో తప్పేముంది... వినిపిస్తుంది చెప్పనా.,non-hate,non-hate,0.4893124469226673,0.5106875530773327
పవన్ కళ్యాణ్ గారు   తమ్ముడు.... మోహన్ బాబు అనే సరికి  అన్నయ్య చిరంజీవి గారు చిన్నపిల్లోడిలా నవ్వుతుంటే ఎంత ఎంత అందగా ఉన్నాడో అన్నయ్య,non-hate,non-hate,0.48775591509348704,0.512244084906513
Veedu am pikaledu ani telusu,hate,hate,0.5110670809752904,0.4889329190247096
"Nenu vunnanu,nenu vinnanu,nenu chusanu.... all are eligible for the Oscar level performance",non-hate,non-hate,0.4989769145348989,0.5010230854651011
పోన్లే పాపం కష్టపడ్డదానికి కొంచెం అయిన ప్రతిఫలం దక్కింది …. కళ్ళు నెత్తికెక్కించుకోకుండా ఒదిగి ఉంటే మంచి Future ఉండొచ్చు,non-hate,non-hate,0.46535107795628694,0.5346489220437131
rgv gadu canipovali vadi chettabandi ayina chestha,hate,hate,0.5278478764511755,0.4721521235488245
Papam bhayya babi ki potta abbam ga vundhi,non-hate,hate,0.5267370067586432,0.47326299324135673
Chala ibandi pettavu anna Nuvvu maa Chiru garini,hate,hate,0.5265263175060397,0.4734736824939602
సూపర్ rk గారు చాలా మంచి ప్రోగ్రాం,non-hate,non-hate,0.4739824996327464,0.5260175003672536
భారత దేశంలో పాలన చేతకాని సీఎం పాలన చేత కాక వేరే వాళ్ళని విమర్శించే ఏకైక సీఎం మన బతాల పోషెటి,non-hate,non-hate,0.49587308000477204,0.504126919995228
e rashtraniki jarige prathi anyayam gurinchi niswardhanga matlade ekaika vyakti meere saar,non-hate,hate,0.5189658136364883,0.4810341863635117
ananaya panadey vi nimma dabbalu lanti payalu,hate,hate,0.5241768479688432,0.47582315203115677
chetha ra babu  NTV,hate,hate,0.5109620853680568,0.48903791463194324
Hi ra T.R.S. kukka…,hate,hate,0.5082544965168418,0.4917455034831581
Fans ki respect Ivvslira arye ntira,hate,hate,0.5158243790813366,0.48417562091866334
"first aa ammai family ki security ivvandi.., night night emaina jaragochu...",non-hate,hate,0.5162202236427398,0.4837797763572602
మీలాంటి వారు వుంటే ఆడపిల్లలకు చాలా ధర్మం జరుగుతుంది సార్,non-hate,non-hate,0.4653983559170719,0.5346016440829281
Ayanni okasari kodithey meeru laksha sarlu chupisthunnaru emkavali meeku,hate,hate,0.5250139165979242,0.4749860834020758
Thank you RRR TDP ki bratkinchadamulo mi krushi marvalenidi CBN gariku,non-hate,hate,0.527624469457002,0.47237553054299797
గుధ్ధ బలిసి కొట్టుకుంటున్నవే,hate,non-hate,0.4672398068798207,0.5327601931201793
inkaa saavaledhu le vaadu baane sacchaadu yedhavakanipisthoone vundhigaa,hate,hate,0.5186290448826745,0.48137095511732547
"Manaki  ibbandi ochinappudu koncham  sahinchatam
Kastam ochinappudu koncham bharinchadam
 Anandham vachinappudu koncham panchadam",non-hate,hate,0.524900407437956,0.47509959256204404
​trs party lo telangana kosam poradina valle unnara poratam ki vyatirekam ga unnollani ministers ala chesinaru..gurivinda ginja ki kinda unna macha kanapadadu,non-hate,hate,0.5327996043447121,0.46720039565528787
Mahesh anna… disappointed with this movie..next movie hit avvali…,non-hate,hate,0.509798753712039,0.49020124628796097
"Jagan ni poguthunnava, leka mingutunnava...indirect ga jagan secret lu ani cheptunnav.",hate,non-hate,0.49080721339386224,0.5091927866061378
Samudramlo alalu aagavu Harsha Anna ki anna meeda prema chavadi,non-hate,hate,0.5176101690197727,0.4823898309802272
lanja puk managment valla ma warner mamali vadi velipoyaru,hate,hate,0.5286296252656117,0.47137037473438825
ఫస్ట్ నీతులు చెప్పావు కదా డబ్బు వద్దని ఇప్పుడు ఎందుకు తీసుకోమంటున్నావ్..,hate,non-hate,0.4723951243584128,0.5276048756415872
సూపర్ అన్న నీ వీడియోస్ నీ మాటలు అంటే నాకు చాలా ఇష్టం అందుకే నీ ఛానల్ సబ్స్క్రైబ్,non-hate,non-hate,0.4638461634694965,0.5361538365305035
"BJP TRS iddaru dosthlu le , bayatiki ivanni dramalu",non-hate,hate,0.5075085548462048,0.4924914451537951
మంగ్లీ పాడిన పాటలు అన్నీ ఒకేలాగనే అనిపిస్తున్నాయి పెద్ద డిఫరెంట్ ఏమీ లేదు,hate,non-hate,0.4710136085634673,0.5289863914365327
Yem matladuthunnav ra? Naralu kattai poiniy Neeku lekkalenduku ra ayya? Weekend politician,hate,hate,0.5295699104153291,0.470430089584671
మీరు చరిత్రలో నీలుస్తరు బ్రో Hand's off to Your help full to poor people.,non-hate,non-hate,0.48579702028923355,0.5142029797107665
Smile chudanidhe venakki thaggavu bro nuvvu,non-hate,hate,0.5248520236810275,0.47514797631897254
Pichola gurinchi vinadame gane direct ga epudu e video lo chustuna ...,non-hate,hate,0.515481557837588,0.48451844216241197
rechipothunnaru adhikaram lo unnaru ani ahamkara dhorani,hate,hate,0.5108113455825556,0.48918865441744436
Title leak ayithe entiii leak avakapothe entiii....maku enti yee golaaa....title entooo mee build up entooo,hate,hate,0.5157989940692442,0.4842010059307557
Die hard fan frm Kerala  Nenu choosina pedha actor uh Tollywood lo Pawan Garuu,non-hate,hate,0.5131188455600904,0.4868811544399096
Naa drustilo pspk garu Devudu,non-hate,hate,0.5248612720196717,0.4751387279803283
ముందు రాజా సింగ్ ను కాపాడండి అప్పుడే మీ పార్టీపై ప్రజల్లో నమ్మకం ఏర్పడుతుంది,non-hate,non-hate,0.48014285326784,0.51985714673216
పోయే కాలం దగ్గర పడింది దేనికి,hate,non-hate,0.4838956976206511,0.5161043023793489
"Yerri paapalam manam , samanya prajalu",hate,hate,0.509831217556065,0.490168782443935
"Dr YNM
1 month ago
ఇందులో మనం పెద్దగా ఆలోచించాల్సిన అవసరం లేదు. అంతా కాలం మహిమ.ఏదో ఒకరోజు కాలం ఆయనకు ఇవ్వవలసిన గిఫ్ట్ తప్పకుండా ఇస్తుంది. చేసిన కర్మలు అనుభవించక తప్పదు.. సోనియా గాంధీ అయినా, మోదీ అయినా, చంద్రబాబు నాయుడు అయినా, జగన్ అయినా.. కాలం అంతే..",non-hate,non-hate,0.4830210880662368,0.5169789119337632
తట్టా బుట్టా సర్దుకొని రెడీ గుండు జగన్ రెడ్డి టైం అయిపోయింది,hate,non-hate,0.4675158794376474,0.5324841205623526
Jagan eppatiki CM avvaledu raasi pettukoo....ha ....,hate,hate,0.505656612188111,0.4943433878118891
"Mega star ane person , definitely evadu oppukunna oppukokapoyinaa inspiration to many people long live sir",non-hate,hate,0.5160324308885111,0.48396756911148886
జారిపోతానయి..కొంచెం గట్టిగా ముడి వేయి,hate,non-hate,0.4646755402777961,0.5353244597222039
తాగ్గి వాగుతుంది పాప ఈమె చిలకలూరపేటలో రికార్డింగ్ డాన్స్రు,non-hate,non-hate,0.4596301780073928,0.5403698219926072
"Nattu ga , neku manishiki undalsina lakshanam okkati kooda ledhu kadha ra.",hate,hate,0.5190084040807956,0.4809915959192043
ap lo road la ki aa dikku ledh malla metro endhi mawa,hate,hate,0.5274664999817682,0.47253350001823174
Yedichav le copy cat veshalu nuvvu,hate,hate,0.5238093266665744,0.4761906733334255
"వాళ్లు ఈ జీవితం లో కూడ ఫలక్నామ ప్యాలస్ లో బోజనం చేసివుండకపోదురు,నువ్వు గ్రేట్ బ్రో",non-hate,non-hate,0.4831634553526458,0.5168365446473542
Ede antha fack news,non-hate,hate,0.5100965266197179,0.48990347338028206
"చాలా బాగా explain చేశారు బ్రదర్. Small correction మూలాధార, ఆజ్ఞ చక్ర, సహస్రార",non-hate,non-hate,0.463566950645099,0.536433049354901
Allu aravind garilo manchi actor vunnaru hilarious,non-hate,hate,0.5033305773522923,0.49666942264770775
ee kalam ammailu ki dabbuli vunte chaalu anukuntaru,non-hate,hate,0.5168142715623912,0.48318572843760876
Rahul dravid vadi moddalo selection  asla chahal hi endhuku tesukole,hate,hate,0.5279393962335688,0.4720606037664313
జనం. కూడా. మారిపోతే.  చాలా బాగున్ను కదా,non-hate,non-hate,0.46270835752152983,0.5372916424784702
పూరి చూస్తే చాలా బాధ గా ఉంది ...ఒక్క మంచి డైరెక్టర్ ఇలాంటి మూవీస్ తియ్యడం ఏంటి ...i love you పూరి sir... వేరే హీరో తో మూవీ తియ్యి Anna,non-hate,non-hate,0.47403153723359515,0.5259684627664049
pedavallaku apadha vasthe ventene velli sahayam chese goppa leaders komatireddy brother's  dammunna leader rajanna ma balam ma dhairyam ma pranam komatireddy brothers,non-hate,hate,0.5351751437646517,0.46482485623534836
Aada Paduchula Usuru thagili Yellow party nasanam kavali.,non-hate,hate,0.5108399069403451,0.4891600930596549
jagan amma vadi dabbulu pettali nanna gudda lo nunchi leppali,hate,hate,0.5258786109453228,0.47412138905467716
ప్రతి పాట అరపు ఎక్కువగా ఉంటుంది ఎందుకో అన్ని పాటలు ఒకేలా ఉన్నాయి.,non-hate,non-hate,0.46859183386412195,0.531408166135878
పూరి sir liger movie black baster మీకు all the best sir,non-hate,non-hate,0.49580054932032924,0.5041994506796708
Mamulu ga evvaledhu ga anchor anna,non-hate,hate,0.5207550274300776,0.4792449725699223
అరటి బొదలు అనంగా విన్నాను. ఇప్పుడు శ్రీముఖివి చూశాను.,hate,non-hate,0.4678748049824404,0.5321251950175596
ఇదీ ఒక ప్లాన్ ప్రకారం జరిగినట్టు ఉంది భలే సీన్,non-hate,non-hate,0.47968861291763043,0.5203113870823696
Kcr bsp valu enni eastunaru month ki Nek,non-hate,hate,0.5315677840556599,0.4684322159443401
Abbo iragadesindi song vere level,non-hate,hate,0.5077022707808285,0.4922977292191715
bro delete cheyakapothey ma fans ninnu degenutharu,hate,hate,0.5176971047061263,0.48230289529387366
ఇంత కరువులో ఉన్నరేంటిరా.,hate,non-hate,0.46709388431211907,0.5329061156878809
Vinayaka chavithi subhakanshalu Harsha sai,non-hate,hate,0.5147094498290588,0.48529055017094125
A B N  MD రాధాకృష్ణ గారి కి  చుక్కలు చూపించిన   ''K A పాల్ గారు'' మీరు సూపర్ సార్ నీ మాటల్లో నిజాయితీ కల్పిస్తుంది..,non-hate,non-hate,0.487362368166545,0.512637631833455
Avinash మంచోడు బ్రో episode mottham choodu just నాగబాబు అనమని చెప్పాడు అంటా బ్రో episode lo...,non-hate,non-hate,0.4889836992879102,0.5110163007120898
Pastors అందరికీ ఒక మనవి.దయచేసి ఈ విధమైన debates వెళ్ళి Christianity కీ ఉన్న విలువ తగ్గించవదు.,hate,non-hate,0.46763786507088545,0.5323621349291145
Pichi pattinattundi peekey ki. A P arachekam jaragabothundhi ani anipistundhi naku,hate,hate,0.5249022955121496,0.4750977044878503
ఇలా చేస్తే దేశం పరువు పోతుంది దయ చేసి దేశం పరువు తీయదు,non-hate,non-hate,0.49158502600815623,0.5084149739918438
మంచి ఆన్సర్ ఇచ్చారు బ్రో,non-hate,non-hate,0.46961768440315466,0.5303823155968453
JD garu mee lanti Genuine persons Pavan gariki support ga unte baguntundi sir,non-hate,hate,0.5127785071064042,0.4872214928935959
ఎంత ముద్దుగుందో చాలా బాగున్నావ్ బంగారం,non-hate,non-hate,0.46326524894677934,0.5367347510532207
Nuvu Am speaker ra babu,hate,hate,0.5085214877215891,0.4914785122784109
ఎంతమంది డ్యాన్స్ మాస్టర్ లు వచ్చినా ప్రభుదేవా మాస్టర్ లాగా వేయలేరు,hate,non-hate,0.4654272439846928,0.5345727560153072
DNR still old school...  Kalam tho Marakapote evaru aina kala gharbham lo kalisipotaru.,hate,hate,0.5135609731267052,0.4864390268732947
ప్రభాస్ గారు అనుష్క గారు మీరు తొందరగా పెళ్లి చేసుకోండి,non-hate,non-hate,0.4620527856928467,0.5379472143071533
కొంచెంకూడ హీరో అనే పొగరు లేదు గ్రేట్ సార్ మీరు,non-hate,non-hate,0.46739621692884126,0.5326037830711587
Nani inkosari pk speech chudu ... Sollu kakunda raise chesina points gurinchi matladu... Sannasivenuv no doubt,hate,hate,0.5146266369808963,0.4853733630191037
mohan babu oppukunna oppukokapoyina chiranjeevi peddankanni vachchina gouravam m taggipodu,hate,hate,0.5037757574138159,0.49622424258618414
Atlunttadhi palanadu thitlantte sarrigga deggutam,hate,hate,0.5228410014499634,0.4771589985500366
Sontha Peru meda registration chey leka piyadu,hate,hate,0.5197653981095472,0.48023460189045275
"Hi harsha....happy vinayaka chavithi,  life long nuv happy ga undalani............aa devunni korukuntunna sai......may god bless u  harsha.",non-hate,hate,0.5222953320599911,0.4777046679400089
సార్ కెసిఆర్ గారు విషయాలను పూసగుచ్చినట్లు చెప్తున్నారు మాధవ రెడ్డి నయీమ్ ల సంబంధించిన వివరంగా మాట్లాడడానికి ఇబ్బంది పడుతున్నారు మీరు కూడా హండ్రెడ్ పర్సెంట్  ఫేక్,hate,non-hate,0.4934135558137638,0.5065864441862362
"Maatalu jagratha rooja .alaga janam ,kodukulu antunnavv mari antha gb voddu",hate,hate,0.5292775683629162,0.4707224316370838
jani anna RC annatho kalisi hero ga cheste choodaalani vundhi,non-hate,hate,0.5023964668459351,0.49760353315406497
జగన్మోహన్ రెడ్డి వల్ల పిల్లలు బాగా చూసుకున్నాడు అని యాంకర్ వాగు తోంది వాళ్ళ పిల్లల్ని కాక నీ పిల్లలు బాగా చూసుకుంటారు,hate,non-hate,0.47367828455825145,0.5263217154417485
"ఆపరా.... నువ్వు ఒక అమ్మాయి తో నీచంగా వ్యవహరించి, వెనక నుంచి గట్టిగా పట్టుకుందా మనుకున్నా అని నీ character lose చేసుకున్నావ్... ఎవడెం చేస్తాడు?",hate,non-hate,0.4744724595234744,0.5255275404765256
Ni moham ante kada,hate,hate,0.5080128749787198,0.49198712502128017
ni news ni over action ki dandam ra babu,non-hate,hate,0.5127095836666833,0.48729041633331677
అన్నా కాస్త జాగ్రత్త... వాళ్లే అనుకోని లోపల  నుండి దేంతోనన్న విసిరేరు... కాస్త గ్యాప్ ఇచ్చి పోతండే... Love you Anna... నీ కష్టం వృధా కాదు,non-hate,non-hate,0.4804632515509185,0.5195367484490815
ఈ ప్రోమో చూసినంత సేపు నా మొహంలో చిరునవ్వు ఆగలేదు.,non-hate,non-hate,0.4682265176223678,0.5317734823776322
Vizag News reporter overaction chestunadu,hate,hate,0.5006344974096147,0.49936550259038526
మీ నడుము కేక ఆంటీ,hate,non-hate,0.4889058902607708,0.5110941097392292
కళ్ళల్లో నుంచి కామం కారిపోతుంది,hate,non-hate,0.46183182735897754,0.5381681726410225
ఆదర్శమైన పొలిటికల్ లీడర్ అయితే రాజకీయ సన్యాసం తీసుకుంటనని చెప్పారు. ఏమైంది,non-hate,non-hate,0.4683543136408448,0.5316456863591552
జై జనసేన మన పార్టీ గెలవాలని మనస్పూర్తిగా కోరుకుంటున్న,non-hate,non-hate,0.46563199822072554,0.5343680017792745
దేశానికి పనికొచ్చే ఇటువంటి వారు నొప్పి లేకుండానే ప్రాణాలను వదులుతారు,non-hate,non-hate,0.48238194844002236,0.5176180515599776
Good అండి గీత కృష్ణ గారూ మంచి. ఇంటర్వ్యు,non-hate,non-hate,0.4746158099998169,0.5253841900001831
Pichi hospital lo join avara ayomayam,hate,hate,0.5146793750855403,0.48532062491445976
​BJP lo seat kosam baga chesav le stunt,hate,hate,0.5053910693911727,0.49460893060882727
రౌడీ టిడిపి,hate,non-hate,0.4916508943343325,0.5083491056656675
"అవసరం అయినప్పుడు ప్రాణాలు కి తెగించి పోరాడుతారు మన ఆంద్రప్రదేశ్ పోలీసులు, ఫారెస్ట్ ఆఫీసర్స్. గ్రేట్",non-hate,non-hate,0.46770330780142555,0.5322966921985745
He is genuine person అందుకే లోకల్ చిల్లర నాయకులు అంతా కలిసి వాడిని టార్గెట్ చేశారు,non-hate,non-hate,0.4616677119615983,0.5383322880384017
కార్తికేయన్ 2 Congratulations ఫర్ బిగ్ రెస్పాన్స్ ఫ్రమ్ పవన్ కళ్యాణ్ అన్న,non-hate,non-hate,0.4636250356148135,0.5363749643851865
Vedhavalu Vedhavalu anni chotla vunnaru..inka janalani yedipinchadam tappa,hate,hate,0.5204873038179386,0.4795126961820614
చంద్రబాబు శివుడు లాంటి వాడు.. విషాన్ని కూడా తనలోకి తీసుకుంటాడు...ఇక ఇలాంటివి ఒక లెక్కే కాదు..,non-hate,non-hate,0.4742816234791293,0.5257183765208707
jai rgv jai puri,non-hate,hate,0.5049663253454102,0.49503367465458975
సోదరులు ఎంత గొడవ ఉన్న ఎవడన్నా తమ్ముడిని ఏమన్నా అంటే రక్తం ఊరుకోదు. అలాగే భారతీయులు కూడా ఉండాలని గొప్పగా చూపించిన రాజమౌళి గారికి ధన్యవాదాలు,non-hate,non-hate,0.4742431994391927,0.5257568005608073
"తెలంగాణ ఉద్యమ గీతాల నుండి, మాస్ గీతాల మీదికి రూట్ మార్చిన మంగ్లీ",non-hate,non-hate,0.4859603736760243,0.5140396263239757
Exams lo vundey vallani invigilators antaru adi kuda teleedhu Veeedu minister chesadu.... karmara babu chi.... Thuppas na kodaka,hate,hate,0.531606292743563,0.46839370725643703
pk inka ka pauk ap lo jokers,hate,hate,0.5157237718651828,0.4842762281348172
తెలుగు బాయ్ ఫ్రెండ్ కావాలీ,hate,non-hate,0.48882749988846874,0.5111725001115313
Bochu pikanddii,hate,hate,0.5215952016799779,0.4784047983200222
దీనమ్మ దీని కి ఇంకా ఏం పనిలేదా..,hate,non-hate,0.47630517786925575,0.5236948221307443
Em kanapadathunnayi bokka,hate,hate,0.5193125050755876,0.4806874949244124
Manu garu meru involve avvakandi chala chiraku ga vuntundhi,hate,non-hate,0.49679740998476196,0.503202590015238
Konda gani over action kompamunchindi,hate,hate,0.5207384181874556,0.4792615818125444
రమణ గారు సూపర్ గా పాడేరు మళ్లి మళ్లి వినాలి అనిపిస్తుంది మీకు అ దేవుడు ఇంక మంచి స్తాయిలో వుంచాలి అని కోరుకుంటాను,non-hate,non-hate,0.4860447998906272,0.5139552001093728
Aaa Voice lo unna rajasa yogame vere level Jai Prabhas Anna,non-hate,hate,0.5130848927394143,0.4869151072605858
"Jetla
​INDIA ni developed cheyadam evarivalla kadani thelisipoindi prajalaki.....unnodi inka unnntha lenodiki inka lenantha....life tho brathakali thappadu",non-hate,hate,0.5291867356777463,0.4708132643222537
Anna super bro,non-hate,hate,0.5046095524282264,0.4953904475717737
Self dabba yekkuva indhi Nagababu nevu ne bussu lu thoo,hate,hate,0.5292559897908334,0.47074401020916656
teenmmar mallana kcr cheppu nakutadhu,hate,hate,0.528992481473483,0.471007518526517
Veelu chesadi gymnastics malla vale dhani dance anukuntaru,hate,hate,0.5006544667788576,0.4993455332211424
పెద్ద పీఠాధిపతి లాగా అందరికి ఆశీర్వాదం ఇస్తున్నాడుగా,hate,non-hate,0.48698325040160206,0.5130167495983979
వాడు ఏదో జోక్ చేస్తే అది నువ్వు నమ్మడమే నా,non-hate,non-hate,0.49206663612840107,0.5079333638715989
Pspk vachi photo dhigudham antey aa excitement ey veru adhi clear ga nivetha face lo kanipisthunadhi,non-hate,hate,0.5295657809020182,0.4704342190979817
RGV effect valla Puri cinemalu anni dobbayi.,hate,non-hate,0.4972308468783938,0.5027691531216062
ఇలాంటి వీడియోస్ చేస్తుంటే మీ ఫ్యామిలీ లో ఆడవాళ్లు గుర్తుకు వస్తలేరా రా..బ్లూ బ్యాచ్ గా.. దాన్ని తన్నాలి ఫస్ట్ ఈలాంటి వీడియో కీ ఒప్పుకున్నందుకు,hate,non-hate,0.498549743051369,0.501450256948631
గుండెల పైన కాదు గుండె లోపల వున్నారు సర్ మీరు,non-hate,non-hate,0.4763243183182393,0.5236756816817607
మాములుగా లేదు ట్విస్ట్ సూపర్ అహ కెవ్వు కేక,non-hate,non-hate,0.48867084840078934,0.5113291515992107
ఇలా ఏమి లేకుండా ఉన్న ఏకైక నాయకుడు... Apj abdul kalam gaaru మాత్రమే,non-hate,non-hate,0.49657683341977255,0.5034231665802275
yogi baba ram rahim sistudu edharu adava vallaki respect eyyaru edharu pedha langa gallu,hate,hate,0.5201249302749136,0.4798750697250865
గాడ్ బ్లెస్స్ యు సమంత సిస్టర్,non-hate,non-hate,0.4659496593375393,0.5340503406624607
ఇటువంటి కథలు పడ్తానే ధిక్కు లేకుండా పోయింది,non-hate,non-hate,0.47189613398160635,0.5281038660183937
మీకు వంద నమస్కారాలు రా బాబు,non-hate,non-hate,0.4696362090747779,0.5303637909252221
Ravi anna oudi ounte nani vamsi anil kumar ambanti lanti vaalu noru lepevaru kaademo,hate,hate,0.5312715503280022,0.4687284496719978
ముందు అరెస్ట్ చేయండి.. మీడియా ముద్దు తీసుకురండి రా...,hate,non-hate,0.46861583977521226,0.5313841602247877
vd overconfidence valla ciniema dengindhi,hate,hate,0.5322546891187621,0.4677453108812379
Andra prajalaku siggu undali sontha amma nu chellini patinchukoleni vadu Meemanli chusukuntadu,hate,hate,0.5323501901090844,0.46764980989091565
Vijay devarakonda hype tho dhamal.  Jr NTR next turn. Meeru akashaniki ethe antha great actor emi kaadu..,hate,hate,0.5276350966632009,0.47236490333679915
Mere brathukulu inthey eka. Nasanayam aaipotai,hate,hate,0.5196566267215814,0.4803433732784186
Meeru moosukunte baguntadi,hate,hate,0.5265058911354472,0.47349410886455273
Meeru mi over action apandra babu,hate,hate,0.5165575212977572,0.4834424787022428
అంత చిరాగ్గా వుంటే.. స్టేజ్ మీద కి ఎందుకెల్లార్ సార్,non-hate,non-hate,0.46370517539647094,0.5362948246035291
pm modi ni pakisthan ki tarmidengali jai kcr mere next pm,hate,hate,0.5197320715000392,0.4802679284999608
బయటకు గేంటేసారు ఒక్కసారి లైవ్ ప్రోగ్రాం నుండి అంతే పాస్ట్ గా పైకి లేచాడు చూపించావు ఓటమి లో కూడా ఎలా పైకి రావాలో అని,non-hate,non-hate,0.49037668132438395,0.509623318675616
Nayakudu ela undali God bless you sir,non-hate,hate,0.5054684818581759,0.49453151814182406
bjp malli ade double game maatladutondi....amaravathi meeda,hate,hate,0.5146665333951848,0.4853334666048153
Nvvy nee build up,hate,hate,0.5094050104534897,0.4905949895465102
Banisa La unnaru kadara meeru me overacting,hate,hate,0.5112615652006164,0.4887384347993836
andukokune vaalu laga vunnaru meru natho comparision na,hate,hate,0.5244841205453289,0.4755158794546711
Lancham antunaru anam garu...... inthaku mundu your government ilagey chesinda...,hate,hate,0.5213268669063154,0.4786731330936847
పరుచూరి గోపాల కృష్ణ గారి కి నమస్తే మిమ్ములను మొదటిసారి భార్గవ రాముడి సినిమాలో చూసాను సూపర్ వెరైటీ యాక్షన్ సార్,non-hate,non-hate,0.49042285769620964,0.5095771423037904
Ma campus ee bro lanjoduku,hate,hate,0.5078959275939946,0.4921040724060054
"Ipl ki best mana palyers , international matches enduku waste",hate,hate,0.51749298085765,0.48250701914235
Dnr sampadinchalani anukunte today ciniema field lo ewaru sariporu mahanubavudu daring man,non-hate,hate,0.5324743850564428,0.4675256149435571
preity zinta oka bazzar kukka team tesukovadam kuda radu,hate,hate,0.529930151579528,0.47006984842047195
shankar ninnu bjp kukka kottinattu kodutaru,hate,hate,0.5032912913168488,0.49670870868315115
సార్ మిమల్ని చూస్తుంటే కొండంత దైర్యం వస్తుంది,non-hate,non-hate,0.4835451311457929,0.5164548688542071
మీ ఎంట్రీ వచ్చినపుడు నితిన్ అన్న భయపడుతున్నాడు,non-hate,non-hate,0.4762325891805156,0.5237674108194844
నేను ఓపెనహార్ట్ విత్ RK తప్పక చూస్తుంటా.  ఇంత దరిద్రపు ఇంటర్వ్యూ పెట్టకుండా వుండాల్సింది.  తేనె పూసినకత్తి,hate,non-hate,0.46768878695090976,0.5323112130490902
Ne bathukula sulli net nenu dengina vadu esthada recharge aipothe,hate,hate,0.5284248300917862,0.4715751699082138
బ్లాక్ సారీ లో బాగుంది,non-hate,non-hate,0.4635301349745242,0.5364698650254758
ఆయన పిట్టకథలను బాగా enjoy చేస్తాం... అంతర్లీనంగా ఓక అద్భుతవేదాంతవాక్యం చెబుతారు దానిని వదిలేస్తాం.. అదీమనం. “దేవుడు ఒక్కడే.. నీ మఠం కానంతమాత్రాన వేరేవారిని దూషించనవసరణలేదు.”,non-hate,non-hate,0.4799330965607902,0.5200669034392098
Buthula saka mantri ....,hate,hate,0.5088657666232461,0.49113423337675394
Aatla vastai Anna niku enni telivi tetalu oka cinema thi anna,non-hate,hate,0.5036164765867157,0.4963835234132843
Paramboku ias officers ni vetiki kcr Jagan tesku vachi AP Telangana lo pedtaru,hate,hate,0.5265340285166265,0.4734659714833736
Endhuku ante vallu chetha lanchodukulu bro,hate,hate,0.5242559890978351,0.4757440109021649
raja singh kalthi maal ammutharu and rowdy gunda,hate,hate,0.5150948293895965,0.48490517061040345
"ర్మ కోసం చూసాను ,మొదటిసారి అతను ఒక హీరో అభిమాని ఎలా ఉల్లాసంగా స్టేజి పై మాట్లాడుతారో అలా అనిపించారు",non-hate,non-hate,0.4737184935509352,0.5262815064490648
Rai అతను ఉద్యోగం correct గా చేస్తున్నాడు ఎందుకు ర నాయకులు అందురు కలిసి నిందలు వేస్తారు... నిజాయితీ పని చేస్తే ఎవరికీ నచ్చదు..ఛీ,hate,non-hate,0.46832884178705836,0.5316711582129416
Ee video chusintarvatha mee meeda respect perigindi,non-hate,hate,0.5090120254481819,0.4909879745518181
Chavu Nenu avadu apadu,hate,hate,0.5229870954466902,0.47701290455330975
RK Garu neku interview cheyadam rakapoty miskuni veray vallaku chance evvandi niku respect evvadam teledu,hate,hate,0.5301717951511532,0.4698282048488468
Ee momment ki nizam gaa aricham,non-hate,hate,0.510437889823361,0.489562110176639
Inthamandi abhmaninchali ante entha adrushtam chesuko undali,non-hate,hate,0.5174247526139327,0.4825752473860673
Paristhithulu maree intha pagabattesayenti,non-hate,hate,0.5219201731767298,0.4780798268232702
మాతృ భాష తెలుగు అంటే అంత లోకువా    పక్క రాష్ట్రాల వాళ్ళు వారి మాతృ భాష కి ఎంత గౌరవం ఇచ్చు కుంటారో చూసి నేర్చుకోండి,non-hate,non-hate,0.4984098218226414,0.5015901781773586
Lakshalu lakshalu fees lu dengina,hate,hate,0.5142198391461534,0.4857801608538465
ఇది కూడా పిచ్చి డాన్సులు కి ఒప్పేసుకుంది. తు దీనమ్మ. ఆడది అంటే గౌరవం పోతోంది.,non-hate,non-hate,0.4740199059967657,0.5259800940032343
Arey sollu comedy apandraaaa,hate,hate,0.5106231141580045,0.48937688584199546
Green dress sis super ga chesaru,non-hate,hate,0.5155411628056477,0.4844588371943523
"Me ఇద్దరు వల్ల ఏపీ లో ఆడవాళ్ళ పరువు పోయింది, పదవి కోసం ఎంతకైనా దిగజారే బ్రతుకులు మీవి",hate,non-hate,0.4785149382923798,0.5214850617076202
oka ammai vi vundhi natho argue chesthava puku mosukoni inti panulu cheyi,hate,hate,0.5217078781957467,0.47829212180425335
నిజానికి ప్రజల కోసం పోరాడుతున్న ఏకైక నాయకుడు రేవంత్ రెడ్డి గారు,non-hate,non-hate,0.489337843858234,0.510662156141766
prathi chethanakoduku viratkohli ni anetode lavdapuk gallu,hate,hate,0.5332626277951038,0.4667373722048962
Movie matram modda gudisi potadhiii pakkaa,hate,hate,0.5165032589664438,0.48349674103355617
roja ninnu choosthey nak guddalo edo nakuladhi nuuvu ni barrey guntu,hate,hate,0.532506754881205,0.467493245118795
Nuv dancer va chiii sigguledhu Neku,hate,hate,0.5354347647692159,0.464565235230784
Tokka kooda oppukonu,hate,hate,0.5158679081391142,0.4841320918608858
"అభివృద్ధి, సంక్షేమం రెండు చూడగల చంద్రబాబు వల్లే రాష్ట్రనికి మంచి జరుగుతుందనేది ముమ్మాటికి నిజం",non-hate,non-hate,0.47023777012542056,0.5297622298745794
Bahubali time antha Baganey Unnav Anna . Tharwatha ee sahoo ki radhe shyam nachinatlu frnds tho sitting uu food padypoyav Anna ..Ayina sarey darling ee no one,non-hate,hate,0.5311795032452236,0.4688204967547764
"Frank ga cheppalante evari personal life valladi...
Meru chesthundi enti mari
Peruki pedda news channels... Avasaramayina news vadilesi sodhi news lu cheppatle....Apudu mimmalni alage anali ga
Enta sepu cinema valla personals lo, leda social media peru cheppi
Netizenlu troll chesthunaru anatam... Controversy lani pani kattukuni crete cheytam...ila sodhi news ee kani paniki vachevi epudyna cheppara ra?
Scrap media channels....",hate,hate,0.5338816290820267,0.4661183709179733
Hema kuturu chala chala baguntadi chala suma show lo chusanu,non-hate,hate,0.5225378267799197,0.4774621732200803
women ki respect ledhu malla vadu oka yogi malla ha modda cm kurchi lo vundhi,hate,hate,0.5357386752600506,0.46426132473994935
నువ్ హీరో అవతావు అన్న అంత స్టయిల్  వుంది నిలో ఇది రియల్ మాట,non-hate,non-hate,0.4906851497321456,0.5093148502678544
Nice baaga dhimpav Anchor bro.,hate,hate,0.5152846691363357,0.4847153308636643
చార్మి పూర్తిగా కుదేలు నాకు ఇంకో la కనిపించింది,hate,non-hate,0.4634398409190372,0.5365601590809628
ery pappa la tho comedy very pappa la uanttadhi dhodhu dhodhey,hate,hate,0.526702669525466,0.473297330474534
వెంకీ మామ ఫ్యాన్స్ జై వెంకీ మామ,non-hate,non-hate,0.4780646026576648,0.5219353973423352
"Babu gogineni garu, suereb ga Chepparu",non-hate,hate,0.5202085443268658,0.47979145567313414
Bangaram lanti wife failure kuda supporting ga undi kani veedu vini veshalu,non-hate,non-hate,0.4796273520017018,0.5203726479982982
బాగా చదివినవ్ గా రాసుకుని మరీ.. మధ్యలో మన భార్యలు అన్నావ్ చూడు,hate,non-hate,0.485160725066334,0.514839274933666
బానిస కట్టప్పలు బయటకి వచ్చారు..ఇక జగన్ కి భజన చెయ్యడానికి..,hate,non-hate,0.4813426485094916,0.5186573514905084
పాప చేతికి కత్తి ఇచ్చే సీన్ ఎన్నిసార్లు చూసినా కళ్ళలో నీళ్లు తిరుగుతున్నాయి... Great thought by director,non-hate,non-hate,0.4702527948025568,0.5297472051974432
మెగాస్టార్ చిరంజీవి గారు అప్పటికి ఇప్పటికి ఎప్పటికీ లెజెండరీ ఆక్టర్ in world,non-hate,non-hate,0.45832381061930005,0.5416761893807
In direct reshmi ke kiss aadiga du sudheer bhaiyya,non-hate,hate,0.5105366054461586,0.48946339455384136
సంక్రాంతికి రాబోతున్న చిరంజీవి గారి సినిమా మరియు బాలకృష్ణ గారి సినిమా మంచి విజయం సాధించాలని కోరుకుంటూ,non-hate,non-hate,0.4832502461926165,0.5167497538073835
సూపర్ అన్న జై పవన్ కళ్యాణ్ జై జనసేన నెక్స్ట్ సీఎం పవన్ కళ్యాణ్ గారే,non-hate,non-hate,0.46682961599867356,0.5331703840013264
appude amindi mundundi musallapanda chudu ra,hate,hate,0.5120324551235302,0.4879675448764697
Veedu gelisthe telangana people dhi kuda adhe situation,non-hate,hate,0.5167375396447551,0.48326246035524495
Dhusta chaathuryam!  Meeru ilantivi enni chesina em pikalerra!,hate,hate,0.5230264311145584,0.4769735688854416
Helping nature kuda vundaali apude manishiki viluva,non-hate,hate,0.5133609164360244,0.4866390835639756
మరదే తెలిసి తెలిసి నిప్పుల్లో చేతులు పెట్టడం అంటే,hate,non-hate,0.4833436387313793,0.5166563612686207
Mr. Bandi అసలు 2019 కి ముందు ని అస్థి ఎంత ఇప్పుడు నీ ఆస్థి ఎంత..,non-hate,non-hate,0.46866007896573003,0.53133992103427
Anchor be like: pichi na kdklni andharu ikkade unnaru,hate,hate,0.5026455279780385,0.4973544720219615
"Megastar tho dutt garu 4movies theesthey 3 industry hits.charan janvi tho thwaraga jvas 2 thiyyandi
Dutt garu",non-hate,hate,0.5231763722373508,0.4768236277626492
E bjp oil rates increase chesi vanta cheyali ante kastam undi anna,non-hate,hate,0.5029791628134196,0.4970208371865804
ప్రజల తరపున ఇంత సుదీర్ఘ పోరాటం చేసి తాను గెలిచి మమ్మల్ని గెలిపించిన దిలీప్ సుంకర గారికి హృదయ పూర్వక శుభాకాంక్షలు...జై భీమ్ ...జై భారత్...,non-hate,non-hate,0.48603852753080556,0.5139614724691944
Vijay Devarakonda fans ekkada thagedhele,non-hate,hate,0.5182100457855796,0.48178995421442045
మహేష్ బాబు ల వుండ్ సితార పాప చాలా క్యూట్ గా ఉంది,non-hate,non-hate,0.47826771033199345,0.5217322896680066
Povee pukuu mundaa,hate,hate,0.5148005616314051,0.48519943836859486
"poyi central appulu chudu, hunger index, inflation, poverty, unemployment etc Telangana lo least unemployment and development is peaking up rapidly.",non-hate,hate,0.5206705732881335,0.4793294267118665
లంజాకొడుకులు లంజముండల జోకులా ఇవి నా కొడకల్లారా,hate,non-hate,0.46597483958693575,0.5340251604130642
shaq modda ante vunnavu ra kevin neku enduku affair,hate,hate,0.5095901463364743,0.49040985366352574
నా ఊపిరి ఉన్నంతవరకు నా ఓటు మీకే అన్నా,non-hate,non-hate,0.47989625620704957,0.5201037437929504
Prathi scene prathi shot u mind pothundhi Amma baboy Awesome script selection,non-hate,hate,0.5137875715380539,0.4862124284619461
Idendayya idi Mariiii ila thayarayyaru Dandaalu ra ayya,hate,hate,0.5182410600254206,0.4817589399745794
special respect for Indian cricket thanks for ( international board of Australia),non-hate,hate,0.500719041720904,0.499280958279096
Cheppedhi em lekapoina ha hm ani anna parledhu vallatho matladali anthee,non-hate,hate,0.5263634149722666,0.4736365850277334
Gudivada king true leader,non-hate,hate,0.5081009430305313,0.4918990569694687
siggu vundali amma jagan lanti erripuk kanna anduku,hate,hate,0.5086567473091854,0.4913432526908145
All the best annya aaa..ni Hard work apudu ki waste kadhu sir jai janasena,non-hate,hate,0.5169747592025968,0.4830252407974031
అప్పట్లో సునీల్ కోసమే డైలాగ్స్ ఉండేవి ఇపుడు ఆలా లెవ్,non-hate,non-hate,0.4637517564644017,0.5362482435355983
వావ్ మీ డాన్స్ సూపర్ సూపర్,non-hate,non-hate,0.485553989915227,0.514446010084773
వారు ఎవరితో పెట్టుకుంటే మీకెందుకుసార్.మీరు రోడ్లు ఎందుకు ఇయ్యలేదు? ప్రాజెక్టులు ఎందుకు కట్టడం లేదు? ఎందుకు ఇంత అప్పులు చేస్తున్నారు మద్యపాన నిషేధం ఎందుకు చేయలేదు? కంపెనీలు ఎందుకు తీసుకురావడం లేదు?,non-hate,non-hate,0.4795836637598502,0.5204163362401498
సిగ్గు సరం వున్న వాళ్ళు ఎవరు వీడి సినిమాలకు పొకడదు ..... ఏంట్రా ఆ బాషా ...,hate,non-hate,0.4796116675453064,0.5203883324546936
po ra pichi kukka . siggu ledhu em ledhu asla manishi vey na,hate,hate,0.5191942484584711,0.480805751541529
Ilanti MLA Anni niyojaka vargallo enduku leru!!!,non-hate,hate,0.5202241279668004,0.4797758720331996
Full video please bayya,non-hate,hate,0.5033878568095851,0.49661214319041497
తొడలు... అస్సలు ఉన్నాయి,hate,non-hate,0.47511654795178304,0.524883452048217
Dress bavundi kaani phone poyindi,non-hate,non-hate,0.48778053040536085,0.5122194695946392
ఎందుకు రికార్డింగ్ డాన్స్ వాళ్ళకి విలువ లేదు అంటే... ఇలాంటి మాటలు... వెకిలి చేష్టలు వల్లే...,hate,non-hate,0.4823793573136731,0.5176206426863269
అసలు ఇంగ్లీషు సినిమాలు లోనే ఇలాంటి పదాలు ఉంటాయి.,non-hate,non-hate,0.4687062845739772,0.5312937154260228
ముందు ముందు స్పష్టం గా బూతులు మాట్లాడేస్తారు ఏమో,hate,non-hate,0.4842109127187627,0.5157890872812373
Anduke film dobbindii,hate,hate,0.5190461581982915,0.4809538418017086
kallu pathukoni sanka kannidhi meru,hate,hate,0.5169879603944857,0.4830120396055143
Ade matani dukuduga cheppandi. Siva garu kanabadatharu maku. Voice belaga vundi.,non-hate,hate,0.5116942938620257,0.48830570613797436
ఇదేంటీ ఇలా నడుస్తుంది,hate,non-hate,0.4871464230589799,0.5128535769410201
కోహ్లీ కి అనుకులం గా మరియు ఫామ్ లో ఉన్నపుడు 3 icc cups అందించినా ధోని గౌరవంగా కెప్టెన్సీ వదులుకున్నాడు..అందరు రిటైర్మెంట్ తరవాత లెజెండ్స్ అయ్యరు కానీ కోహ్లి క్రికెట్ అడుతునే లెజెండ్ స్థాయీ నీ అందుకున్నాడు..కోహ్లీ స్టేయి వాడు కెప్టెన్సీ కోసం ఇలా గొడవపడటం వల్ల ప్రపంచ స్థాయీ అభిమనులున్నా కోహ్లి తానా స్థాయిని తాగించుకున్నవాడు అవ్వుతాడు..కోహ్లి winning persentage యెక్కువున్నా..IPL.కాని,non-hate,non-hate,0.48429668797998027,0.5157033120200197
Areyy vanni mental hospital loo join cheyyadraaa,hate,hate,0.5186196082739579,0.4813803917260421
Nijame lanjalara ammavadipuku degichukoniki thisukunara,hate,hate,0.5212285841818354,0.47877141581816457
"చాలా అద్భుతంగా మ్యూజిక్ డాన్స్ స్టెప్ రిసల్ట్ సూపర్,,",non-hate,non-hate,0.4803542510413821,0.5196457489586179
అనిల్ గానీ వాయిస్ వింటే నాకు ఎక్కడో కలుది.... విడు విని మాటలు...వెస్ట్ న కొంది,non-hate,non-hate,0.4814121936516208,0.5185878063483792
అసలు హారన్ కొట్టకపోతే ట్రైన్ ఇప్పట్లో రాదని అర్థం,non-hate,non-hate,0.4816455750885017,0.5183544249114983
first koja johar ni india nunchi tarmidengithe sangam pedha pothadhi,hate,hate,0.5289763801549664,0.4710236198450336
Ending naku tears vachai  bro. Harsh sai real hero. God bless u brother.,non-hate,hate,0.511847604993352,0.488152395006648
Sometimes nuvvu vacchinanduku chala feel avutunna ninnu ilanti position lo vunchina naaa lanti die hard fans ni chustunte anna,non-hate,hate,0.5135547708617478,0.4864452291382521
roja oka noru vunna pichi lanja noru vundhaani edho edho matladthi,hate,hate,0.5310804209005567,0.46891957909944326
Eema em peekindhi ra judge la pettaru,hate,hate,0.5224234344350386,0.4775765655649614
Avnu nenu mimmalni chusanu chaala sarl,non-hate,hate,0.5146503405323731,0.48534965946762687
Modda gudisipotav bollywood content lamti movies tistey,hate,hate,0.5186703929880827,0.48132960701191724
Picha Na Kodaka!! Vinipisthunda Ra Vijay Ga !!,hate,hate,0.5141108846613547,0.48588911533864526
Poyakalam deggara padinappudu alage chestharu,hate,hate,0.5082504735700093,0.49174952642999065
సంకనాకిస్తుంది... ఇది కూడా నిజమే,hate,non-hate,0.46821743844974106,0.5317825615502589
Arey howle Nizamabad MP Pasupu bord Edhi be Nv esukunna Angi lagu kudha Cangress icchindhe and TELANGANA icchindhi kuda Cangress A meeru cheppe Digital India lo ni AAdhar card kuda Cangress tecchindhe,hate,hate,0.5378842292895603,0.4621157707104397
"Tickets rates thagginchaali..appudey janaalu theatre ki vastaaru.. Budget peruguthondhantey dhaanikkaranam producers e... Heroes budget, north Indian heroines, valla staff ni mepaali ivvanni thadisi mopodavuthunnayi",hate,hate,0.5299059203748886,0.4700940796251114
First telangana gurunchi edvu  jai bjp,non-hate,hate,0.5106292530842874,0.4893707469157126
"విద్వేషాల ,వైషమ్యాలు గురించి బీజేపీ మాట్లాడటం....",hate,non-hate,0.47557878385607455,0.5244212161439255
వీడికి ఇంత మంది అవసరమా వోవర్ కూడా,hate,non-hate,0.4909774792236288,0.5090225207763712
"అలీ siggundali నీకు, sanskaram లేదు నీకు, నవ్వుతూ ఉన్న so called celebrities ki నవ్వు ఎలా వస్తుందో",hate,non-hate,0.475972989300812,0.524027010699188
Gee bajaru chillara dhaniki baga hype icharu kadha ra thu,hate,hate,0.5274448174242918,0.4725551825757082
nehru amman denga ni valla india pakistan godava inka vundhi,hate,hate,0.5284123672890129,0.4715876327109872
ఆలోచన చేస్తున్నాం డ్రామా రావ్ ఈసారి మిమ్మల్ని ఓడించాలి అని,non-hate,non-hate,0.4695232806250236,0.5304767193749764
Arey badcaw recharge iypothe data ala osthundhr rah,hate,hate,0.5247599563326849,0.4752400436673151
ఒరేయ్ ముసిల్డాన్ని కూడా వదల వారా,hate,non-hate,0.47234789061017235,0.5276521093898277
sharmila nuvvu ooriki ki poyi record dancelu cheskho,hate,hate,0.526808484622885,0.473191515377115
Veedi maatalaku yentha mandi kodathaaru veeni,hate,hate,0.5144467724649758,0.48555322753502417
Are యాదవ ల్లా రా megastar తరవాత పవన్ కళ్యాణ్ రా  చిరు సర్ ఆయన Vera leval జై బాలయ్య,non-hate,non-hate,0.4757267785604027,0.5242732214395973
Ennisarlu chusina chudalanipinche great scene idi,non-hate,hate,0.5133434677157603,0.48665653228423966
సూపర్ డ్యాన్స్ మాస్టర్ జానీ,non-hate,non-hate,0.46486010126199784,0.5351398987380022
Ammai ni pattukoni kavalissindhi konuko ani anta vurukuntunda,hate,hate,0.5138367409172959,0.48616325908270414
నీలాంటోళ్లు పాలమ్మిన వాళ్లు చాలామంది ఉన్నారు వాళ్ళకి ఎందుకు రావడం లేదు అదృష్టం .... అన్ని దొంగ పనులు చేసినవ్,hate,non-hate,0.4759387554098373,0.5240612445901627
Ee styles and mannerisms present andaru vaduthunnaru mana industry lo,non-hate,hate,0.5069455352579453,0.4930544647420548
"నేను చూసిన వేలాది ఫన్నీ వీడియోలల్లనే టాప్ 1 లేడీ ఆక్షన్ వీడియో ఇది .,,,అమ్మాయి ఆక్షన్ సూపర్",non-hate,non-hate,0.4720775155775392,0.5279224844224608
elaanti sannasi matalu vinalani maku ledu mundu sari ga matladu mariyada ichi puchukovale anthegani Telangana slag Ani memilage matladtha mante vere partila telanganollu kada,non-hate,hate,0.5393705323248081,0.4606294676751919
Sir Arun Kumar garu meeku hrudayapurvaka namaskaramulu.sir nenu kuda Kapil chit lo chit one L.. vesanu .chit purti ayipoyindi.nene kakunda ma brother cheta friends cheta kuda veyinchaanu.but ippariki amont ivvatam ledu.amont adigite danilone fixid deposit cheyyamantunnaru. consumer court ki velte baguntunda.plz salaha istarani aasisunnanu,non-hate,hate,0.5204425839024158,0.4795574160975841
మోహన్ బాబు గారు కొన్ని ప్రశ్నలకు సమాధానం చెప్పలేక బిక్కమొహం వేశాడు. నీళ్లు నములుతున్నాడు,hate,non-hate,0.47268959972199476,0.5273104002780052
Roja niku minister ichindhi ha shaka ki nayam cheystav ani. Cheera lu pampala miku antey anam garu cutdrawer lu pampala annadu saripoyindha. Power unnantha varaku baganey untundhi.,hate,hate,0.5379211877193217,0.46207881228067826
Ee over action ke... Sankaa naakadu.. Kada. Ayinaa buddi raa ledu,hate,hate,0.515590063748631,0.4844099362513689
Orey baffun gaa college fees lu thakkuvva chesthee nee mukaniki adi chaluu,non-hate,hate,0.5268312120251938,0.4731687879748062
BJP Sanka naku teenmar vartalu,hate,hate,0.5110670477581256,0.48893295224187444
Rip sir.... ఆత్మ కి శాంతి కలగాలని కోరుకుంటున్నాను....మన దేశంలో ఉన్నది ఇలాంటి బడా పారిశ్రామికవేత్తలు సార్.,non-hate,non-hate,0.4767845390025932,0.5232154609974068
ఇటువంటోళ్లు మంత్రులుగా ఉండడం తెలంగాణ చేసిన దురదృష్టం,non-hate,non-hate,0.46817015877815427,0.5318298412218457
Twaralo telugollanta pichollawutaaru,hate,hate,0.5223283101307583,0.4776716898692417
Next generation chala strong ga prepare chesthunnaru,non-hate,non-hate,0.4895505220976739,0.5104494779023261
వామ్మో సూపర్ చిట్టి thalli ️ ఆక్షన్ కే ప్రాణం పోసెల అన్నవ్ రా mummy,non-hate,non-hate,0.46941188523446786,0.5305881147655321
కుత్త పగులుద్ది ఎవడైనా(any party/any other fans) ఎన్టీఆర్ అన్న ని తక్కువ చేసి మాట్లాడితే,non-hate,non-hate,0.47493977240304275,0.5250602275969573
Edi over action,hate,hate,0.506859152966609,0.493140847033391
"Chi chi neeku anchoring evadu nerponchondo....farmers ni arrest chesinaru ante...safety ki antava,intha dikkumaalina answer emina vuntada asalu,ante anyayam jarigindi Ani chepte arrest lu chestaru,ala arrest cheyyadam correct antava nv",hate,hate,0.5354644505526569,0.46453554944734304
గెటప్ శీను వావ్ సూపర్ మాన్ మెగాస్టార్ బాడీ లాంగ్వేజ్ యాస్ ఇట్ ఇస్ దించేసావు సూపర్,non-hate,non-hate,0.48538872434347946,0.5146112756565205
Sudheer ni timingi timing anna,non-hate,hate,0.5065849812533343,0.4934150187466657
తెలుగు లో ఉన్నా అన్ని వ్లోగ్ ఛానెల్ వాళ్లని ఏసుకున్న NTB ఆన్న కి ధన్యవాదాలు..,non-hate,non-hate,0.4843041845695465,0.5156958154304535
అబద్ధానికి పెద్ద నోరు ఉంటుంది,hate,non-hate,0.48209761377463267,0.5179023862253673
"ఘడ్డగా మరీ మనావర్ గానికి కూడా చెప్పు హిందూ దేవుళ్ళ పైన జోకులు చేయొద్దని, మరి వాని షో కు పర్మిషన్ ఇవ్వకుంటే ఇవన్నీ కాకుండె కదా",non-hate,non-hate,0.4852946406722283,0.5147053593277717
ఎందుకు sir అయిపోయిన పెళ్లికి మేళాలు!!! వదిలేయండి sir. ఇద్దరూ ఇలా తిట్టుకోవడం జనాలకి వినోదం అయిపోయింది sir,non-hate,non-hate,0.4714794791774919,0.5285205208225081
itlantivi ఎందుకు చేస్తారండి meeru rotta cinemalu matrame chestaru sir meeru... any way .. ayina meerante naakistam sir,hate,hate,0.5069561042772268,0.4930438957227732
ఇష్టం లేని జాబ్ చేస్తునట్టు ఉంది ప్రభాస్ ఫేస్,hate,non-hate,0.4674903926351546,0.5325096073648454
Power star.....anedi oka brand....evadu padithe vadu power star kadu...kaledu...king okkade power star okkale...only powerful power star pavan Kalyan okkade,non-hate,hate,0.5173009890316185,0.48269901096838147
Maa allu aravind gari comedy super allu sir plz meeru movies loo act cheyandi,non-hate,hate,0.5143901711726121,0.4856098288273879
ఇనుము ఇనుముని️ కాదు ఎనుము ఎనుముని అనాలి,hate,non-hate,0.4826991151633031,0.5173008848366969
malla manchi erri puku vodu,hate,hate,0.5198829803863347,0.4801170196136652
పేదవాడు కి  జగన్ గారు  ఎ మంచి  పని చేస్తున్న  దానికి  కోర్టులో  కేసులు పెట్టి  న.  బొల్లి గాడు కీ  ఓటు ఎవరు వెయరు,hate,non-hate,0.4734161287426131,0.5265838712573869
Dance raani dhanni dance judge ga pettaru,hate,hate,0.5002606518587533,0.49973934814124665
Chala ante chala bagundi bro,non-hate,hate,0.5096634815424794,0.4903365184575205
Are o nuvvu sollu aapu thammi,non-hate,hate,0.5148385013541712,0.48516149864582875
నోటి తెగులు అని రాసావ్ కదరా. మీ ఛానల్ కన్నా నోటి తెగులు ఎవరికీ ఉంటాది.,non-hate,non-hate,0.46943231428183907,0.5305676857181609
friendly ga annadu,non-hate,non-hate,0.4967830194172347,0.5032169805827653
పొరపాటున మళ్ళీ గానీ రాజశేఖర్ రెడ్డి గారు వస్తె కుర్చీ పొద్దని తీసుకెళ్ళి కూర్చోబెట్టడు,hate,non-hate,0.464933455373745,0.535066544626255
వాళ్లూ ఎలా ఉంటే మనకు ఎందుకు వాళ్ళ సొంతవిశాయలు,non-hate,non-hate,0.48073986735652985,0.5192601326434702
"Ycp lo meeru emi cheyaleru
Jsp lo neeku nachhinattu vundavachhu",non-hate,hate,0.5266802230923349,0.4733197769076652
పవన్ కళ్యాణ్ మూవీస్ లో హీరో... రాజకీయం లో ' 0',hate,non-hate,0.4776858920292887,0.5223141079707113
మొత్తం చూసా నిజాయతీ గా వున్నాయి ప్రశ్నలు జవాబులు..సూపర్ బై రెడ్డి సిద్దార్థ్ రెడ్డి,non-hate,non-hate,0.47326363991873355,0.5267363600812665
"RK గారు, సగం మీరే మాట్లాడేస్తున్నారు, దయచేసి అవతలివాళ్ళని పూర్తి గా మాట్లాడనీయండి.",non-hate,non-hate,0.4626367129538651,0.5373632870461349
Manchu family ki inka respect undi ante adi only nee valle manoj anna,non-hate,hate,0.5082488519017482,0.4917511480982518
Godfather మరో  Pan India Block buster coming soon జై చిరంజీవ,non-hate,non-hate,0.4639537055108959,0.5360462944891041
Meku kuda manchi bavisath unntadi,non-hate,hate,0.5090783290378165,0.49092167096218353
"Bhuthulu gurinchi, double meanings gurinchi nuv matladodhu anusuya plz",hate,hate,0.5294648383882565,0.4705351616117434
ఎన్ని సార్లు చూసిన చూడాలని అనిపించే speech,non-hate,non-hate,0.49044673082022894,0.5095532691797711
Evadiki vadu acting eraga tistunnaru,non-hate,hate,0.5065684099714765,0.4934315900285236
Manchu Family Paruvu kapade Manishi Nuvvu Okkade anna,non-hate,hate,0.5145910977513976,0.48540890224860245
నువ్వు ఒక్క రోజు జబర్దస్త్ లో బాలయ్య బాబుతో ఫోన్లో మాట్లాడలేదా వే,hate,non-hate,0.4635718293485317,0.5364281706514683
మేము ప్రజలకి ఫలానాది చేస్తామని చెప్పుకొని ప్రజల్లోకి రావాలి ఏ బొక్క లేదు వచ్చి ఏం పీకుతారు,non-hate,non-hate,0.47330457553591576,0.5266954244640842
ఇంత పరిజ్ఞానం ఉన్న సీఎం ఆంధ్రకి సీఎం కావడం ఎన్నో జన్మల పుణ్యం,non-hate,non-hate,0.48551749358749585,0.5144825064125041
లైక్ లు కొట్టేవాళ్ళు ఎక్కువా కానీ ఓట్లు వేసేవాళ్ళు చాలా తక్కువా,hate,non-hate,0.4652979889537119,0.5347020110462881
Ka pal garu miru super,non-hate,hate,0.5109018015612743,0.4890981984387257
క్షవరం అయితే గానీ వివరం తెలియదు లెండి.... పృధ్వీ గారు,non-hate,non-hate,0.4706140837360494,0.5293859162639506
ప్రషు వాళ్ళ డాడీకి ఒక లైక్ కొట్టండి,non-hate,non-hate,0.46478661510002306,0.5352133848999769
Aaa cheera etthi guddalo pettara be nee mogga ni,hate,hate,0.5279543641306883,0.47204563586931175
"రమేష్ మాస్టర్ డ్యాన్స్ ప్రాక్టీస్ సూపర్, ఇదీ పద్దతి",non-hate,non-hate,0.48124025714205076,0.5187597428579492
Neelanti  vallu  valla  nijame ayina devunuki  avamanam jarukutundhi,hate,hate,0.5164267114742822,0.48357328852571774
కోడలు పిల్ల మా కొడుకు నీ పెళ్లి చేసుకుంటావా కట్నం ఏం వొద్దు మేమే ఇష్టము కావాలంటే,non-hate,non-hate,0.49405830749452506,0.5059416925054749
Anchor be like: pichi na kdklni andharu ikkade unnaru,hate,hate,0.5026455279780385,0.4973544720219615
అసలు ఏం ఉంది రా అక్కడ పొట్ట ఒకటి ఉంది అక్కడ,non-hate,non-hate,0.48564372756113305,0.514356272438867
meeku assalu em matladalo kuda telidhu edo vaagaali vaaguthaaru nv pedda leader vi nv cheppindhe nijam enduku paniki maalina debate lu,non-hate,hate,0.5341314257210522,0.4658685742789478
"మల్లారెడ్డి అంతడబ్బు రేవంత్ రెడ్డికి ఇచ్చారు అంటే...  మల్లారెడ్డి ఎన్ని వేల కోట్ల డబ్బు అవినీతిగా సంపాదించి ఉంటాడు...
సక్రమంగా సంపదిస్తే ఎవ్వరికి ఇవ్వనవసరం ఉండదుగా....
రేవంత్ ఒక్కడికె కాదు..ప్రజలందరికీ నీ అవినీతి డబ్బు పంచాలి..
అప్పుడు ఎవ్వడు బ్లాక్ మెల్ చేయడు.",non-hate,non-hate,0.4741535222373283,0.5258464777626717
oka ammai vi vundhi natho argue chesthava puku mosukoni inti panulu cheyi,hate,hate,0.5217078781957467,0.47829212180425335
Antha energy guddhalo nundi vastundi,hate,hate,0.5100796636498008,0.4899203363501992
bonda uma kukka esaga mafia king,hate,hate,0.5116238069432923,0.4883761930567076
Padavi kosam penta ina tintadu,hate,hate,0.5184924645844373,0.4815075354155627
Kcpd men's kutha chnpi paddengutha,hate,hate,0.5339985518212109,0.466001448178789
Veedemma veedi lssge waste dhi,hate,hate,0.523442094586366,0.47655790541363396
vijay mallya nirav modi kapadindhi bjp malla ha baate shah gadu nak emtelidhu antaru,hate,hate,0.5320776503423028,0.4679223496576972
కేసీఆర్ కేబినెట్లో మీటింగ్ లేదు బొచ్చు లేదు,hate,non-hate,0.4653681770752369,0.5346318229247631
"atleast akkadaina vudyogam vacchindi,chaala mandiki adi sampadinche scene ledu le bro",hate,hate,0.5188421785374675,0.48115782146253255
Ee Rashmi ki roju rojuki dhebbalu gattigaane gudhuthunnaru,hate,hate,0.5199202132349849,0.4800797867650151
Rayalaseema simham paritala Ravi telugurashtrala devudu NTR but family members of both have utterly failed to carry the legacy of these both in their respective range and categories,hate,hate,0.5189398042908799,0.4810601957091201
Antha fake ey solu galu baga ekuva ayaru,hate,hate,0.5087102170262282,0.4912897829737718
"Mustache kosam wait chesi untadu,inni rojulu ee video cheyadaniki,enthaina ne dedication ki hats off bro",non-hate,hate,0.5144330969168038,0.4855669030831961
ఈ సినిమా మంచి విజయం సాధించాలి అని ఎంతమంది కోరుకుంటున్నారు.,non-hate,non-hate,0.46808276104342983,0.5319172389565702
"రాష్ట్ర విభజన హామీ ప్రకారం రైల్వే జోన్, ప్రత్యేక హోదా, చెన్నై విశాఖపట్నం సీ కారిడార్, స్టీల్ ప్లాంట్ పునరుద్దరణ మొదలగు హామీలు మిగిలే ఉన్నాయి",hate,non-hate,0.4841593235751813,0.5158406764248187
Kama kukka,hate,hate,0.5050982337756063,0.4949017662243938
కు డాన్స్ రాదు అనే స్టేజ్ నుండి డాన్స్ అంటే ఇది రా అనే రేంజ్ కి వచ్చావు జాని అన్నా,non-hate,non-hate,0.48984624541055943,0.5101537545894406
తాత నీకు 60 పాప కీ 25యెందీరా మాకు ఈ దరిద్రమ్...?️️️,hate,non-hate,0.47986877885037826,0.5201312211496217
Kasta padithe eppudu pratipalam untundi.. congratulations,non-hate,hate,0.5091873614595178,0.4908126385404822
Sulli ra,hate,hate,0.5029758144829075,0.4970241855170925
4 lo second di tisi 1 ki 2 ki madyalo pedite 4 avtundi order saripotadi,non-hate,hate,0.5116926699385163,0.4883073300614838
Nivetha konni interviews lo aa time lo Rajinikanth garithi movie chestunna idem peddha movie kanattu matladindhi.she was not greatful to act in PSPK's movie.,non-hate,hate,0.5195084456130796,0.4804915543869204
Charmi ki Edo ayindi navvaleka sachipothundi,hate,hate,0.5281284937887657,0.4718715062112343
దయచేసి ఎవరైనా ముందు వీడిని మెంటల్ హాస్పిటల్ కి తీసుకువెళ్లండి వీడు ఎవరెవరిని ఏం మాట్లాడుతుందో అర్థం కావట్లేదు ఈ నా కొడుక్కి పిచ్చి పట్టింది,hate,hate,0.5057598055892671,0.4942401944107329
పవన్ కుపరువుపొటమే నితికిఎతిరెకంగపొరడుతునడు అయనకుమచిదికదు  జగన్ నిలంటొడుకదు జగన్ దేవుడులంటివడు,non-hate,non-hate,0.4807200671520261,0.5192799328479739
The great honest true leader Pawan Kalyan sir cm kavali nyayam jaruguthundhi ap prajalaki sir,non-hate,hate,0.5136244679037594,0.48637553209624057
"Pelli meeda naku chala dreams, respect vundedhi itlanti interviews chusinappudalla pelli chesukokunda vundadame manchidi anipistundhi",non-hate,hate,0.5213572331510336,0.47864276684896645
Mari atluntadhi krithi brm  thoni  andham ante minimam atta,non-hate,hate,0.5317725647014273,0.46822743529857275
హ్యట్సాఫ్ పోలీస్ సర్,non-hate,non-hate,0.46024981245131025,0.5397501875486898
నా బంగారం... ఆ నవ్వులోనే ఉంది అన్న మా సంతోషం,non-hate,non-hate,0.4787860784963577,0.5212139215036423
Ree babu Nani GA neku eaduku Ra avasaram  vajaya Sai  chappali ha visayam nevu eaduku neku avasaram eamiti,hate,hate,0.5357643380560391,0.4642356619439609
రాజు గారు మీరు సూపర్ సార్ బాహుబలి రఘు రామ్ రాజ్ సూపర్ సార్ పులి అంటే మీరు సార్,non-hate,non-hate,0.483618040140797,0.516381959859203
మీరు కొనుడు కాదు సారు నీ బిడ్డలాంటి ప్రజలు కొనాలి,non-hate,non-hate,0.48846017620081816,0.5115398237991818
కింగ్ ఇస్ బ్యాక్,non-hate,non-hate,0.49001561068448785,0.5099843893155122
Nani fans ante mamoluga undadhu mari super love you nani love you,non-hate,hate,0.5228224001029099,0.4771775998970901
Niku yevadu ra cheyyamannadu,hate,hate,0.5095633902768808,0.4904366097231192
E vedio chusi nenu chesukovaalsi vastundi inkaa chaalu,hate,hate,0.5031830351882214,0.49681696481177856
Full clarity tho unnaru and correct ga chepparu ... movies lo fan following veru ...real life lo fan following veru ..,non-hate,hate,0.507438982560948,0.49256101743905195
కాపీ కాకుండా వేరే ట్రై చేసే సూపర్ విజయం నీదే పిల్లి డుడ్,non-hate,non-hate,0.4891343809646015,0.5108656190353985
Village  పిల్ల  నీవు super,non-hate,non-hate,0.4909384818732715,0.5090615181267285
దత్తపుత్రుడికి ఇంకా సిగ్గు రాలేదు,non-hate,non-hate,0.4685237840962294,0.5314762159037706
ఇంత తెలివైన ముఖ్యమంత్రి ని ఎన్నుకున్నారు,non-hate,non-hate,0.4689453604916548,0.5310546395083452
Waste fellow he did nothing for telengana,hate,hate,0.5027214678417986,0.49727853215820145
Vaadu feel avvadu... Vaadi answer ki nuv avthav,non-hate,hate,0.5242296434536482,0.4757703565463518
కల్యాణ్ దిలీప్ సుంకర గారు చాలా చక్కగా వివరించారు. ధన్యవాదాలు.,non-hate,non-hate,0.4647345344953978,0.5352654655046022
nuvvu poyyi modi modda cheku mms oka great econmist ani prapamcham anukondhi antanu lekunte india ledhu,hate,hate,0.5426306697788363,0.45736933022116366
ఆమె నీ తల్లి అయితే ఇలాగే చేస్తావా,hate,non-hate,0.4895041099112315,0.5104958900887685
",విస్వక్ గాడికి బాగా ఎక్కువైంది.ఇది మంచి పద్ధతి కాదు",hate,non-hate,0.47213326852968684,0.5278667314703132
ఇంత ఫిట్ బాడీ ఉండి అప్పు అన్న అల మరణించడం బాధగా ఉంది,non-hate,non-hate,0.4825116974748246,0.5174883025251754
Shooting leka mind dobbindi .court should consider this issue .if students take him as inspiration then what will happen. Is it correct .pls consider it,hate,hate,0.518888875500549,0.4811111244994511
Sketch వేసింది ఎవరో కూడా చెప్పండి (దమ్ము ఉంటే),hate,non-hate,0.46257145540679245,0.5374285445932075
"The courage to be disliked"" ee book summary cheyyandi anna.",non-hate,hate,0.510886669593348,0.48911333040665195
Ntr kadhu bey ntr garu give respect,hate,hate,0.517088938626896,0.4829110613731041
ఎక్కడికి పోతోంది మన సంస్కృతి,non-hate,non-hate,0.491063820250182,0.508936179749818
పోనీ ఆంధ్రప్రదేశ్ కు separate కరెన్సీ నోటు పెట్టీ నోట్లు గుద్దు జగన్ అన్న గాంధి గారి ఫొటో బదులు నీ ఫొటో పెట్టు అన్న,non-hate,non-hate,0.4902313425498144,0.5097686574501856
Super Madam  dance  chala bagavesaru,non-hate,non-hate,0.48958027902522017,0.5104197209747798
జగన్ శరీరంలో అణువు అణువు రొజక్కకు బాగా తెలిసినట్లుందే,hate,non-hate,0.4684307162993374,0.5315692837006626
"తల్లి నువ్వు నవ్వొద్దు, ఆ ముఖంలో మూతి తప్ప ఏమి కనిపించదు మాకు",hate,non-hate,0.476394447876049,0.523605552123951
Teeskelli railway station loo padeyandi,hate,hate,0.5139194373288725,0.48608056267112754
డబ్బా రాయుడు మన పెద రాయుడు మొత్తం మీద మేక పోతు గాంభీర్యం కనపర్చాడు ఫసక్,non-hate,non-hate,0.474305872605458,0.525694127394542
మీరు మీ లాంటి వారు రాష్ట్ర నికి చాలా అవసరం,non-hate,non-hate,0.4918717804290218,0.5081282195709782
కాదన్నా నవ్వి నవ్వి చచ్చిపోతే ఎవరు రెస్పాన్సిబిలిటీ అన్నా సూపర్ అన్న,non-hate,non-hate,0.46183932245985226,0.5381606775401477
Super settiandi voice to video,non-hate,hate,0.5179216883023555,0.4820783116976445
Over action apandi raa Babu,hate,hate,0.5075131453088266,0.4924868546911734
అన్నయ్య వదిన. ఎప్పుడు హ్యాపీ గా వుండాలి,non-hate,non-hate,0.4770549259141995,0.5229450740858005
Picchodini interview endhuku chesthunnaru may be TRP kosama,hate,hate,0.5272409741941655,0.47275902580583445
ఈ పాట విన్నపుడల్లా SPB గారే మళ్ళీ తిరిగొచ్చి పాడారు అనిపిస్తుంది,non-hate,non-hate,0.4613696649912016,0.5386303350087984
కోతులు దిగేదానికి ఇంత bulid up aaa,hate,non-hate,0.4719761494971635,0.5280238505028365
Punch veyyalantay...Sunil anna tharuvathayee...yavarina...,non-hate,hate,0.512837581504495,0.487162418495505
"jai kumar next nee amma nee ,sisters nee andharni petti prank thesthadu vadu wait",hate,hate,0.5240331682338251,0.47596683176617494
Elagaina vastadu mee dhulaa thirustadu.,hate,hate,0.513593654914686,0.48640634508531405
కంట్లో దురద పెట్టింది కాబట్టి సరిపోయింది,hate,non-hate,0.49071014414135417,0.5092898558586458
Raja Singh nuvvu ni karra tagubthu mokam neeku mokham nuvvu mla ela ayyavu,hate,hate,0.5347422957886893,0.46525770421131074
"Manchi cinema ni prathi okkaru aadaristaru,all the best nikhil, have a bright future",non-hate,hate,0.5207544195394018,0.4792455804605981
నువ్వు చాలా చాలా బాగున్నావు. పర్ఫెక్ట్ గా ఉన్నావ్.. మీరు నాకు నచ్చారు,non-hate,non-hate,0.464268285387883,0.535731714612117
Vedi nathinakodaka,hate,hate,0.5227458931608406,0.4772541068391594
Meeru Gopi Goda meeda pilli anna maata edava,hate,hate,0.520925526354774,0.47907447364522604
Naku prabhas anna ento rana anna kuda antey,non-hate,hate,0.5157318524848377,0.48426814751516234
Ilantivi kaadha ee generation ki inspiring untadhi...plz do more,non-hate,hate,0.5217540096447248,0.4782459903552751
పోలీస్ ఫారెస్ట్ డిపార్ట్మెంట్ 2కలసి పోరాడారు పాపం దాని బారి నుండి ప్రజల్ని,non-hate,non-hate,0.48777544167008713,0.5122245583299129
భజన భజన బ్యాచ్ ఎక్కువ అయిపోయారు పవర్ స్టార్ కి పాపం,hate,non-hate,0.46674242740230865,0.5332575725976914
నోరు ముయ్. వాడు పరిపాలనా చేతగాని వాళ్లకి అన్న... అంతే.,hate,non-hate,0.4735740159959271,0.5264259840040729
"Paritala nu nuvve sampinavu raa nennu gaali, vaana devudu sampeedu",hate,hate,0.5201626962633037,0.47983730373669625
Washing powder NIRMA neevu maa mukyamantri awadam maa KARRMA,hate,hate,0.5269490905880261,0.47305090941197386
​political fit kakapothe bayapadatam endukandi,hate,hate,0.5139027679926997,0.48609723200730026
Peetha … idokA Lavada lo buildup,hate,hate,0.5280181871347425,0.4719818128652576
Marea srihan pakkana moddagudvala,hate,hate,0.5236397774016575,0.4763602225983425
Rey arripuku adhi munda sollu apu ra,hate,hate,0.5133296134703507,0.4866703865296493
ఇలా వాగే ఛీ అని పరిశ్రమ పెద్దలు దూరంగా పెట్ట రు మహేష్ మళ్ళీ దరిద్రని మళ్ళీ స్టేజీ మీదకు తెచ్చాడు 20సం చిరు చాలా నష్టపోయారు,hate,non-hate,0.4778880800377986,0.5221119199622014
Me kastam palinchali sir,non-hate,hate,0.510384114425672,0.489615885574328
మొత్తానికి యూట్యూబ్ నే కాపురం చేయరా మీకు మా బుద్ధిలకు మానాల్లో లేదు,hate,non-hate,0.49202916994648127,0.5079708300535187
Audience be like :- Bengu ! Athi bengaku,hate,hate,0.5043892786099509,0.49561072139004914
ఎంత నవ్వు వచ్చిందో .  సూపర్ స్పీచ్ అన్న.,non-hate,non-hate,0.47252204087259564,0.5274779591274044
40 సంవత్సరాలు రాజకీయ అనుభవం,non-hate,non-hate,0.4910745378905491,0.5089254621094509
ఓహో ఈ నిజాయితీపరుడైన రవి ప్రకాష్ లో పవన్ లక్షణాలు ఉన్నాయా,hate,non-hate,0.46468494726406917,0.5353150527359308
West mokalu motham judge laa,hate,hate,0.5100603816426985,0.48993961835730154
Dhani pandhi moham chusi shock avuthada,hate,hate,0.5154933058943787,0.48450669410562125
ni pellam puku denugutha  ma anna annavu ante,hate,hate,0.517160972281163,0.4828390277188371
liger movi బాగుంది but హీరో కి నత్తి ఎక్కువ గా ఉండడం వల్ల సినిమా పోయింది అంతే,non-hate,non-hate,0.4845118817535484,0.5154881182464516
బ్యూటిఫుల్ మేడం,non-hate,non-hate,0.47008405521669594,0.5299159447833041
Are meru marara dappukottu kovam,hate,hate,0.5184366506063145,0.48156334939368545
దాన్ని పేరు ఏంటి ఐడి ఏంటి చపూ బ్రదర్,non-hate,non-hate,0.4704216543004873,0.5295783456995127
సాక్షి అంటేనే అబద్దలకు care of address,non-hate,non-hate,0.49112905982240307,0.5088709401775969
"అప్పట్లో dirctors కి, కంటెంట్ రైటర్స్ కి ఉన్న హ్యూమర్ సైన్స్ ఇప్పుడు ఎవరికీ లేదు.",non-hate,non-hate,0.4662912144392831,0.5337087855607169
ఎవ్వరు చెయ్యలేని గొప్ప పని మీరు చేశారన్న మీరు గ్రేట్ అన్నా,non-hate,non-hate,0.4894549285904436,0.5105450714095564
మీరు చెప్పే టాపిక్ వల్ల ఉపయోగం చాలా ఉంది!,non-hate,non-hate,0.46407710949878067,0.5359228905012193
"Fingerprint mallareddy
Pedda donga na kodku",hate,hate,0.5242031237546227,0.47579687624537725
ఇపుడు కూడ తన తప్పులు ఒప్పుకోవటం లేదు.. pichi munda,hate,non-hate,0.48587483874235216,0.5141251612576478
entandi pusukunna antha pedha Mata anesav,hate,hate,0.5171735321619508,0.4828264678380492
rgv ki siggu ledhu ammail ni oka sex doll laga choostahru,hate,hate,0.5297230678775275,0.47027693212247246
Antha perfect ga ayithae raledhu but try chesaru kadha that's more important,hate,hate,0.5260403773676886,0.4739596226323114
​debate la lo paalgone TRS naayakulaku edhutivaarini maatladaneeyakapovadam samskaaram kaadhu.,non-hate,hate,0.5089329849019062,0.4910670150980938
Party paranga vaduu. Godameeda pilli laga kuda vaddu ra howla,hate,hate,0.5229735678634705,0.4770264321365295
చాలా బాగుంది బ్రో. చిన్నపుడు ఇవి అన్ని మేము చేసాము బ్రో చాలా హ్యాపీ గా ఉంది ఈ సిరీస్ చూస్తుంటే. Best of luck bro.,non-hate,non-hate,0.47023487283845444,0.5297651271615456
నేనూ రెండు ట్రై చేసాను సమ్మగా ఉంది,hate,non-hate,0.4779433954222838,0.5220566045777162
Modda gudu aithyy,hate,hate,0.5156540647583921,0.48434593524160785
అన్ని తెలుసు పోలీస్ లకు యూనిఫామ్ ఉందన్న అహంకారం  చట్టం తెలిసిన వాడు తప్పు చేస్తే తాట తీయండి అడ్వకేట్  హక్కుల కోసం ప్రజల తరఫున పోరాడండి,hate,non-hate,0.4980890484393057,0.5019109515606943
Muslims hindu devullanu entha thittina parledhu... Kaani hinduvulu  Mee devudini thidithe thappenti,non-hate,hate,0.5153556925857771,0.48464430741422293
Pilichi pettinchukuntaru ga....TV9 ki eemadhya sarada ayindi...,hate,hate,0.5191951899408553,0.4808048100591446
ప్రతి ఒక ఇంటర్వ్యూ లో చాలా కూల్ గా మాట్లాడతారు. నిజాలు నిర్భయంగా చెబుతాడు. ఎవడన్నా ఏమన్నా అనుకొని నేను చెప్పేది చెప్తా అనుకునే వ్యక్తి RGV...,non-hate,non-hate,0.4840884843825298,0.5159115156174702
అన్నయ్య అనే పిలుపు విని వెనక్కి తిరిగాడు,hate,non-hate,0.46758646615867017,0.5324135338413298
alsa janalu erripuk galu jagan ni cm cheyadam enti,hate,hate,0.5119674645328441,0.48803253546715586
అందుకే 400 అమ్మాయిలతో sex చేశాడు,hate,non-hate,0.48635864721121225,0.5136413527887878
Mulapeta lo 2 years chadhukuna,non-hate,hate,0.5206635092930854,0.4793364907069146
Chance esti champidengala vunnadu aunty ne,hate,hate,0.5153881591481322,0.4846118408518678
"100% literacy rate unna kerala lo ne janalu gorrelu la unte, migilin rashtrallo unna janalu paristhiti emito...... I feel ashamed being part of this type of public",hate,hate,0.5234756892692518,0.47652431073074825
"Prabhas ki super jodi,,,arabian bread vastundi",non-hate,hate,0.5130275050086387,0.4869724949913613
Acting super undhi ga bro just story lo dammu ledh,non-hate,hate,0.5222547314817292,0.4777452685182708
ఇద్దరూ చాలా బాగున్నారు sooooo క్యూట్,non-hate,non-hate,0.46316720738957773,0.5368327926104223
ఎందుకు అల్యసాO చేస్తునవు పేటక,hate,non-hate,0.4737639350909303,0.5262360649090697
Vadapav gaadu icc trophy elaa win aiythadoo neenu chusthaa,hate,hate,0.52023804815186,0.47976195184813997
అన్నయ్య చెబుతుంటే నోరు ఊరిపోతున్నాది....,non-hate,non-hate,0.4635376003979844,0.5364623996020156
మహానుభావుడివి సార్ నువ్వు. మేడం గారు మికో నమస్కారం. ఇద్దరు సరిపోయారు. నిజాన్ని నిర్భయంగా,hate,non-hate,0.47466966292454094,0.5253303370754591
నువ్వు వెస్ట్ దానివి దొమ్మరి దాన ఇది ఏంటిదే,hate,non-hate,0.46767346907574003,0.53232653092426
"ntha brainwashed gorrelu chesthunnaru, inko vargam enti ante bjp bots SSR influencers ga mari yuvatha ni thappu thovva pattisthunnaru a",non-hate,hate,0.5306374079721987,0.46936259202780134
Car top medhega kurchuni vachindhi mee araganta auntymedha kurchuni kaadhu ga me fans tega feel aypothu support chestnaaru manchi aatagaadivey,hate,hate,0.5343363007934376,0.4656636992065624
"Shiva gari smile ki fidaa..mee anchoring super sir..nenu macha cheppe Answers kante meru iche smile ne chusthu undipoyanu..your voice,  your style of anchoring awaysome",non-hate,hate,0.5177293721319927,0.48227062786800734
Cut paste... video cut aaeindhi,non-hate,hate,0.5071185087274397,0.49288149127256026
samantha oka trigubothu lanja chai lanti mogudu vadilesindhi,hate,hate,0.5275354487251128,0.4724645512748872
"Legendary అంటేనే ntr, anr, తర్వాత చిరు.  ఆయన సినిమాలు నిజజీవితానికి అద్దం పడతాయి. యువతకు దిశానిర్దేశం చేస్తాయి. ఎవడో ఏదో అన్నంత మాత్రాన legend కాకుండా పోతారా",non-hate,non-hate,0.47573411361651896,0.524265886383481
bandi sanjay gadu amit shah kukka vadu poyi vadi kaalu nakutaru,hate,hate,0.5200976832725925,0.4799023167274074
Murkulani evaru emi cheyaleru...,non-hate,hate,0.5152715815793885,0.4847284184206116
Ee video chusintarvatha mee meeda respect perigindi,non-hate,hate,0.5090120254481819,0.4909879745518181
హోమ్ మినిస్టర్ 2000% UNFIT... ఆమెకి ఉన్న తెలివి కి Village member కే ఎక్కువ,hate,non-hate,0.48943405174422305,0.510565948255777
అంటే జగన్ కు భయపడుతూనే ఉంటారు,hate,non-hate,0.476303729401797,0.523696270598203
సిస్టర్ నువ్వు చాలా బాగా చేసావ్ అమ్మ నీలో టాలెంట్ మామూలుగా లేదు.,non-hate,non-hate,0.4728936408475509,0.5271063591524491
kcr dhi barrey karrey mukku vadu waste pm ki,hate,hate,0.528685444112515,0.47131455588748505
Orey manam cinemalu chudabatte vallu luxury ga brathukunnaru ra,hate,hate,0.5004732464944108,0.4995267535055892
Life lo okasri ina kalavli darling ninnu,non-hate,hate,0.5178166314731405,0.48218336852685956
ఏదో పెట్టేదని లేక అడిగింది,hate,non-hate,0.49061338294906587,0.5093866170509341
Erripuku matalu baga matladathavu ra adhi nuvvu,hate,hate,0.5148266124113041,0.48517338758869594
Vammo mamulodivi kadu swamy Nuvvu,non-hate,hate,0.5156238887930769,0.4843761112069232
Movie lo content chala bagundi evvadu apaledu movie ni dilraju kuda,non-hate,hate,0.5128589419458728,0.4871410580541272
Yenta mandhi stars vunna PAWAN KALYAN YE  POWER STAR,non-hate,hate,0.5246216239004353,0.4753783760995647
Adhikaram vunte thuglak gadu emaina chesasthadu,hate,hate,0.5190810909041248,0.48091890909587526
sia vinadaniki notlo motham petta vuntau padutadhi,hate,hate,0.5260949933119461,0.47390500668805385
niku family undi gah ra jagratamma venkata,hate,hate,0.5146257172870556,0.48537428271294436
కొన్ని ఆంధ్ర పందులకి బురదలోనే (ycp)ఆనందం...ఏం చేస్తాం పంది జాతి కదా అట్లాగే ఉంటది,hate,non-hate,0.48761010607520194,0.5123898939247981
అన్నా నెక్స్ట్ మూవీ ఇంకా గట్టిగా కొట్టాలి... ఆల్ ది బెస్ట్,non-hate,non-hate,0.4812042673176984,0.5187957326823016
మ్యూజిక్ చాలా చాలా బాగుంది..,non-hate,non-hate,0.46210061519943824,0.5378993848005618
చీర కట్టుకుంటే చాలు ఎవరికైనా ఒక హుందాతనం వచ్చేస్తుంది.,non-hate,non-hate,0.46629738280465416,0.5337026171953458
ముందు arrest చెయ్యండి. వాడు షికారు చేస్తున్నాడు. వాడు ఎందుకు మీడియా ముందుకు రాలేదు.,hate,non-hate,0.4674188886707882,0.5325811113292118
ఒక్క ఎక్ష్ప్రెషన్తొ  మొత్తం నడిపించినవ్ నువ్వు నిజంగా లెజండ్ అన్న,non-hate,non-hate,0.46281516269518297,0.537184837304817
ఏంది రా మాకు ఈ సోది నీ ఎపిసోడ్,hate,non-hate,0.468810481612998,0.531189518387002
డిజిల్ బదులు మందు కొడితే సరిపోతుంది,non-hate,non-hate,0.47012871172497006,0.5298712882750299
ఆ పటుకోవడం లోపలికి వెళ్లి పటుకొర బాబూ రూంలో కూర్చుని పనిచేసేయి,hate,non-hate,0.4662711867717845,0.5337288132282155
పెట్టింది పది వేలు.. లాగేది 10కోట్లు,hate,non-hate,0.4754653617436263,0.5245346382563737
నెక్స్ట్ కార్తికేయ 3 మాత్రం సముద్రం లో ఉన్న ద్వారక నగరం మిస్టరీ ...Vere level  లో ఉంటది...,non-hate,non-hate,0.48910599317099224,0.5108940068290078
One and only Mega star .....Potthi leyru....Raleyru,non-hate,hate,0.5214404841227798,0.47855951587722023
జయహో రాజాసింగ్ భారత్ మాత కి జై,non-hate,non-hate,0.4924431889665716,0.5075568110334284
Re charge ayepothe Ela ra Google open avrhundu,hate,hate,0.5191212581977153,0.48087874180228474
Anna mee Spandhana bagundhi,non-hate,hate,0.5086663060887225,0.49133369391127746
ఈడిని చూసాక....మన సంపు మీద చాలా గౌరవం పెరిగింది...,non-hate,non-hate,0.47432503595152986,0.5256749640484701
"ఇది లంజలా రాజ్యం..,. కలియుగం లో లంజేలే నీతులు చెబుతారు",hate,non-hate,0.4920628465762552,0.5079371534237448
"Paytm kukkalu ekkada, idi kuda cbn gare plan chesaru antaremooo",hate,hate,0.5184509727712852,0.4815490272287149
Edi lanja kabate ela janalanu chedakodutundi,hate,hate,0.5290517714237439,0.4709482285762561
kodali nani  koja na koduku mla lankadhnulu okati levu,hate,hate,0.53070656371569,0.46929343628431
study chesi kcr em pikindu velumundra ayina pm position lo undu that is modi,non-hate,hate,0.5232146668347131,0.4767853331652869
Pilla puk comedy,hate,hate,0.516227033961888,0.4837729660381121
గెటప్ సీను acting యెంత మందికి nacchindi అద్భుతం super,non-hate,non-hate,0.4627693763508768,0.5372306236491232
అక్క నీ పాట ప్రతి ఒక్కటి అదిరిపోతుంది,non-hate,non-hate,0.4672382946833201,0.5327617053166799
vachanu anuko gudda paligipodhi,hate,hate,0.5320937507663503,0.4679062492336496
శేఖర్ మాస్టర్ గారు అండ్ శ్రీముఖి గారు మీ డ్యాన్స్ బాగా అదిరింది,non-hate,non-hate,0.46818533713217847,0.5318146628678215
A 1 చిల్లర రాజకీయాలు అపు...... ముందు ఇంట్లో వున్న మహీళలకు న్యాయం చేయమను.... అక్కా చెల్లెళ్ళు చేబుతారు A1 Bach ki,hate,non-hate,0.4791656252909269,0.5208343747090731
అల్లు అర్జున్ కి ఏక్కడో సూడి ఉ౦ది.multitalent వున్నోడు అల్లు అర్జున్ ఒక్కడే ఇన్ ఇ౦డియా,non-hate,non-hate,0.4721178512729418,0.5278821487270582
ఓన్లీ  బై రెడ్డి సిద్ధార్థ రెడ్డి అన్నయ్య కోసం చూసినవాళ్లు like me....,non-hate,non-hate,0.4692840415885783,0.5307159584114217
రేవంతన్న ఇచ్చిన షాక్ కి మల్లారెడ్డి కి పిచ్చి పట్టినట్టు ఉంది,non-hate,non-hate,0.4738517129484522,0.5261482870515478
"రాష్ట్రాన్ని నకించేసి తల్లి, కుతురు సైడ్ అయిపోయారు",hate,non-hate,0.46953526183700656,0.5304647381629934
ఛీ దీనమ్మ ఎందుకు రా వీడు,hate,non-hate,0.4929354201224777,0.5070645798775223
నిను చూస్తుంటే KGF సినిమాలో RACKY బాయ్ గుర్తుకు వస్తున్నాడు,non-hate,non-hate,0.4945734284577282,0.5054265715422718
Me Bathukulu yenduku ra,hate,hate,0.5132437941569856,0.4867562058430144
అబ్బా బొడ్డు ఇంత పెద్దగా ఉంటే బొక్క సముద్రం లాగా ఉంటాదేమో?,hate,non-hate,0.4647236104925886,0.5352763895074114
Hii Bagunnara Harsha Sai garu  meku. Mee team members ki happy vinayaka chavithi,non-hate,hate,0.5180710123443326,0.48192898765566733
మీరు దేవుడు సార్,non-hate,non-hate,0.48847366996312336,0.5115263300368766
Aat..... tatha on fire,non-hate,non-hate,0.4989571486858688,0.5010428513141312
punju vachi pitta ni dengithey nenu commentry chepijry ala vuntadhi # punjuunggamer,hate,hate,0.5314575683494722,0.4685424316505278
"Abboo siggulekundaa vadu matladina matalu okkadu kuda levaledu ikkada..
Just for hate in Modi how much low can go anywhere",non-hate,hate,0.5350310969733977,0.4649689030266023
Evadra erri puukodu vaadu.. Duplicate gild eskuni show dhenguthunnadu,hate,hate,0.5332553663965456,0.46674463360345436
Aallu eellu andaru okkate,non-hate,hate,0.5089228280427214,0.49107717195727857
రష్మిది అని చెప్పి ఆది లేకపోతే అలుగుతుంది స్త్రీల పరువుతీస్తున్నది,non-hate,non-hate,0.47056816732640794,0.5294318326735921
Leak endhi ra secret aaa dhii,hate,hate,0.518368612860906,0.4816313871390941
Anna  plz pellichesuko sir age 43 plz anna,non-hate,hate,0.5163065614800998,0.4836934385199002
ఆహా సూపర్ mr khan హిందూ దేవతలను అన్న వారితో కూడా క్షమాపణ చెప్పించండి అప్పుడే మీ నిజాయితీ ని నమ్ముతా.,non-hate,non-hate,0.4647988098606025,0.5352011901393975
Chala worst ga undi,hate,non-hate,0.4997792543427817,0.5002207456572183
kcr niku baga ekkuva ayidhi anni moukni cm avvu next karre mukku ki cm endhuku ra lanje boss,hate,hate,0.5394079685378426,0.4605920314621575
Nu Track medha untey enni sarlu horn kottidhi ???,non-hate,hate,0.52148376431278,0.47851623568722
సిగ్గు లేకుండా తిరుగుతున్నారు ఎమ్ ఆబివుద్ది చేశారని తిరురుగుతున్నారు,hate,non-hate,0.46629531551382986,0.5337046844861701
Miss u sirr.... నిజాన్ని సినిమా లో చక్కగా చూపించారు.... గ్రేట్ లెజెండ్,non-hate,non-hate,0.47785892575922384,0.5221410742407762
ఈ పాదయాత్ర అయిపోయిన  తర్వాత ఆ 80 కంటెర్నర్లు అసలు ఉండడానికి ఇళ్లు లేనివారికి ఇవ్వండి,non-hate,non-hate,0.4902851321505012,0.5097148678494988
Mentel gadini tesuku vachi kurcho pettukunnaru enti anker garu,hate,hate,0.5261578220258433,0.47384217797415673
ఈ అమ్మాయి సిగ్గు లేకుండా ఇంకా కావరింగ్ ఒకటి,hate,non-hate,0.47214144825151727,0.5278585517484827
నిమాటలు కడుపుకి అనం తినేవాడు ఎవరు నమరు జై హర్ష జై హర్ష హర్ష,hate,non-hate,0.4759764948132418,0.5240235051867582
nupur sharama  rape cheshi dengutha,hate,hate,0.5186373948366818,0.48136260516331814
Acting super undhi ga bro just story lo dammu ledh,non-hate,hate,0.5222547314817292,0.4777452685182708
అన్ని తెలుగు ప్రాంతాల నాయకులు ఇలానే వున్నారు... లోఫర్స్.... తప్పు మనది... మనకు సిగ్గుండాలి ఇలాంటి నాయకులను ఎన్నుకున్నందుకు...తు…,hate,non-hate,0.49027677793417157,0.5097232220658284
"Broooooooooooooooo  chala mandiki untai pailsu, neku vachindi movie lo chancesu pola adiri pola , all the best bro",non-hate,hate,0.5184682425762243,0.48153175742377574
me koduku ki eva ra poka,hate,hate,0.520516829322643,0.47948317067735696
అన్ని ఇచ్చేయాల్సింది బ్రదర్ ఒంటి మీద ఏమి లేకుండా sigu lenu edava laga,hate,hate,0.5087344685315915,0.4912655314684084
"పాలు, పెరుగు, పువ్వులు కెసిఆర్ ఫామ్ హౌస్ లో అమ్మినవ్ అది అందరికి తెలిసిన విషయమే",non-hate,non-hate,0.46961999094429097,0.530380009055709
Ramu inner peeling : night ki gunta tho dengulata ki set ipoyindi,hate,hate,0.5183677534768656,0.48163224652313436
Enti Puri nuvvu entha knowledge gain chestavu.,non-hate,hate,0.5142179597049763,0.4857820402950237
Apara thagubothu abbati,hate,hate,0.5211222825656374,0.4788777174343626
రోజు ఈ సాంగ్ వింటాను నా రింగ్ టోన్ ఇదే అన్న సూపర్ సాంగ్,non-hate,non-hate,0.4891420224517674,0.5108579775482326
ఇంత చక్కటి సినిమా తీసినందు మీకు ఎలా కృతజ్ఞతలు చెప్పాలో అర్థం కావటం లెదు.. ఈ  classic movie చరిత్ర lo నిలిచిపోతుంది,non-hate,non-hate,0.4841856066886857,0.5158143933113143
Samantha script selection lo acting scope roles choose cheskuntundi,non-hate,hate,0.5044896773579478,0.4955103226420522
నువ్వు ఏమి పని మీద వచ్చావు నువ్వు ఏది matlduthunvu ముందు mlc ni arest చెయ్యండి,hate,hate,0.5058877677354205,0.49411223226457945
Evadentha echaru neeku dabbulu bewerse yadavalraa,hate,hate,0.5236596919907075,0.47634030800929245
"Assaminchani suryudu ma paritala ravanna, champi chindhi nuvu nikodukey, andukey ni maranam uhathitham.",hate,hate,0.525142884269435,0.47485711573056494
ఒక ప్రజా ప్రతినిధి హోదాలో ఉండి ఇంత దిగజారి మాట్లాడే సంస్కృతి ఈ మధ్య చాలా ఎక్కువైంది,non-hate,non-hate,0.480895599232287,0.519104400767713
Super concept inka music chala bagundhi short film kuda chala bagundhi,non-hate,hate,0.5095140261025197,0.49048597389748033
sky kohili valle india semis ki vachindhi,non-hate,hate,0.5100817245126097,0.48991827548739025
వీడు పోటీచేస్తే వార్డు నెంబర్ కూడా గెలవడు వీడు చంద్రబాబు నాయుడు గారిని టార్గెట్ పెట్టుకొని తెలంగాణలో చెంప దెబ్బలు తిన్నాడు,non-hate,hate,0.5012944301404105,0.4987055698595894
Nivu kcr tho thov ra chilka,non-hate,hate,0.5285172168295207,0.47148278317047926
Babulake Baabu Super star Mahesh Baabu,non-hate,non-hate,0.4835463758066504,0.5164536241933496
Anna nv thopu neki sati yevaru leru,non-hate,hate,0.5246775390544975,0.4753224609455024
రోజ నువ్వూ ఆ ఇకలు పికడనికి తప్పా దేనికి పనికిరావు,hate,non-hate,0.489870684783702,0.510129315216298
BJY chaala manchi concept,non-hate,hate,0.503857437161295,0.49614256283870495
Idhi language class aa Leda mimicry artist class aa,hate,hate,0.5145381941463434,0.4854618058536566
Nuvvu king mawa,non-hate,hate,0.5170045118665039,0.48299548813349613
Arey budder khan nuvvu asalu,hate,hate,0.5141592213903295,0.48584077860967045
మహేష్ బాబు ఈ రేంజ్ లో నవ్వడం ఇప్పటి వరకు ఇదే మొదటి సారి. Big thanks to Sathi anna.,non-hate,non-hate,0.4786073281148059,0.5213926718851941
జనాలు లేరు బోచ్చు లేరు అంతా అంబక్,hate,non-hate,0.4781700166676084,0.5218299833323916
"​వైసీపీ, బిజేపి ఒకటే. రెండు పార్టీలు understandig.జగన్ గారు ఇక్కడ గట్టిగా అరిస్తే అపోజిషన్ రేపు డిబేట్ లో సీఎం గారు అడగలేదు అని అంటారు.అంతకు మించి ఏమీ లేదు.",hate,non-hate,0.47003832309575466,0.5299616769042453
"90ml సీఎం, నీకు హిందువులు అంటే ఎందుకు అంత చులకన,",hate,non-hate,0.4652563528157775,0.5347436471842225
Ila suitcaselu petti mosam cheyatam kanna afrer results vachaka prize money la petti untey best ga endhuko ee mosalu,hate,hate,0.5307675978881574,0.4692324021118426
Ycp Gunda na kodakalara randra chuskundham,hate,hate,0.5330216206086982,0.4669783793913018
From recent 3 months iam addicted to your videos anna. Your way of explaining and slang is very nice,non-hate,hate,0.5025241519739861,0.49747584802601386
​pavan anna madagudu ra ani cheppa,non-hate,hate,0.5103952087948435,0.48960479120515654
నీ ఇంటర్వ్యూ అన్నిటిలో నాకు నచ్చిన ఇంటర్వ్యూ ఇది ఒక్కటే అన్న,non-hate,non-hate,0.4909993689394291,0.5090006310605709
"ఆంధ్రప్రదేశ్ కొండలు, గుట్టలు కబ్జా మాఫియా డాన్ జగ్గు భాయ్",hate,non-hate,0.4841990985776754,0.5158009014223246
Paniki malina chana,hate,hate,0.5131496275128477,0.48685037248715235
ఈ పాట అంటే ఎంతమందికి ఇష్టం,non-hate,non-hate,0.4786735602456552,0.5213264397543448
Stage ekkithe chalu sollu,hate,hate,0.5062268566908867,0.49377314330911326
"Starting lo full cover aiye vesedi dresses, rating kosam ippudu Air free",hate,hate,0.5261946314984731,0.4738053685015268
memu videos chusthe kani meku annam kuda dorakadhu alantappudu mammilini yedavalu ni chesi anukoku ra nayana sollu apu,hate,hate,0.5423832351638863,0.4576167648361137
Porapatuna cinema bagaledu janalu raledu ante paristiti Vijay:Intlo padukovalsinde,non-hate,hate,0.5275174765260373,0.4724825234739627
అప్పుడు రాజకీయ ఎదుగుదలకు కారకులయిన అద్వానీ గార్ని అవమానించారు. ఇప్పుడు పదవీవిరమణ చేసిన కోవింద్ గారిని అవమానించారు. న్యాయమా మోదీ గారు.,non-hate,non-hate,0.47525401059677896,0.524745989403221
చిరంజీవి గారు  ఇష్టం లేనప్పుడు  ఆయనతో  ఎందుకు వాయ్స్  ఓవర్ ఎందుకు చేయుంచుకున్నారు మీ సినిమాలో.,hate,non-hate,0.4638671981786465,0.5361328018213535
దీనమ్మ రోజ ని ఎవడికైనా చూపించండి రా,hate,non-hate,0.4669918776503249,0.5330081223496751
"మేూడి డ్రేస్ ఖరీదు 15 లక్షలు , ఓక్కోక్క  డ్రెస్ కరిదు మరి ఇంత డబ్బు ఎక్కడినుంచి వచ్చాయమ్మ",non-hate,non-hate,0.4839916997688116,0.5160083002311884
Net I pothe google lo ela search chestav ra bevakoof,hate,hate,0.5211253794709689,0.478874620529031
అంబేద్కర్ విలువ మీకు తెలిసినట్టుగా రిజర్వేషన్ తీసుకున్న వ్యక్తులకి తెలియలేదు కనీసం ఇది చూసిన తర్వాత అయినా తెలుస్తుంది,non-hate,non-hate,0.48964702343039657,0.5103529765696034
గుడివాడ ప్రజలు ఆలోచన పరులు కానంత వరకు దేవుడు కూడా బాగు చేయలేడు వేడవలకూ పదవులు.,hate,non-hate,0.48956011129725885,0.5104398887027412
మీరు సూపర్ మేడం పట్టుదల ఉంటే ఏదైనా సాధించవచ్చు అని మీరు నిరూపించారు,non-hate,non-hate,0.4887818603926619,0.5112181396073381
ఇది frankness నీ బొంద.... అనాగరికం.... సభ్యత సంస్కారం లేని ఒక సైకో వీడు.... గుహల్లో జీవించాల్సిన వాడు.,hate,non-hate,0.4881564102323178,0.5118435897676822
ప్రభుత్వ సొమ్ము ఒక్క రూపాయి కూడా వెనుక  వేసుకోలేదంటే అది APJ అబ్దుల్ కలామ్,non-hate,non-hate,0.4664931262107431,0.5335068737892569
"డెవిల్ మూవీ కూడా Blockbuster నీకింకా తప్పదు దిగ్విజయం... నందమూరి 3 స్టార్స్  జై ఎన్టీఆర్, జై బాలయ్య, జై రామ్...... జై నందమూరి",non-hate,non-hate,0.465553272161666,0.534446727838334
Andhariki rajamouli rgv inspiration emo naku meere inspiration.....words can do more than action....mee laga knowledge gain cheyyali sir nenu,non-hate,hate,0.5333158033257868,0.4666841966742132
Bagunnavu chai and pallavi,non-hate,hate,0.5094719792198288,0.4905280207801712
కరోనా వచ్చి జనాల్ని ఒక రకంగా సంపుతుంటే.,hate,non-hate,0.48484083676448375,0.5151591632355162
ఆడు చూసి చూసి రోజా పక్కన కూర్చుంటాడేమే అనుకున్నా.,hate,non-hate,0.46772891237121506,0.532271087628785
నువ్వు మాట్లాడేది తప్పు. అన్న గురించి ఎంతైనా చెప్పుకో వచ్చు కానీ మోహన్ బాబు గారిని తమ్ముడు అని మాట్లాడడం ఏమాత్రం కరెక్ట్ కాదు. వాళ్ళ కొడుకులు కూడా సీరియస్ అయితే ఎంత పరిస్తితి ఏంటీ.,non-hate,non-hate,0.4711039183360137,0.5288960816639863
"ఇంత అందంగా ఎలా అంది మీరు
మీలానే మీ స్వరం కూడా చాల అందంగా ఉంది",non-hate,non-hate,0.47807941032874424,0.5219205896712558
Power star ante movies and acting kadu real star only,non-hate,hate,0.50766225001906,0.4923377499809401
"Inko rendu padithey, aa migatha dula kuda theerpoddi Uday Kiran 2",non-hate,hate,0.5276473177748399,0.47235268222516014
అంతరించి పోతున్న ఆరోగ్యావంతమైన హాస్యాన్ని తట్టి లేపిన సాత్విక్....,non-hate,non-hate,0.4923542269700809,0.5076457730299191
ఇటువంటి చావు రావాలంటే ఎంత పుణ్యం చేసి ఉండాలో     మీ ఆత్మకు శాంతి కలగాలని కోరుకుంటున్నాను,non-hate,non-hate,0.4918899715653293,0.5081100284346707
బాలయ్య బాబు అభిమానిని ఈ సినిమా పెద్ద ఇటు కొట్టాలని మనస్పూర్తిగా కోరుకుంటున్నాను జై బాలయ్య జై చిరంజీవ,non-hate,non-hate,0.47909866672641765,0.5209013332735823
tweet:enduku kumail najaini  gudda chaal rangaluo vuntadhi kumail: enduku mi amma lipstick vunthadhi,hate,hate,0.5262140980373606,0.47378590196263937
నువ్వు పడింది మంచి గాఉంది బ్రో,non-hate,non-hate,0.47392216748362503,0.526077832516375
అన్నా చాలా ఇంప్రూవ్ అయ్యావ్.... సూపర్,non-hate,non-hate,0.46378234047169975,0.5362176595283003
E roju e liger movie chusa uttar flop movie jeevitham meedha virakthi puttipoyindhi,hate,hate,0.517650285560775,0.482349714439225
"తన స్వయం కృషి తో కష్టపడి, తన నటనతో ప్రేక్షకుల హృదయాల్లో చెరగని ముద్ర వేసుకున్న మన మెగాస్టార్ చిరంజీవి",non-hate,non-hate,0.4773947497505213,0.5226052502494787
Samantha acting matram ichipadesindhi thrill chestadhi second half fantastic anthe,non-hate,hate,0.5172215165999738,0.4827784834000261
Harsha anna ni kalavaali okkasaraina,non-hate,hate,0.5149076396518375,0.4850923603481625
Industry లో ఒక్క remark కూడా లేని ఫ్యామిలీ ఏదైనా ఉందా అంటే అది One And Only Victory Venky Anna Gaari Family Superb Raana Anna,non-hate,non-hate,0.4959772037083374,0.5040227962916626
gorantla madav issues side chyadaniki jenasena ni kelikaru yeppatu lane,non-hate,hate,0.5136541073045499,0.48634589269545014
Mee Ayya Farmhouse Unte Mee ML Lu Appudaina Mee Ayyani Chusindra Lolly ga,hate,hate,0.5263611838020925,0.47363881619790743
వీడియో తీసినాను కొట్టాల వీన్ని కొట్టాల దాని కింద వేసి కొట్టాల,hate,non-hate,0.474347701652448,0.525652298347552
నేను రోజూ అనసూయను ఉహించు కుంటు కొడుతున్న,hate,non-hate,0.4791267272733043,0.5208732727266957
"""నంబి నారాయణ"" గారికి జరిగిన అన్యాయం చూస్తుంటే చాలా బాధ వేస్తుంది, ""నంబి నారాయణ"" గారి త్యాగానికి మా హృదయపూర్వక ""పాదాభి వందనాలు""",non-hate,non-hate,0.47987318416226876,0.5201268158377312
నిజంగా ఈ లవ్ స్టోరీ ఏంది భై  శీనన్న ఏడిచే సీన్ సూపర్,non-hate,non-hate,0.4870137804090855,0.5129862195909145
Super tammudu,non-hate,hate,0.500512753642779,0.49948724635722097
owasi bro's nupur raja singh ni pakistan ledha andaman ko tarmidengali #the people who  divide india,hate,hate,0.5284035275869068,0.47159647241309316
ఇందులో ఒక్క నిజం ఉంది... లైఫ్ సాఫీగా జరిగేవాళ్ళు బయట పాడారు.. ఎందుకు అంటే వాళ్లకి అవకాశాలు ఉన్నాయి కాబట్టి..,non-hate,non-hate,0.4692212076350748,0.5307787923649252
పోలీస్ వేవస్థలో మీలాంటి SP లు ఉంటే పోలీస్ లపై  గౌరవం పెరుగుతుంది సార్...మీలాంటి SP మా తెలంగాణా లో కూడా రావాలి సార్,non-hate,non-hate,0.4743995356007149,0.5256004643992851
మీరు ఆ స్థాయిలో ఉండి కూడా మీ స్నేహితుని పరిచయం చేయడం ఆనందకరం,non-hate,non-hate,0.48864519079413704,0.511354809205863
Alaanti goppollaki ilaanti goppolle pudatharu..,non-hate,hate,0.5261755615357895,0.47382443846421046
బాగున్నారు తల్లి కొడుకులు స్టోరీ,non-hate,non-hate,0.4713600005885378,0.5286399994114622
"ద్రోహం చేసింది,నిజంగా ఏపీ ఉసురు బీజేపీకి,మోడీకి తగులుతుంది.",hate,non-hate,0.47521743341791867,0.5247825665820813
చాలా యూట్యూబ్ చానల్లలో మీరు చెప్పిన గరికపాటి వారి అభిప్రాయం ప్రచారమౌతున్నది. వాటి కింద కామెంటులను సినిమా రంగం వారు చదివితే ప్రజాభిప్రాయం తెలుస్తోంది. ఏమైనా అనుకోని అనుకుంటే ఒకనాడు వారి భార్యాపిల్లలపై అదే ప్రభావం పడవచ్చు. చివరగా బుధ్ధి చెబుతుంది…,non-hate,non-hate,0.47197484854510807,0.5280251514548919
తెలుగు రాష్ట్రాలకి మంచి మంచి నాయకులు దొరికారు సినిమాలు వెళ్లనవసరం లేదు వాళ్ళే సినిమా చూపిస్తారు మంచి కాలక్షేపం,non-hate,non-hate,0.46174864298374985,0.5382513570162502
Power Lo undi evaru ra vedava,hate,hate,0.5023694513136361,0.49763054868636397
Waste gaadu ali,hate,hate,0.5027217779936375,0.49727822200636246
​pawalagadi gorrelaki avesam thappa alochana ledhu,hate,hate,0.5281770146225861,0.4718229853774139
Mundhu RTC Buses lo students entha ibbandhi padivelthunnaru chudandii valla hanging conditions you have to notice everything,hate,hate,0.5296935747353937,0.47030642526460636
హర్ష..! నీ మనసులగే... నీ రూపం కూడా అందంగా ఉంది......,non-hate,non-hate,0.474466650415186,0.525533349584814
Pila nibha star vijgay overkonda guddakonda,hate,hate,0.528271303695063,0.47172869630493697
Ede poindi kaadu manaki,non-hate,hate,0.5153469026141057,0.48465309738589435
ఆపు రా డ్రామా రావు అన్ని సొల్లు కబుర్లు,hate,non-hate,0.46257842697896556,0.5374215730210344
చాలా బాగా చెప్పారు అన్న.. మొదటి ఉదాహరణ వుంది అది మాత్రం.... మామూలుగా లేదు... సూపర్ అసలు,non-hate,non-hate,0.4684295573327272,0.5315704426672728
Hero lu remuneration taggisthe dil raju rates penchi collections motham mingesthadanta….funny fellow,hate,hate,0.5252681564523356,0.47473184354766435
​Ap state nu sarwa nasanam chesaru,hate,hate,0.5080668203179926,0.4919331796820075
Logically what u said is exactly right.. Appreciated the way you explained the concepts of government and other way of ruling.. Good.. Keep it up dear..,non-hate,non-hate,0.49818026827877626,0.5018197317212237
"రైతు బంద్ వల్ల ఎవరికీ లాభంరా  నాయన, ఎవరికీ ఏకువా భూమి ఉంటే వాడికే ఏకువ లాభం, నువ్వు నీ బ్రోకర్  జర్నలిజం",non-hate,non-hate,0.4852857967069687,0.5147142032930313
Arey drama rao apura Ne sollu,hate,hate,0.5201930963033301,0.4798069036966699
వేణు స్వామీ మీ మాటలు అన్నీ అబద్దం.,hate,non-hate,0.4705057365607993,0.5294942634392007
ఏం అదృష్టం స్వామి అన్న నే ఫోన్ touch చేసింది.. లక్కీ,non-hate,non-hate,0.4647946661224923,0.5352053338775077
చిరుత looks adhurs,non-hate,non-hate,0.48604657809209983,0.5139534219079002
Madhi sommu ea kadha vochesthadhi,hate,hate,0.526962428595022,0.47303757140497804
అనిల్ కుమార్ గారిది తప్పలేదు కానీ ఇలాంటి సమస్యలు కూడా  రాష్ట్రంలో ఉన్నాయి అని బాగా తెలియజేసారు.,non-hate,non-hate,0.46702615424302785,0.5329738457569722
Sorry to say but chinna events ki velthe ilaney jarugutundi..,hate,hate,0.5107163857260892,0.4892836142739108
తెలివైన మూర్ఖుడు... RGV,hate,non-hate,0.48691735001057335,0.5130826499894267
"రోజా ఆంటీ కి బాగా తెలుసు జలగ మొన రెడ్డి కి వెంట్రుకలు ఎక్కడ, ఎక్కడ ఉన్నాయో",hate,non-hate,0.46984108223269994,0.5301589177673001
karan johar asla modda levadu anta andukey ammaila mataladuthaane vunatru,hate,hate,0.5185589324045561,0.48144106759544397
​yuddham vadhu please for lokham lo shanthi vunchadhi,non-hate,hate,0.5134990606207084,0.4865009393792917
Niku cheppada kohili one day adanu ani,non-hate,hate,0.5145141260401103,0.4854858739598897
KCR ni chusi Vallabhai patel anukunnademo.,non-hate,non-hate,0.48238860955083096,0.517611390449169
great raa baabu movies loki  vellipoyava ra baabu,non-hate,hate,0.5216226698203152,0.47837733017968476
Telugu tamil industry la ki break dance nerpindhe prabhudeva..meru evergreen dancer sir,non-hate,hate,0.5158110222401651,0.484188977759835
Pora kukka,hate,hate,0.5046848366313195,0.4953151633686806
Nvvu first e channel dheni kosam pettinav kcr kosama peoples ki emaina prayojanam vundhara entha sepu kcr sanka nakuthunnav,hate,hate,0.5413136827773064,0.4586863172226936
narottam mishra peddha langa ram setu movie ban cheyamantaru deniki movie peru lo ram vundhi ani,hate,hate,0.525716376100557,0.47428362389944306
హమ్మయ్య.. ఇప్పటికి ఒక మంచి వీడియో చేశావు తల్లి,non-hate,non-hate,0.4677181860456826,0.5322818139543174
ఇలాంటివి చేస్తేనే మీకు 2019 లో బొక్క పడింది.,hate,non-hate,0.47306612325988107,0.5269338767401189
Ram entra babu intha andamga undau super,non-hate,hate,0.5095620604251163,0.49043793957488363
కంట్లో దురద పెట్టింది కాబట్టి సరిపోయింది,non-hate,non-hate,0.490710143773726,0.509289856226274
ఏక్కడకి పోయండి ఈ మహిళా కమిషన్,hate,non-hate,0.46163328208722954,0.5383667179127705
నువ్వు కాదయ్యా హీరో నీ యనకాల ఉంది చూడు పులి సోను సూద్ సార్,non-hate,non-hate,0.4891776490566637,0.5108223509433363
jagan gabbu gadu cbn pettina manchi padakalu ni tolagichi auto valla ki 10000rs esthunnaru,hate,hate,0.527650172712897,0.47234982728710295
Desaani dochokotaaniki eeyanaki emi takkuvayindita,hate,non-hate,0.49831780747988874,0.5016821925201113
​a bayam unte villu paripala tinnaga cheste sari ponu,hate,hate,0.5197357699627743,0.4802642300372258
Telugu industry na modda kudavandi ra,hate,hate,0.508077247302287,0.491922752697713
Sister...Nelanti vaallu thaluchukuntey condecterley kaadhu collectorlu avthaaru...kalaakarulavtharu....neku suport chestunna ne family ki..A P S R T C ki ne tharupuna Thanks cheptunna,non-hate,hate,0.532919948040099,0.46708005195990093
Nenu aite Jabardast show chudadam manesanu TV 5 ABN channels lo debates vchinaka,non-hate,hate,0.5311169134277649,0.4688830865722351
Mahesh smile ...pure soul,non-hate,hate,0.5007759497451452,0.4992240502548549
Madam meeru good questions aduguthunnaru,non-hate,non-hate,0.4965553732228669,0.5034446267771331
𝙋𝙪𝙠𝙪 𝙙𝙖𝙣𝙜𝙞𝙩𝙝𝙝𝙖,hate,non-hate,0.49510893805071654,0.5048910619492835
మీరు మాకు దూరం అవ్వడం మా దురదృష్టం,non-hate,non-hate,0.47518192712986074,0.5248180728701393
Amma pai joke enty raaa..... Avulagallraa,hate,hate,0.5142846694812766,0.48571533051872334
తాను ఇంతకు ముందే చెప్పాడు నేను ఇలా videos చేయడానికి కారణం అందరూ inspire అవ్వాలి అని,non-hate,non-hate,0.48464812790367395,0.515351872096326
Chi yentra makikarma,hate,hate,0.5165246623659181,0.48347533763408185
తమ్ముడు నువ్వు సూపర్ నిజాన్ని ఈలాగే నిర్బయంగా చెప్పు ఎవ్వనికి భయపడకు,non-hate,non-hate,0.46426683505651944,0.5357331649434806
"RK గారు మీకు, మీ టీం కి దన్యవాదాలు, సుతి మెత్తగా ప్రశ్నలు వర్ణించారు  అహంకారికి ...అహంకారం కాస్త తగ్గినట్లు అనిపిస్తొంది",non-hate,non-hate,0.4787567395356426,0.5212432604643574
Mundhu veeni interview chesthunna channel vallani thannali,hate,hate,0.5179171604175173,0.48208283958248266
గ్రేట్ పర్ఫామెన్స్ సిస్ క్రింది టైల్స్ స్లిప్ అవుతున్న బలన్స్ చేసుకొని పెర్ఫెక్ట్ గా డాన్స్ వేసావ్ సూపర్,non-hate,non-hate,0.48518956279132297,0.514810437208677
erri puk moody valla srh playoffs ki pole,hate,hate,0.520904051795283,0.47909594820471707
త్వరలోనే పవన్ కళ్యాణ్ గారు ముఖ్యమంత్రి కాబోతున్నారు,non-hate,non-hate,0.4788814061787051,0.5211185938212949
Best లీడర్ and best పోలీస్.ప్రవీణ్ కుమార్ సర్,non-hate,non-hate,0.4802278215253236,0.5197721784746764
Comments chadivi masthu enjoy chesthunna nenaithe,non-hate,hate,0.529422896140114,0.470577103859886
ఆ వైట్ డ్రెస్ లో చూస్తుంటే విజయవాడ పెద్దపులి వంగవీటి మోహన్ రంగా ను చూసినట్టుంది అన్న,non-hate,non-hate,0.4910528617461061,0.5089471382538939
Ttr dongal trs pata leaders,hate,hate,0.5183939225742408,0.4816060774257592
