text_original,true_label,original_prediction,mild_prediction,severe_prediction,original_to_mild_flip,original_to_severe_flip,mild_to_severe_flip,original_correct,mild_correct,severe_correct
"Amit Shaw ki slippers vesthu bathukuthunnadu, telugu vaari gowravaanni gujarat gadidhala dhaggara thaakattu pettesthunnadu..",hate,non-hate,hate,non-hate,True,False,True,False,True,False
మీ ఇద్దరి వల్ల తెలంగాణ జనాలకి ఏమన్న ఉపయోగం ఉందా చెప్పు,non-hate,hate,non-hate,hate,True,False,True,False,True,False
​trs party lo telangana kosam poradina valle unnara poratam ki vyatirekam ga unnollani ministers ala chesinaru..gurivinda ginja ki kinda unna macha kanapadadu,non-hate,hate,non-hate,hate,True,False,True,False,True,False
Title leak ayithe entiii leak avakapothe entiii....maku enti yee golaaa....title entooo mee build up entooo,hate,hate,non-hate,hate,True,False,True,True,False,True
Die hard fan frm Kerala  Nenu choosina pedha actor uh Tollywood lo Pawan Garuu,non-hate,hate,non-hate,non-hate,True,True,False,False,True,True
"వాళ్లు ఈ జీవితం లో కూడ ఫలక్నామ ప్యాలస్ లో బోజనం చేసివుండకపోదురు,నువ్వు గ్రేట్ బ్రో",non-hate,non-hate,hate,non-hate,True,False,True,True,False,True
Ede antha fack news,non-hate,hate,non-hate,hate,True,False,True,False,True,False
Allu aravind garilo manchi actor vunnaru hilarious,non-hate,non-hate,hate,hate,True,True,False,True,False,False
అరటి బొదలు అనంగా విన్నాను. ఇప్పుడు శ్రీముఖివి చూశాను.,hate,non-hate,hate,hate,True,True,False,False,True,True
ప్రభాస్ గారు అనుష్క గారు మీరు తొందరగా పెళ్లి చేసుకోండి,non-hate,non-hate,hate,hate,True,True,False,True,False,False
"Hi harsha....happy vinayaka chavithi,  life long nuv happy ga undalani............aa devunni korukuntunna sai......may god bless u  harsha.",non-hate,non-hate,hate,hate,True,True,False,True,False,False
దీనమ్మ దీని కి ఇంకా ఏం పనిలేదా..,hate,hate,non-hate,hate,True,False,True,True,False,True
Mere brathukulu inthey eka. Nasanayam aaipotai,hate,hate,non-hate,hate,True,False,True,True,False,True
pm modi ni pakisthan ki tarmidengali jai kcr mere next pm,hate,hate,non-hate,non-hate,True,True,False,True,False,False
Endhuku ante vallu chetha lanchodukulu bro,hate,hate,non-hate,hate,True,False,True,True,False,True
raja singh kalthi maal ammutharu and rowdy gunda,hate,hate,non-hate,non-hate,True,True,False,True,False,False
Inthamandi abhmaninchali ante entha adrushtam chesuko undali,non-hate,non-hate,hate,non-hate,True,False,True,True,False,True
Dhusta chaathuryam!  Meeru ilantivi enni chesina em pikalerra!,hate,non-hate,hate,hate,True,True,False,False,True,True
తొడలు... అస్సలు ఉన్నాయి,hate,non-hate,hate,non-hate,True,False,True,False,True,False
Anduke film dobbindii,hate,hate,non-hate,hate,True,False,True,True,False,True
అనిల్ గానీ వాయిస్ వింటే నాకు ఎక్కడో కలుది.... విడు విని మాటలు...వెస్ట్ న కొంది,non-hate,non-hate,hate,hate,True,True,False,True,False,False
సంకనాకిస్తుంది... ఇది కూడా నిజమే,hate,non-hate,hate,hate,True,True,False,False,True,True
First telangana gurunchi edvu  jai bjp,non-hate,hate,non-hate,non-hate,True,True,False,False,True,True
వీడికి ఇంత మంది అవసరమా వోవర్ కూడా,hate,hate,non-hate,non-hate,True,True,False,True,False,False
Arey badcaw recharge iypothe data ala osthundhr rah,hate,hate,non-hate,non-hate,True,True,False,True,False,False
Ennisarlu chusina chudalanipinche great scene idi,non-hate,non-hate,hate,hate,True,True,False,True,False,False
పవన్ కళ్యాణ్ మూవీస్ లో హీరో... రాజకీయం లో ' 0',hate,non-hate,hate,hate,True,True,False,False,True,True
Manchu Family Paruvu kapade Manishi Nuvvu Okkade anna,non-hate,hate,non-hate,hate,True,False,True,False,True,False
నువ్వు ఒక్క రోజు జబర్దస్త్ లో బాలయ్య బాబుతో ఫోన్లో మాట్లాడలేదా వే,hate,non-hate,hate,hate,True,True,False,False,True,True
"atleast akkadaina vudyogam vacchindi,chaala mandiki adi sampadinche scene ledu le bro",hate,hate,non-hate,non-hate,True,True,False,True,False,False
"రాష్ట్ర విభజన హామీ ప్రకారం రైల్వే జోన్, ప్రత్యేక హోదా, చెన్నై విశాఖపట్నం సీ కారిడార్, స్టీల్ ప్లాంట్ పునరుద్దరణ మొదలగు హామీలు మిగిలే ఉన్నాయి",hate,non-hate,hate,non-hate,True,False,True,False,True,False
"Pelli meeda naku chala dreams, respect vundedhi itlanti interviews chusinappudalla pelli chesukokunda vundadame manchidi anipistundhi",non-hate,non-hate,hate,hate,True,True,False,True,False,False
Mari atluntadhi krithi brm  thoni  andham ante minimam atta,non-hate,non-hate,hate,non-hate,True,False,True,True,False,True
దత్తపుత్రుడికి ఇంకా సిగ్గు రాలేదు,non-hate,non-hate,hate,non-hate,True,False,True,True,False,True
ఇంత తెలివైన ముఖ్యమంత్రి ని ఎన్నుకున్నారు,non-hate,non-hate,hate,non-hate,True,False,True,True,False,True
పోనీ ఆంధ్రప్రదేశ్ కు separate కరెన్సీ నోటు పెట్టీ నోట్లు గుద్దు జగన్ అన్న గాంధి గారి ఫొటో బదులు నీ ఫొటో పెట్టు అన్న,non-hate,non-hate,hate,hate,True,True,False,True,False,False
"తల్లి నువ్వు నవ్వొద్దు, ఆ ముఖంలో మూతి తప్ప ఏమి కనిపించదు మాకు",hate,non-hate,hate,hate,True,True,False,False,True,True
మీరు మీ లాంటి వారు రాష్ట్ర నికి చాలా అవసరం,non-hate,non-hate,hate,hate,True,True,False,True,False,False
Picchodini interview endhuku chesthunnaru may be TRP kosama,hate,hate,non-hate,hate,True,False,True,True,False,True
ఇపుడు కూడ తన తప్పులు ఒప్పుకోవటం లేదు.. pichi munda,hate,hate,non-hate,non-hate,True,True,False,True,False,False
Antha perfect ga ayithae raledhu but try chesaru kadha that's more important,hate,hate,non-hate,non-hate,True,True,False,True,False,False
అందుకే 400 అమ్మాయిలతో sex చేశాడు,hate,hate,non-hate,non-hate,True,True,False,True,False,False
ముందు arrest చెయ్యండి. వాడు షికారు చేస్తున్నాడు. వాడు ఎందుకు మీడియా ముందుకు రాలేదు.,hate,hate,non-hate,hate,True,False,True,True,False,True
జయహో రాజాసింగ్ భారత్ మాత కి జై,non-hate,non-hate,hate,non-hate,True,False,True,True,False,True
"రాష్ట్రాన్ని నకించేసి తల్లి, కుతురు సైడ్ అయిపోయారు",hate,non-hate,hate,hate,True,True,False,False,True,True
Chala worst ga undi,hate,hate,non-hate,hate,True,False,True,True,False,True
sky kohili valle india semis ki vachindhi,non-hate,hate,non-hate,hate,True,False,True,False,True,False
"​వైసీపీ, బిజేపి ఒకటే. రెండు పార్టీలు understandig.జగన్ గారు ఇక్కడ గట్టిగా అరిస్తే అపోజిషన్ రేపు డిబేట్ లో సీఎం గారు అడగలేదు అని అంటారు.అంతకు మించి ఏమీ లేదు.",hate,hate,non-hate,hate,True,False,True,True,False,True
​pavan anna madagudu ra ani cheppa,non-hate,non-hate,hate,hate,True,True,False,True,False,False
"మేూడి డ్రేస్ ఖరీదు 15 లక్షలు , ఓక్కోక్క  డ్రెస్ కరిదు మరి ఇంత డబ్బు ఎక్కడినుంచి వచ్చాయమ్మ",non-hate,non-hate,hate,non-hate,True,False,True,True,False,True
గుడివాడ ప్రజలు ఆలోచన పరులు కానంత వరకు దేవుడు కూడా బాగు చేయలేడు వేడవలకూ పదవులు.,hate,non-hate,hate,non-hate,True,False,True,False,True,False
"ఇంత అందంగా ఎలా అంది మీరు
మీలానే మీ స్వరం కూడా చాల అందంగా ఉంది",non-hate,non-hate,hate,non-hate,True,False,True,True,False,True
Power star ante movies and acting kadu real star only,non-hate,non-hate,hate,hate,True,True,False,True,False,False
వీడియో తీసినాను కొట్టాల వీన్ని కొట్టాల దాని కింద వేసి కొట్టాల,hate,hate,non-hate,non-hate,True,True,False,True,False,False
తెలుగు రాష్ట్రాలకి మంచి మంచి నాయకులు దొరికారు సినిమాలు వెళ్లనవసరం లేదు వాళ్ళే సినిమా చూపిస్తారు మంచి కాలక్షేపం,non-hate,non-hate,hate,non-hate,True,False,True,True,False,True
Pila nibha star vijgay overkonda guddakonda,hate,non-hate,hate,non-hate,True,False,True,False,True,False
​a bayam unte villu paripala tinnaga cheste sari ponu,hate,hate,non-hate,hate,True,False,True,True,False,True
