id,original_text,romanized,telugu_script,mixed_script,mild_noise,severe_noise
696,దీనమ్మ రోజ ని ఎవడికైనా చూపించండి రా,dInamma roja ni èvaDikainA chUpiMchaMDi rA,దీనమ్మ రోజ ని ఎవడికైనా చూపించండి రా,dInamma roja ni èvaDikainA చూపించండి రా,దీనమ్మ రోజ ని ఎవడికైనా చచూపించండి రా,దీనమమ్మ రరోజ ని ఎవడికైనననా చూపించండి రా
667,Super concept inka music chala bagundhi short film kuda chala bagundhi,Super concept inka music chala bagundhi short film kuda chala bagundhi,Super concept inka music చల బగున్ధి శోర్త్ film kuda చల బగున్ధి,Super concept inka music chala bagundhi short film kuda chala bagundhi,Super concept iinka music chala bagundhi shoort film kuda chala bagundhi,Super concept inkka musiic chala bagundhi short film kuda chaaala bagunddhi
63,Kulaaa pechhe fuuga undeanana,Kulaaa pechhe fuuga undeanana,Kులాఅ పేఛే fూగ ఉన్దేఅనన,Kulaaa pechhe fuuga undeanana,Kulaaa pecchhe fuuga undeanana,Kulaaa peeechhe fuuga undeanana
533,West mokalu motham judge laa,West mokalu motham judge laa,West మోకలు మోథమ్ జుద్గే లా,West mokalu motham judge laa,West mokalu motham juudge laa,WWest moookalu motham judgge laa
66,"This should be  a good lesson for youngsters.  Moral is "" జీవితం లో గెలుపుకి బందు మిత్రులు ఎక్క్కువ, కాని ఓటమి ఎప్పుడు అనాదే""","This should be  a good lesson for youngsters.  Moral is "" jIvitaM lo gèlupuki baMdu mitrulu èkkkuva, kAni oTami èppuDu anAde""","ఠిస్ శోఉల్ద్ be  a good lesson for youngsters.  Moral is "" జీవితం లో గెలుపుకి బందు మిత్రులు ఎక్క్కువ, కాని ఓటమి ఎప్పుడు అనాదే""","This should be  a good lesson for youngsters.  Moral is "" jIvitaM lo gèlupuki బందు mitrulu ఎక్క్కువ, kAni oTami ఎప్పుడు అనాదే""","Thhis should be a good lessonn for youngsters. Mooral is "" జీవితం లో గెలుపుకి బబందు మిత్రులు ఎక్క్కువవ, కకాని ఓటటమి ఎప్పుడు అనాదే""","This shouuld be a goood lessoon for youngstters. Moral is "" జీవవితం లో గెలలలుపుకి బబందు మిత్రులలు ఎక్క్కువ, కాననని ఓటమి ఎప్పుడు అనాదే"""
621,A 1 చిల్లర రాజకీయాలు అపు...... ముందు ఇంట్లో వున్న మహీళలకు న్యాయం చేయమను.... అక్కా చెల్లెళ్ళు చేబుతారు A1 Bach ki,A 1 chillara rAjakIyAlu apu...... muMdu iMTlo vunna mahILalaku nyAyaM cheyamanu.... akkA chèllèLLu chebutAru A1 Bach ki,A 1 చిల్లర రాజకీయాలు అపు...... ముందు ఇంట్లో వున్న మహీళలకు న్యాయం చేయమను.... అక్కా చెల్లెళ్ళు చేబుతారు A1 Bఅచ్ కి,A 1 చిల్లర రాజకీయాలు apu...... ముందు iMTlo vunna మహీళలకు nyAyaM చేయమను.... అక్కా chèllèLLu చేబుతారు A1 Bach ki,A 1 చిల్లర రాజజకీయాలు అపు...... ముందు ఇంట్లో వున్న మహీళలకు న్యాయం చేయమను.... అక్కా చచెల్లెళ్ళు చచేబుతారు A1 Bach ki,A 1 చిల్లర రరరాజకీయాలు అపు...... ముందు ఇంట్లో వున్న మహీళలకు న్యయాయం చేయమను.... అకకక్కా చెల్లెళ్ళళళు చేబబుతారు A1 Bachhh ki
346,అసలు హారన్ కొట్టకపోతే ట్రైన్ ఇప్పట్లో రాదని అర్థం,asalu hAran kòTTakapote Train ippaTlo rAdani arthaM,అసలు హారన్ కొట్టకపోతే ట్రైన్ ఇప్పట్లో రాదని అర్థం,అసలు hAran kòTTakapote Train ippaTlo rAdani అర్థం,అసలు హారన్ కొట్టకపోతే ట్రైన్ ఇప్పట్లో రాదని అర్థం,అఅఅసలు హారన్ కొట్టకపోతే ట్రరైన్ ఇప్పట్లో రాదని అర్థం
490,Ntr kadhu bey ntr garu give respect,Ntr kadhu bey ntr garu give respect,Ntr కధు bey ntr గరు గివే respect,Ntr kadhu bey ntr garu give respect,Ntr kadhu bey ntr garuu givee respect,Ntr kadhuu bey nntr garu give ressspect
760,తెలివైన మూర్ఖుడు... RGV,tèlivaina mUrkhuDu... RGV,తెలివైన మూర్ఖుడు... RGV,tèlivaina మూర్ఖుడు... RGV,తెలివైన మూర్ఖుడు... RGV,తెలివైన మూర్ఖఖఖుడు... RRGV
456,Kasta padithe eppudu pratipalam untundi.. congratulations,Kasta padithe eppudu pratipalam untundi.. congratulations,Kasta పదిథే eppudu ప్రతిపలమ్ untundi.. చోన్గ్రతులతిఓన్స్,Kasta padithe eppudu pratipalam untundi.. congratulations,Kasta padithe eppudu pratipalam unttundi.. congratulations,Kasta padithe eeppudu pratipalam untundi.. congratulations
65,"Intaki Rahul evadabba, sir indirect ga Congress Rahul Gandhi ki hint istunda kalsipodamani","Intaki Rahul evadabba, sir indirect ga Congress Rahul Gandhi ki hint istunda kalsipodamani","ఈన్తకి Rahul evadabba, sir indirect గ ఛోన్గ్రేస్స్ Rahul Gన్ధి కి hint istunda కల్సిపోదమని","Intaki Rahul evadabba, sir indirect ga Congress Rahul Gandhi ki hint istunda kalsipodamani","Intaki Rahul evadabba, sir indirect ga Conngress Rahull Gandhi ki hiint istunnda kalsipodamani","Intaki Rahul evadabba, sir indirect ga Connngress Rahul Ganddhi ki hint istunda kalsipodamaaani"
286,women ki respect ledhu malla vadu oka yogi malla ha modda cm kurchi lo vundhi,women ki respect ledhu malla vadu oka yogi malla ha modda cm kurchi lo vundhi,women కి respect లేధు మల్ల vadu oka యోగి మల్ల ha మోద్ద cm కుర్చి లో వున్ధి,women ki respect ledhu malla vadu oka yogi malla ha modda cm kurchi lo vundhi,women ki respect ledhu malla vvadu oka yoggi malla ha modda cm kurchi lo vundhi,women ki respect lledhu malla vadddu oka yogi malla ha mmmodda cm kurchi lo vundhi
635,Evadra erri puukodu vaadu.. Duplicate gild eskuni show dhenguthunnadu,Evadra erri puukodu vaadu.. Duplicate gild eskuni show dhenguthunnadu,Eవద్ర ఏర్రి పూకోదు vaadu.. Duplicate gild ఏస్కుని శోవ్ ధేన్గుథున్నదు,Evadra erri puukodu vaadu.. Duplicate gild eskuni show dhenguthunnadu,Evadra erri puukodu vaadu.. Dupliccate gild esskuni shoow dhenguthunnadu,Evvadra eeerri puukodu vaaduuu.. Duplicate gillld eskkuni shhow dhenguthunnnadu
67,Vaddu Bangaram nuvvu happy ga vundali,Vaddu Bangaram nuvvu happy ga vundali,Vఅద్దు Bఅన్గరమ్ నువ్వు happy గ వున్దలి,Vaddu Bangaram nuvvu happy ga vundali,Vaddu Bangaram nuvvu happy ga vundali,Vaddu Baaangaram nuvvuu happy ga vundali
327,వారు ఎవరితో పెట్టుకుంటే మీకెందుకుసార్.మీరు రోడ్లు ఎందుకు ఇయ్యలేదు? ప్రాజెక్టులు ఎందుకు కట్టడం లేదు? ఎందుకు ఇంత అప్పులు చేస్తున్నారు మద్యపాన నిషేధం ఎందుకు చేయలేదు? కంపెనీలు ఎందుకు తీసుకురావడం లేదు?,vAru èvarito pèTTukuMTe mIkèMdukusAr.mIru roDlu èMduku iyyaledu? prAjèkTulu èMduku kaTTaDaM ledu? èMduku iMta appulu chestunnAru madyapAna niShedhaM èMduku cheyaledu? kaMpènIlu èMduku tIsukurAvaDaM ledu?,వారు ఎవరితో పెట్టుకుంటే మీకెందుకుసార్.మీరు రోడ్లు ఎందుకు ఇయ్యలేదు? ప్రాజెక్టులు ఎందుకు కట్టడం లేదు? ఎందుకు ఇంత అప్పులు చేస్తున్నారు మద్యపాన నిషేధం ఎందుకు చేయలేదు? కంపెనీలు ఎందుకు తీసుకురావడం లేదు?,vAru èvarito పెట్టుకుంటే mIkèMdukusAr.mIru రోడ్లు ఎందుకు ఇయ్యలేదు? ప్రాజెక్టులు èMduku కట్టడం లేదు? ఎందుకు iMta అప్పులు చేస్తున్నారు madyapAna niShedhaM èMduku cheyaledu? kaMpènIlu ఎందుకు tIsukurAvaDaM లేదు?,వారు ఎవరితో పెట్టుకుంటే మీకెందుకుసార్.మీరు రోడ్లు ఎందుకు ఇయ్యలేదు? ప్రాజెకక్టులు ఎందుకు కట్టడం లేదు? ఎందుకు ఇంత అప్పులు చచేస్తున్నారు మద్యపాన నిషేధం ఎందుకు చేయలేదు? కంపెనీలు ఎందుకకు తీసుకురావడం లేదదు?,వారు ఎఎఎవరితో పెట్టుకకుంటే మీకెందుకుసార్.మమీరు రోడడ్లు ఎఎందుకు ఇయ్యలేదు? ప్రాజజెక్టులు ఎందుకకు కట్టడం లేదు? ఎందదుకు ఇఇంత అప్పపపులు చేస్తునన్నారు మద్యపాన నిషషషేధం ఎఎఎందుకు చేయలలలేదు? కంపెనీలలలు ఎఎఎందుకు తీసుకురరావడం లేదు?
395,అబద్ధానికి పెద్ద నోరు ఉంటుంది,abaddhAniki pèdda noru uMTuMdi,అబద్ధానికి పెద్ద నోరు ఉంటుంది,abaddhAniki pèdda noru ఉంటుంది,అబద్ధానికి పెద్ద నోరు ఉంటుంది,అబద్ధానికి పెద్దద నోరు ఉంటుంది
244,పరుచూరి గోపాల కృష్ణ గారి కి నమస్తే మిమ్ములను మొదటిసారి భార్గవ రాముడి సినిమాలో చూసాను సూపర్ వెరైటీ యాక్షన్ సార్,paruchUri gopAla kRRiShNa gAri ki namaste mimmulanu mòdaTisAri bhArgava rAmuDi sinimAlo chUsAnu sUpar vèraiTI yAkShan sAr,పరుచూరి గోపాల కృష్ణ గారి కి నమస్తే మిమ్ములను మొదటిసారి భార్గవ రాముడి సినిమాలో చూసాను సూపర్ వెరైటీ యాక్షన్ సార్,paruchUri గోపాల kRRiShNa gAri కి నమస్తే మిమ్ములను మొదటిసారి భార్గవ rAmuDi సినిమాలో chUsAnu సూపర్ వెరైటీ yAkShan sAr,పపరుచూరి గోపాల కకృష్ణ గారి కి నమస్తే మిమ్ములను మొదటటిసారి భభార్గవ రాముడి సినిమాలలో చూసాను సూపర్ వెరరైటీ యాక్షన్ సారర్,పరుచూరి గోపాల కృష్ణ గారి కి నమస్తే మిమ్ములననను మొదటిసారి భార్గవవ రాముడి సససినిమాలో చూసాను సూపర్ వెరైటీ యాక్షన్ సార్
377,elaanti sannasi matalu vinalani maku ledu mundu sari ga matladu mariyada ichi puchukovale anthegani Telangana slag Ani memilage matladtha mante vere partila telanganollu kada,elaanti sannasi matalu vinalani maku ledu mundu sari ga matladu mariyada ichi puchukovale anthegani Telangana slag Ani memilage matladtha mante vere partila telanganollu kada,ఏలాన్తి sannasi మతలు వినలని మకు ledu mundu సరి గ matladu mariyada ఇచి పుచుకోవలే అన్థేగని టేలన్గన slag ఆని మేమిలగే మత్లద్థ mante వేరే పర్తిల తేలన్గనోల్లు kada,elaanti sannasi matalu vinalani maku ledu mundu sari ga matladu mariyada ichi puchukovale anthegani Telangana slag Ani memilage matladtha mante vere partila telanganollu kada,elaanti sannasi matalu vinalani maku ledu mundu sari ga matladu maariyada ichi puchukovale antheggani Telangana slag Ani memilage matladtha mante vere partila telanganollu kada,ellaanti sannasi matalu vinalani makku ledu mundu sari ga matladu mariyada icchi puccchukovale antheganni Telangana ssslag Ani memmilage mmatladtha mmante vere partilaa telanganollu kadaaa
610,ఈడిని చూసాక....మన సంపు మీద చాలా గౌరవం పెరిగింది...,IDini chUsAka....mana saMpu mIda chAlA gauravaM pèrigiMdi...,ఈడిని చూసాక....మన సంపు మీద చాలా గౌరవం పెరిగింది...,IDini chUsAka....mana saMpu mIda chAlA gauravaM పెరిగింది...,ఈడిని చూసాక....మన సంపు మీద చాలా గౌరవం పెరిగింది...,ఈఈడిని చూసాక....మన సంపు మీదదద చాలా గౌరరవం పెరిగింది...
526,ఇలా వాగే ఛీ అని పరిశ్రమ పెద్దలు దూరంగా పెట్ట రు మహేష్ మళ్ళీ దరిద్రని మళ్ళీ స్టేజీ మీదకు తెచ్చాడు 20సం చిరు చాలా నష్టపోయారు,ilA vAge ChI ani parishrama pèddalu dUraMgA pèTTa ru maheSh maLLI daridrani maLLI sTejI mIdaku tèchchADu 20saM chiru chAlA naShTapoyAru,ఇలా వాగే ఛీ అని పరిశ్రమ పెద్దలు దూరంగా పెట్ట రు మహేష్ మళ్ళీ దరిద్రని మళ్ళీ స్టేజీ మీదకు తెచ్చాడు 20సం చిరు చాలా నష్టపోయారు,ilA vAge ChI అని parishrama పెద్దలు దూరంగా pèTTa రు మహేష్ మళ్ళీ daridrani maLLI స్టేజీ mIdaku తెచ్చాడు 20saM చిరు చాలా నష్టపోయారు,ఇలా వాగే ఛీ అని పరిశ్రమ పెద్దలు దూరంగా పెట్ట రు మహేష్ మళ్ళీ దరిద్రని మళ్ళీ స్టేజీ మీదకు తెచ్చాడు 20సం చచిరు చాలా నష్టపోయారు,ఇఇఇలా వాగే ఛీ అని పరిశ్రమ పెద్దలు దూరంగా పపెట్ట రు మహేష్ మళ్ళీ దరిద్రని మళ్ళీ స్టటేజీ మమమీదకు తెచ్చాడడు 20సం చిరు చచచాలా నననష్టపోయారు
