id,romanized_preserved,telugu_script_preserved,mixed_script_preserved,mild_noise_preserved,severe_noise_preserved,original_text,romanized,telugu_script,mixed_script,mild_noise,severe_noise,romanized_annotator1,romanized_annotator2,romanized_notes,telugu_script_annotator1,telugu_script_annotator2,telugu_script_notes,mixed_script_annotator1,mixed_script_annotator2,mixed_script_notes,mild_noise_annotator1,mild_noise_annotator2,mild_noise_notes,severe_noise_annotator1,severe_noise_annotator2,severe_noise_notes
696,1.0,1.0,1.0,1.0,1.0,దీనమ్మ రోజ ని ఎవడికైనా చూపించండి రా,dInamma roja ni èvaDikainA chUpiMchaMDi rA,దీనమ్మ రోజ ని ఎవడికైనా చూపించండి రా,dInamma roja ni èvaDikainA చూపించండి రా,దీనమ్మ రోజ ని ఎవడికైనా చచూపించండి రా,దీనమమ్మ రరోజ ని ఎవడికైనననా చూపించండి రా,,,,,,,,,,,,,,,
667,1.0,1.0,1.0,1.0,1.0,Super concept inka music chala bagundhi short film kuda chala bagundhi,Super concept inka music chala bagundhi short film kuda chala bagundhi,Super concept inka music చల బగున్ధి శోర్త్ film kuda చల బగున్ధి,Super concept inka music chala bagundhi short film kuda chala bagundhi,Super concept iinka music chala bagundhi shoort film kuda chala bagundhi,Super concept inkka musiic chala bagundhi short film kuda chaaala bagunddhi,,,,,,,,,,,,,,,
63,1.0,1.0,1.0,1.0,1.0,Kulaaa pechhe fuuga undeanana,Kulaaa pechhe fuuga undeanana,Kులాఅ పేఛే fూగ ఉన్దేఅనన,Kulaaa pechhe fuuga undeanana,Kulaaa pecchhe fuuga undeanana,Kulaaa peeechhe fuuga undeanana,,,,,,,,,,,,,,,
533,1.0,1.0,1.0,1.0,1.0,West mokalu motham judge laa,West mokalu motham judge laa,West మోకలు మోథమ్ జుద్గే లా,West mokalu motham judge laa,West mokalu motham juudge laa,WWest moookalu motham judgge laa,,,,,,,,,,,,,,,
66,1.0,1.0,1.0,1.0,1.0,"This should be  a good lesson for youngsters.  Moral is "" జీవితం లో గెలుపుకి బందు మిత్రులు ఎక్క్కువ, కాని ఓటమి ఎప్పుడు అనాదే""","This should be  a good lesson for youngsters.  Moral is "" jIvitaM lo gèlupuki baMdu mitrulu èkkkuva, kAni oTami èppuDu anAde""","ఠిస్ శోఉల్ద్ be  a good lesson for youngsters.  Moral is "" జీవితం లో గెలుపుకి బందు మిత్రులు ఎక్క్కువ, కాని ఓటమి ఎప్పుడు అనాదే""","This should be  a good lesson for youngsters.  Moral is "" jIvitaM lo gèlupuki బందు mitrulu ఎక్క్కువ, kAni oTami ఎప్పుడు అనాదే""","Thhis should be a good lessonn for youngsters. Mooral is "" జీవితం లో గెలుపుకి బబందు మిత్రులు ఎక్క్కువవ, కకాని ఓటటమి ఎప్పుడు అనాదే""","This shouuld be a goood lessoon for youngstters. Moral is "" జీవవితం లో గెలలలుపుకి బబందు మిత్రులలు ఎక్క్కువ, కాననని ఓటమి ఎప్పుడు అనాదే""",,,,,,,,,,,,,,,
621,1.0,1.0,1.0,1.0,1.0,A 1 చిల్లర రాజకీయాలు అపు...... ముందు ఇంట్లో వున్న మహీళలకు న్యాయం చేయమను.... అక్కా చెల్లెళ్ళు చేబుతారు A1 Bach ki,A 1 chillara rAjakIyAlu apu...... muMdu iMTlo vunna mahILalaku nyAyaM cheyamanu.... akkA chèllèLLu chebutAru A1 Bach ki,A 1 చిల్లర రాజకీయాలు అపు...... ముందు ఇంట్లో వున్న మహీళలకు న్యాయం చేయమను.... అక్కా చెల్లెళ్ళు చేబుతారు A1 Bఅచ్ కి,A 1 చిల్లర రాజకీయాలు apu...... ముందు iMTlo vunna మహీళలకు nyAyaM చేయమను.... అక్కా chèllèLLu చేబుతారు A1 Bach ki,A 1 చిల్లర రాజజకీయాలు అపు...... ముందు ఇంట్లో వున్న మహీళలకు న్యాయం చేయమను.... అక్కా చచెల్లెళ్ళు చచేబుతారు A1 Bach ki,A 1 చిల్లర రరరాజకీయాలు అపు...... ముందు ఇంట్లో వున్న మహీళలకు న్యయాయం చేయమను.... అకకక్కా చెల్లెళ్ళళళు చేబబుతారు A1 Bachhh ki,,,,,,,,,,,,,,,
346,1.0,1.0,1.0,1.0,1.0,అసలు హారన్ కొట్టకపోతే ట్రైన్ ఇప్పట్లో రాదని అర్థం,asalu hAran kòTTakapote Train ippaTlo rAdani arthaM,అసలు హారన్ కొట్టకపోతే ట్రైన్ ఇప్పట్లో రాదని అర్థం,అసలు hAran kòTTakapote Train ippaTlo rAdani అర్థం,అసలు హారన్ కొట్టకపోతే ట్రైన్ ఇప్పట్లో రాదని అర్థం,అఅఅసలు హారన్ కొట్టకపోతే ట్రరైన్ ఇప్పట్లో రాదని అర్థం,,,,,,,,,,,,,,,
490,1.0,1.0,1.0,1.0,1.0,Ntr kadhu bey ntr garu give respect,Ntr kadhu bey ntr garu give respect,Ntr కధు bey ntr గరు గివే respect,Ntr kadhu bey ntr garu give respect,Ntr kadhu bey ntr garuu givee respect,Ntr kadhuu bey nntr garu give ressspect,,,,,,,,,,,,,,,
760,1.0,1.0,1.0,1.0,1.0,తెలివైన మూర్ఖుడు... RGV,tèlivaina mUrkhuDu... RGV,తెలివైన మూర్ఖుడు... RGV,tèlivaina మూర్ఖుడు... RGV,తెలివైన మూర్ఖుడు... RGV,తెలివైన మూర్ఖఖఖుడు... RRGV,,,,,,,,,,,,,,,
456,1.0,1.0,1.0,1.0,1.0,Kasta padithe eppudu pratipalam untundi.. congratulations,Kasta padithe eppudu pratipalam untundi.. congratulations,Kasta పదిథే eppudu ప్రతిపలమ్ untundi.. చోన్గ్రతులతిఓన్స్,Kasta padithe eppudu pratipalam untundi.. congratulations,Kasta padithe eppudu pratipalam unttundi.. congratulations,Kasta padithe eeppudu pratipalam untundi.. congratulations,,,,,,,,,,,,,,,
65,1.0,1.0,1.0,1.0,1.0,"Intaki Rahul evadabba, sir indirect ga Congress Rahul Gandhi ki hint istunda kalsipodamani","Intaki Rahul evadabba, sir indirect ga Congress Rahul Gandhi ki hint istunda kalsipodamani","ఈన్తకి Rahul evadabba, sir indirect గ ఛోన్గ్రేస్స్ Rahul Gన్ధి కి hint istunda కల్సిపోదమని","Intaki Rahul evadabba, sir indirect ga Congress Rahul Gandhi ki hint istunda kalsipodamani","Intaki Rahul evadabba, sir indirect ga Conngress Rahull Gandhi ki hiint istunnda kalsipodamani","Intaki Rahul evadabba, sir indirect ga Connngress Rahul Ganddhi ki hint istunda kalsipodamaaani",,,,,,,,,,,,,,,
286,1.0,1.0,1.0,1.0,1.0,women ki respect ledhu malla vadu oka yogi malla ha modda cm kurchi lo vundhi,women ki respect ledhu malla vadu oka yogi malla ha modda cm kurchi lo vundhi,women కి respect లేధు మల్ల vadu oka యోగి మల్ల ha మోద్ద cm కుర్చి లో వున్ధి,women ki respect ledhu malla vadu oka yogi malla ha modda cm kurchi lo vundhi,women ki respect ledhu malla vvadu oka yoggi malla ha modda cm kurchi lo vundhi,women ki respect lledhu malla vadddu oka yogi malla ha mmmodda cm kurchi lo vundhi,,,,,,,,,,,,,,,
635,1.0,1.0,1.0,1.0,1.0,Evadra erri puukodu vaadu.. Duplicate gild eskuni show dhenguthunnadu,Evadra erri puukodu vaadu.. Duplicate gild eskuni show dhenguthunnadu,Eవద్ర ఏర్రి పూకోదు vaadu.. Duplicate gild ఏస్కుని శోవ్ ధేన్గుథున్నదు,Evadra erri puukodu vaadu.. Duplicate gild eskuni show dhenguthunnadu,Evadra erri puukodu vaadu.. Dupliccate gild esskuni shoow dhenguthunnadu,Evvadra eeerri puukodu vaaduuu.. Duplicate gillld eskkuni shhow dhenguthunnnadu,,,,,,,,,,,,,,,
67,1.0,1.0,1.0,1.0,1.0,Vaddu Bangaram nuvvu happy ga vundali,Vaddu Bangaram nuvvu happy ga vundali,Vఅద్దు Bఅన్గరమ్ నువ్వు happy గ వున్దలి,Vaddu Bangaram nuvvu happy ga vundali,Vaddu Bangaram nuvvu happy ga vundali,Vaddu Baaangaram nuvvuu happy ga vundali,,,,,,,,,,,,,,,
327,1.0,1.0,1.0,1.0,1.0,వారు ఎవరితో పెట్టుకుంటే మీకెందుకుసార్.మీరు రోడ్లు ఎందుకు ఇయ్యలేదు? ప్రాజెక్టులు ఎందుకు కట్టడం లేదు? ఎందుకు ఇంత అప్పులు చేస్తున్నారు మద్యపాన నిషేధం ఎందుకు చేయలేదు? కంపెనీలు ఎందుకు తీసుకురావడం లేదు?,vAru èvarito pèTTukuMTe mIkèMdukusAr.mIru roDlu èMduku iyyaledu? prAjèkTulu èMduku kaTTaDaM ledu? èMduku iMta appulu chestunnAru madyapAna niShedhaM èMduku cheyaledu? kaMpènIlu èMduku tIsukurAvaDaM ledu?,వారు ఎవరితో పెట్టుకుంటే మీకెందుకుసార్.మీరు రోడ్లు ఎందుకు ఇయ్యలేదు? ప్రాజెక్టులు ఎందుకు కట్టడం లేదు? ఎందుకు ఇంత అప్పులు చేస్తున్నారు మద్యపాన నిషేధం ఎందుకు చేయలేదు? కంపెనీలు ఎందుకు తీసుకురావడం లేదు?,vAru èvarito పెట్టుకుంటే mIkèMdukusAr.mIru రోడ్లు ఎందుకు ఇయ్యలేదు? ప్రాజెక్టులు èMduku కట్టడం లేదు? ఎందుకు iMta అప్పులు చేస్తున్నారు madyapAna niShedhaM èMduku cheyaledu? kaMpènIlu ఎందుకు tIsukurAvaDaM లేదు?,వారు ఎవరితో పెట్టుకుంటే మీకెందుకుసార్.మీరు రోడ్లు ఎందుకు ఇయ్యలేదు? ప్రాజెకక్టులు ఎందుకు కట్టడం లేదు? ఎందుకు ఇంత అప్పులు చచేస్తున్నారు మద్యపాన నిషేధం ఎందుకు చేయలేదు? కంపెనీలు ఎందుకకు తీసుకురావడం లేదదు?,వారు ఎఎఎవరితో పెట్టుకకుంటే మీకెందుకుసార్.మమీరు రోడడ్లు ఎఎందుకు ఇయ్యలేదు? ప్రాజజెక్టులు ఎందుకకు కట్టడం లేదు? ఎందదుకు ఇఇంత అప్పపపులు చేస్తునన్నారు మద్యపాన నిషషషేధం ఎఎఎందుకు చేయలలలేదు? కంపెనీలలలు ఎఎఎందుకు తీసుకురరావడం లేదు?,,,,,,,,,,,,,,,
395,1.0,1.0,1.0,1.0,1.0,అబద్ధానికి పెద్ద నోరు ఉంటుంది,abaddhAniki pèdda noru uMTuMdi,అబద్ధానికి పెద్ద నోరు ఉంటుంది,abaddhAniki pèdda noru ఉంటుంది,అబద్ధానికి పెద్ద నోరు ఉంటుంది,అబద్ధానికి పెద్దద నోరు ఉంటుంది,,,,,,,,,,,,,,,
244,1.0,1.0,1.0,1.0,1.0,పరుచూరి గోపాల కృష్ణ గారి కి నమస్తే మిమ్ములను మొదటిసారి భార్గవ రాముడి సినిమాలో చూసాను సూపర్ వెరైటీ యాక్షన్ సార్,paruchUri gopAla kRRiShNa gAri ki namaste mimmulanu mòdaTisAri bhArgava rAmuDi sinimAlo chUsAnu sUpar vèraiTI yAkShan sAr,పరుచూరి గోపాల కృష్ణ గారి కి నమస్తే మిమ్ములను మొదటిసారి భార్గవ రాముడి సినిమాలో చూసాను సూపర్ వెరైటీ యాక్షన్ సార్,paruchUri గోపాల kRRiShNa gAri కి నమస్తే మిమ్ములను మొదటిసారి భార్గవ rAmuDi సినిమాలో chUsAnu సూపర్ వెరైటీ yAkShan sAr,పపరుచూరి గోపాల కకృష్ణ గారి కి నమస్తే మిమ్ములను మొదటటిసారి భభార్గవ రాముడి సినిమాలలో చూసాను సూపర్ వెరరైటీ యాక్షన్ సారర్,పరుచూరి గోపాల కృష్ణ గారి కి నమస్తే మిమ్ములననను మొదటిసారి భార్గవవ రాముడి సససినిమాలో చూసాను సూపర్ వెరైటీ యాక్షన్ సార్,,,,,,,,,,,,,,,
377,1.0,1.0,1.0,1.0,1.0,elaanti sannasi matalu vinalani maku ledu mundu sari ga matladu mariyada ichi puchukovale anthegani Telangana slag Ani memilage matladtha mante vere partila telanganollu kada,elaanti sannasi matalu vinalani maku ledu mundu sari ga matladu mariyada ichi puchukovale anthegani Telangana slag Ani memilage matladtha mante vere partila telanganollu kada,ఏలాన్తి sannasi మతలు వినలని మకు ledu mundu సరి గ matladu mariyada ఇచి పుచుకోవలే అన్థేగని టేలన్గన slag ఆని మేమిలగే మత్లద్థ mante వేరే పర్తిల తేలన్గనోల్లు kada,elaanti sannasi matalu vinalani maku ledu mundu sari ga matladu mariyada ichi puchukovale anthegani Telangana slag Ani memilage matladtha mante vere partila telanganollu kada,elaanti sannasi matalu vinalani maku ledu mundu sari ga matladu maariyada ichi puchukovale antheggani Telangana slag Ani memilage matladtha mante vere partila telanganollu kada,ellaanti sannasi matalu vinalani makku ledu mundu sari ga matladu mariyada icchi puccchukovale antheganni Telangana ssslag Ani memmilage mmatladtha mmante vere partilaa telanganollu kadaaa,,,,,,,,,,,,,,,
610,1.0,1.0,1.0,1.0,1.0,ఈడిని చూసాక....మన సంపు మీద చాలా గౌరవం పెరిగింది...,IDini chUsAka....mana saMpu mIda chAlA gauravaM pèrigiMdi...,ఈడిని చూసాక....మన సంపు మీద చాలా గౌరవం పెరిగింది...,IDini chUsAka....mana saMpu mIda chAlA gauravaM పెరిగింది...,ఈడిని చూసాక....మన సంపు మీద చాలా గౌరవం పెరిగింది...,ఈఈడిని చూసాక....మన సంపు మీదదద చాలా గౌరరవం పెరిగింది...,,,,,,,,,,,,,,,
526,1.0,1.0,1.0,1.0,1.0,ఇలా వాగే ఛీ అని పరిశ్రమ పెద్దలు దూరంగా పెట్ట రు మహేష్ మళ్ళీ దరిద్రని మళ్ళీ స్టేజీ మీదకు తెచ్చాడు 20సం చిరు చాలా నష్టపోయారు,ilA vAge ChI ani parishrama pèddalu dUraMgA pèTTa ru maheSh maLLI daridrani maLLI sTejI mIdaku tèchchADu 20saM chiru chAlA naShTapoyAru,ఇలా వాగే ఛీ అని పరిశ్రమ పెద్దలు దూరంగా పెట్ట రు మహేష్ మళ్ళీ దరిద్రని మళ్ళీ స్టేజీ మీదకు తెచ్చాడు 20సం చిరు చాలా నష్టపోయారు,ilA vAge ChI అని parishrama పెద్దలు దూరంగా pèTTa రు మహేష్ మళ్ళీ daridrani maLLI స్టేజీ mIdaku తెచ్చాడు 20saM చిరు చాలా నష్టపోయారు,ఇలా వాగే ఛీ అని పరిశ్రమ పెద్దలు దూరంగా పెట్ట రు మహేష్ మళ్ళీ దరిద్రని మళ్ళీ స్టేజీ మీదకు తెచ్చాడు 20సం చచిరు చాలా నష్టపోయారు,ఇఇఇలా వాగే ఛీ అని పరిశ్రమ పెద్దలు దూరంగా పపెట్ట రు మహేష్ మళ్ళీ దరిద్రని మళ్ళీ స్టటేజీ మమమీదకు తెచ్చాడడు 20సం చిరు చచచాలా నననష్టపోయారు,,,,,,,,,,,,,,,
658,1.0,1.0,1.0,1.0,1.0,Enti Puri nuvvu entha knowledge gain chestavu.,Enti Puri nuvvu entha knowledge gain chestavu.,Enti Pఉరి నువ్వు ఏన్థ క్నోవ్లేద్గే gain chestavu.,Enti Puri nuvvu entha knowledge gain chestavu.,Enti Purii nuvvu entha knowledge ggain chestaavu.,Ennti Purii nuvvu enthaa knowwwledge gain chestaavu.,,,,,,,,,,,,,,,
529,1.0,1.0,1.0,1.0,1.0,Audience be like :- Bengu ! Athi bengaku,Audience be like :- Bengu ! Athi bengaku,Audience be like :- Bఏన్గు ! ఆథి బేన్గకు,Audience be like :- Bengu ! Athi bengaku,Audiience be like :- Bengu ! Athi bengaku,Auddience be like :- Bengu ! AAAthi bennngaku,,,,,,,,,,,,,,,
622,1.0,1.0,1.0,1.0,1.0,అల్లు అర్జున్ కి ఏక్కడో సూడి ఉ౦ది.multitalent వున్నోడు అల్లు అర్జున్ ఒక్కడే ఇన్ ఇ౦డియా,allu arjun ki ekkaDo sUDi u0di.multitalent vunnoDu allu arjun òkkaDe in i0DiyA,అల్లు అర్జున్ కి ఏక్కడో సూడి ఉ౦ది.multitalent వున్నోడు అల్లు అర్జున్ ఒక్కడే ఇన్ ఇ౦డియా,అల్లు arjun కి ఏక్కడో sUDi u0di.multitalent vunnoDu allu arjun òkkaDe in ఇ౦డియా,అల్లు అఅర్జున్ కి ఏక్కడో ససూడి ఉ౦ది.multitalent వున్నోడు అల్లు అరర్జున్ ఒక్కడే ఇన్ ఇ౦డియా,అల్లు అర్జజున్ కి ఏక్కడో ససూడి ఉ౦ది.multitalent వవవున్నోడు అలలల్లు అర్జున్ ఒకక్కడే ఇన్ ఇ౦డియయా,,,,,,,,,,,,,,,
721,1.0,1.0,1.0,1.0,1.0,Samantha acting matram ichipadesindhi thrill chestadhi second half fantastic anthe,Samantha acting matram ichipadesindhi thrill chestadhi second half fantastic anthe,షమన్థ అచ్తిన్గ్ మత్రమ్ ఇచిపదేసిన్ధి థ్రిల్ల్ చేస్తధి second half fantastic అన్థే,Samantha acting matram ichipadesindhi thrill chestadhi second half fantastic anthe,Samanttha acting maatram ichipadesindhi thrill chestadhi seconnd half fantastic anthe,Samantha acting matram ichiipadesindhi thrill chestaaadhi secooond half fanttastic antheee,,,,,,,,,,,,,,,
360,1.0,1.0,1.0,1.0,1.0,"విద్వేషాల ,వైషమ్యాలు గురించి బీజేపీ మాట్లాడటం....","vidveShAla ,vaiShamyAlu guriMchi bIjepI mATlADaTaM....","విద్వేషాల ,వైషమ్యాలు గురించి బీజేపీ మాట్లాడటం....","విద్వేషాల ,వైషమ్యాలు గురించి బీజేపీ mATlADaTaM....","విద్వేషాల ,వైషమ్యాలు గురించి బీజేపీ మాట్లాడటం....","వవిద్వేషాల ,వైషమ్యాలలు గురించచచి బీజజేపీ మాట్లాడడడటం....",,,,,,,,,,,,,,,
30,1.0,1.0,1.0,1.0,1.0,వచ్చిందయ్యా మహా పతివ్రత.... అనసూయ అంటేనే నిలువెల్లా బూతు..... ఈమె చెబుతుంది నీతులు... తూ..... సిగ్గుమాలిన జన్మ,vachchiMdayyA mahA pativrata.... anasUya aMTene niluvèllA bUtu..... Imè chèbutuMdi nItulu... tU..... siggumAlina janma,వచ్చిందయ్యా మహా పతివ్రత.... అనసూయ అంటేనే నిలువెల్లా బూతు..... ఈమె చెబుతుంది నీతులు... తూ..... సిగ్గుమాలిన జన్మ,vachchiMdayyA mahA pativrata.... అనసూయ అంటేనే niluvèllA బూతు..... Imè చెబుతుంది నీతులు... tU..... సిగ్గుమాలిన జన్మ,వచ్చిందయ్యా మహా పతివ్రత.... అనసూయ అంటేనే నిలువెల్లా బూతు..... ఈమె చచెబుతుంది ననీతులు... తతూ..... సిగగ్గుమాలిన జన్మ,వచ్చిందయయ్యా మహా పతతివ్రత.... అనసూయయ అంటటేనే నిలువెలలల్లా బూతు..... ఈమె చచెబుతుంది నీతులలలు... తూ..... సిగ్గుమాలిననన జన్మ,,,,,,,,,,,,,,,
260,1.0,1.0,1.0,1.0,1.0,raja singh kalthi maal ammutharu and rowdy gunda,raja singh kalthi maal ammutharu and rowdy gunda,raja సిన్ఘ్ కల్థి మాల్ అమ్ముథరు and rowdy gunda,raja singh kalthi maal ammutharu and rowdy gunda,raja singh kaltthi maall ammutharu and rowdy gunda,raja singh kalthi maaaal ammutharu andd rowdy gundaa,,,,,,,,,,,,,,,
637,1.0,1.0,1.0,1.0,1.0,రష్మిది అని చెప్పి ఆది లేకపోతే అలుగుతుంది స్త్రీల పరువుతీస్తున్నది,raShmidi ani chèppi Adi lekapote alugutuMdi strIla paruvutIstunnadi,రష్మిది అని చెప్పి ఆది లేకపోతే అలుగుతుంది స్త్రీల పరువుతీస్తున్నది,raShmidi అని chèppi ఆది లేకపోతే alugutuMdi strIla పరువుతీస్తున్నది,రష్మమిది అని చెప్పి ఆది లేకపోతే అలుగుతుంది స్త్రీల పరువుతీస్తున్నది,రష్మిది అఅఅని చెప్పి ఆఆది లేకపపోతే అలలలుగుతుంది స్త్రీల పరువుతీస్తున్నది,,,,,,,,,,,,,,,
746,1.0,1.0,1.0,1.0,1.0,Ede poindi kaadu manaki,Ede poindi kaadu manaki,Ede poindi కాదు మనకి,Ede poindi kaadu manaki,Ede poindi kaadu mannaki,EEEde pooindi kaaaadu maanaki,,,,,,,,,,,,,,,
570,1.0,1.0,1.0,1.0,1.0,మహానుభావుడివి సార్ నువ్వు. మేడం గారు మికో నమస్కారం. ఇద్దరు సరిపోయారు. నిజాన్ని నిర్భయంగా,mahAnubhAvuDivi sAr nuvvu. meDaM gAru miko namaskAraM. iddaru saripoyAru. nijAnni nirbhayaMgA,మహానుభావుడివి సార్ నువ్వు. మేడం గారు మికో నమస్కారం. ఇద్దరు సరిపోయారు. నిజాన్ని నిర్భయంగా,మహానుభావుడివి sAr nuvvu. మేడం gAru miko నమస్కారం. ఇద్దరు saripoyAru. నిజాన్ని nirbhayaMgA,మహానుభావుడివి సార్ నువ్వు. మేడం గారు మికో నమస్కారం. ఇద్దరు సరిపోయారు. నిజజాన్ని నిర్భయంగా,మహానుభావుడివి సారరర్ నువ్వు. మమేడం గగగారు మికో నమమమస్కారం. ఇద్దదదరు సరిపోయయయారు. నిజాన్నని నిర్భయంగా,,,,,,,,,,,,,,,
215,,,,,,పెద్ద పీఠాధిపతి లాగా అందరికి ఆశీర్వాదం ఇస్తున్నాడుగా,pèdda pIThAdhipati lAgA aMdariki AshIrvAdaM istunnADugA,పెద్ద పీఠాధిపతి లాగా అందరికి ఆశీర్వాదం ఇస్తున్నాడుగా,pèdda pIThAdhipati లాగా అందరికి ఆశీర్వాదం ఇస్తున్నాడుగా,పెద్దద పీఠాధిపతి లాగా అందరికి ఆశీర్వాదం ఇసస్తున్నాడుగా,పెద్ద పీఠాధధిపతి లలాగా అందరికకకి ఆశీర్వాదదదం ఇస్తున్నాడుగా,,,,,,,,,,,,,,,
78,,,,,,ప్రపంచంలో అతిపెద్ద అవినీతి పార్టీ టిఅర్ యస్ కెసిఆర్,prapaMchaMlo atipèdda avinIti pArTI Tiar yas kèsiAr,ప్రపంచంలో అతిపెద్ద అవినీతి పార్టీ టిఅర్ యస్ కెసిఆర్,ప్రపంచంలో అతిపెద్ద అవినీతి పార్టీ Tiar యస్ kèsiAr,ప్రపంచంలో అతిపెద్ద అవిననీతి పపార్టీ టిఅర్ యస్ కెసిఆర్,ప్రపంచంలో అతిపెద్ద అవినీతి పార్టీ టటిఅర్ యయస్ కెసిఆర్,,,,,,,,,,,,,,,
578,,,,,,bandi sanjay gadu amit shah kukka vadu poyi vadi kaalu nakutaru,bandi sanjay gadu amit shah kukka vadu poyi vadi kaalu nakutaru,బన్ది sanjay gadu amit శహ్ kukka vadu poyi vadi కాలు నకుతరు,bandi sanjay gadu amit shah kukka vadu poyi vadi kaalu nakutaru,bandi sanjay gaddu amit sshah kukkka vadu poyi vaddi kkaalu nnakutaru,bandiii sanjay gadu amit shah kkukka vadu poyii vadddi kaalu nakuutaru,,,,,,,,,,,,,,,
383,,,,,,BJP Sanka naku teenmar vartalu,BJP Sanka naku teenmar vartalu,BJP Sanka నకు తీన్మర్ వర్తలు,BJP Sanka naku teenmar vartalu,BJP Sanka naku teenmar vartallu,BJP Sanka naaku teenmar varrtalu,,,,,,,,,,,,,,,
39,,,,,,Ore ni veshalu api pani chusko,Ore ni veshalu api pani chusko,Oరే ని వేశలు api పని చుస్కో,Ore ni veshalu api pani chusko,Ore ni veshalu api pani chusko,Ore ni veeeshalu aapi pani chusko,,,,,,,,,,,,,,,
23,,,,,,కడిగేయండి మీరు సమాజాన్ని!  నాకు బాధగానే ఉంది గురువుగారు.,kaDigeyaMDi mIru samAjAnni!  nAku bAdhagAne uMdi guruvugAru.,కడిగేయండి మీరు సమాజాన్ని!  నాకు బాధగానే ఉంది గురువుగారు.,కడిగేయండి మీరు సమాజాన్ని!  nAku bAdhagAne uMdi guruvugAru.,కడిగేయండి మీరు సమాజాన్ని! నాకు బాధగానే ఉందది గురువుగారరు.,కడిగేయండి మీరు సమమాజాన్ని! నాకకు బాధధధగానే ఉందదది గురరువుగారు.,,,,,,,,,,,,,,,
692,,,,,,memu videos chusthe kani meku annam kuda dorakadhu alantappudu mammilini yedavalu ni chesi anukoku ra nayana sollu apu,memu videos chusthe kani meku annam kuda dorakadhu alantappudu mammilini yedavalu ni chesi anukoku ra nayana sollu apu,memu videos చుస్థే కని మేకు అన్నమ్ kuda దోరకధు alantappudu మమ్మిలిని యేదవలు ని చేసి అనుకోకు ర నయన సోల్లు apu,memu videos chusthe kani meku annam kuda dorakadhu alantappudu mammilini yedavalu ni chesi anukoku ra nayana sollu apu,mmemu videos chusthe kani meeku annam kuda dorakadhu alantappudu mammilini yedavvalu ni chesi anukoku ra nayanaa solluu apu,meeemu viideos chusthhhe kanii meeeku annam kudaa doraaakadhu alantappudu mammiilini yyyedavalu ni chesi annnukoku ra nayana sollu apu,,,,,,,,,,,,,,,
398,,,,,,itlantivi ఎందుకు చేస్తారండి meeru rotta cinemalu matrame chestaru sir meeru... any way .. ayina meerante naakistam sir,itlantivi èMduku chestAraMDi meeru rotta cinemalu matrame chestaru sir meeru... any way .. ayina meerante naakistam sir,ఇత్లన్తివి ఎందుకు చేస్తారండి మీరు రోత్త చినేమలు matrame చేస్తరు sir meeru... అన్య్ way .. అయిన మీరన్తే నాకిస్తమ్ sir,itlantivi ఎందుకు chestAraMDi meeru rotta cinemalu matrame chestaru sir meeru... any way .. ayina meerante naakistam sir,itlaantivi ఎందుకు చేస్తారండి meeeru rotta cinemalu matrame chestaru sir meeru... any way .. ayina meerante naaakistam sir,itllantivi ఎందుకు చేస్తారండడి meerru rotta cinemaalu matrame chestaru sirr meeeru... any way .. ayina meeerante naakistam siiir,,,,,,,,,,,,,,,
796,,,,,,Best లీడర్ and best పోలీస్.ప్రవీణ్ కుమార్ సర్,Best lIDar and best polIs.pravIN kumAr sar,Best లీడర్ and best పోలీస్.ప్రవీణ్ కుమార్ సర్,Best లీడర్ and best polIs.pravIN kumAr sar,BBest లీడర్ and beest పోలీస్.ప్రవీణ్ కకుమార్ సర్,Best లీడరరర్ andd bbbest పోలీస్.ప్రవీణ్ కుమార్ సరర్,,,,,,,,,,,,,,,
741,,,,,,Waste gaadu ali,Waste gaadu ali,Waste గాదు అలి,Waste gaadu ali,Waste gaadu ali,Wassste gaadu ali,,,,,,,,,,,,,,,
139,,,,,,Rahul dravid vadi moddalo selection  asla chahal hi endhuku tesukole,Rahul dravid vadi moddalo selection  asla chahal hi endhuku tesukole,Rahul dravid vadi మోద్దలో selection  అస్ల చహల్ hi ఏన్ధుకు తేసుకోలే,Rahul dravid vadi moddalo selection  asla chahal hi endhuku tesukole,Rahul ddravid vadi moddalo selection asla chahal hi endhuku tesukole,RRahul dravid vadiii moddaloo selectiiion asla chahal hi endhuku tesukoleee,,,,,,,,,,,,,,,
250,,,,,,సార్ మిమల్ని చూస్తుంటే కొండంత దైర్యం వస్తుంది,sAr mimalni chUstuMTe kòMDaMta dairyaM vastuMdi,సార్ మిమల్ని చూస్తుంటే కొండంత దైర్యం వస్తుంది,సార్ mimalni చూస్తుంటే కొండంత దైర్యం వస్తుంది,సార్ మిమల్ని చూస్తుంటే కొండడంత దైర్యం వస్తుంది,ససార్ మిమల్ని చూస్తతుంటే కొండంత దదైర్యం వససస్తుంది,,,,,,,,,,,,,,,
174,,,,,,"Maatalu jagratha rooja .alaga janam ,kodukulu antunnavv mari antha gb voddu","Maatalu jagratha rooja .alaga janam ,kodukulu antunnavv mari antha gb voddu","ంఆతలు జగ్రథ రూజ .alaga జనమ్ ,kodukulu antunnavv మరి అన్థ gb వోద్దు","Maatalu jagratha rooja .alaga janam ,kodukulu antunnavv mari antha gb voddu","Maaatalu jagratha rrooja .alaga janam ,kodukulu antunnaavv mari antha gb voddu","Maatalu jaggratha rrooja .aalaga janam ,koddukulu antunnavv marri antha gb voddu",,,,,,,,,,,,,,,
323,,,,,,siggu vundali amma jagan lanti erripuk kanna anduku,siggu vundali amma jagan lanti erripuk kanna anduku,సిగ్గు వున్దలి amma jagan lanti ఏర్రిపుక్ కన్న అన్దుకు,siggu vundali amma jagan lanti erripuk kanna anduku,siggu vundali amma jagan lanti erripuk kanna anduku,siggu vuundali amma jagan lanti erripuk kanna anduku,,,,,,,,,,,,,,,
595,,,,,,కొన్ని ఆంధ్ర పందులకి బురదలోనే (ycp)ఆనందం...ఏం చేస్తాం పంది జాతి కదా అట్లాగే ఉంటది,kònni AMdhra paMdulaki buradalone (ycp)AnaMdaM...eM chestAM paMdi jAti kadA aTlAge uMTadi,కొన్ని ఆంధ్ర పందులకి బురదలోనే (ycp)ఆనందం...ఏం చేస్తాం పంది జాతి కదా అట్లాగే ఉంటది,kònni AMdhra పందులకి బురదలోనే (ycp)ఆనందం...ఏం చేస్తాం paMdi jAti కదా అట్లాగే ఉంటది,కొన్ని ఆంధధ్ర పందులకి బురదలోనే (ycp)ఆనందం...ఏం చేస్తాం పంది జజాతి కదా అట్లాగే ఉంటది,కొన్ని ఆంధ్ర పపపందులకి బురదలోనే (ycp)ఆనందం...ఏం చేస్తతాం పపంది జాతతతి కదా అట్లాగే ఉంటటది,,,,,,,,,,,,,,,
525,,,,,,Rey arripuku adhi munda sollu apu ra,Rey arripuku adhi munda sollu apu ra,Rey అర్రిపుకు అధి munda సోల్లు apu ర,Rey arripuku adhi munda sollu apu ra,Rey arripuku adhi munda sollu apu ra,Rey aarripuku adhi munda sollu aapu ra,,,,,,,,,,,,,,,
423,,,,,,నువ్వు ఒక్క రోజు జబర్దస్త్ లో బాలయ్య బాబుతో ఫోన్లో మాట్లాడలేదా వే,nuvvu òkka roju jabardast lo bAlayya bAbuto phonlo mATlADaledA ve,నువ్వు ఒక్క రోజు జబర్దస్త్ లో బాలయ్య బాబుతో ఫోన్లో మాట్లాడలేదా వే,నువ్వు òkka roju jabardast lo బాలయ్య బాబుతో phonlo మాట్లాడలేదా వే,నువవ్వు ఒక్క రోజు జబర్దస్త్ లో బాలయ్య బాబుతో ఫోన్లో మాట్లాడలేదా వే,నువవ్వు ఒక్క రరరోజు జబర్దదస్త్ లో బాలయ్య బాబుతతో ఫోనన్లో మమమాట్లాడలేదా వే,,,,,,,,,,,,,,,
596,,,,,,అన్నా నెక్స్ట్ మూవీ ఇంకా గట్టిగా కొట్టాలి... ఆల్ ది బెస్ట్,annA nèksT mUvI iMkA gaTTigA kòTTAli... Al di bèsT,అన్నా నెక్స్ట్ మూవీ ఇంకా గట్టిగా కొట్టాలి... ఆల్ ది బెస్ట్,annA nèksT mUvI iMkA గట్టిగా kòTTAli... ఆల్ di bèsT,అన్నా నెక్స్ట్ మూవవీ ఇంకకా గట్టిగా కొట్టాలి... ఆల్ ది బెస్ట్,అనన్నా నెక్స్ట్ మమూవీ ఇఇంకా గట్టిగా కొట్టాలి... ఆల్ ది బెసస్ట్,,,,,,,,,,,,,,,
604,,,,,,పెట్టింది పది వేలు.. లాగేది 10కోట్లు,pèTTiMdi padi velu.. lAgedi 10koTlu,పెట్టింది పది వేలు.. లాగేది 10కోట్లు,పెట్టింది పది velu.. లాగేది 10koTlu,పెట్టింది పది వేలు.. లాగేది 10కోటట్లు,పెట్టింది పది వేలు.. లాగేది 10కోట్లు,,,,,,,,,,,,,,,
534,,,,,,Dhani pandhi moham chusi shock avuthada,Dhani pandhi moham chusi shock avuthada,ఢని పన్ధి మోహమ్ చుసి శోచ్క్ అవుథద,Dhani pandhi moham chusi shock avuthada,Dhani panddhi moham chusii shock avuthada,Dhhani pandhi mohaaam chusi shock avuthada,,,,,,,,,,,,,,,
265,,,,,,RK Garu neku interview cheyadam rakapoty miskuni veray vallaku chance evvandi niku respect evvadam teledu,RK Garu neku interview cheyadam rakapoty miskuni veray vallaku chance evvandi niku respect evvadam teledu,RK Gరు నేకు interview చేయదమ్ rakapoty మిస్కుని veray వల్లకు చన్చే ఏవ్వన్ది నికు respect ఏవ్వదమ్ teledu,RK Garu neku interview cheyadam rakapoty miskuni veray vallaku chance evvandi niku respect evvadam teledu,RK Garu neku interview cheyaadam rakkapoty miskuni veray vallaku chhance evvvandi niku respect evvadam teleduu,RK Garu neku interview cheyadaam rakapoty miskuni veray vaaallaku chance evvandi niku respect eeevvadam teleddu,,,,,,,,,,,,,,,
109,,,,,,lanja puk managment valla ma warner mamali vadi velipoyaru,lanja puk managment valla ma warner mamali vadi velipoyaru,lanja puk managment వల్ల ma warner మమలి vadi వేలిపోయరు,lanja puk managment valla ma warner mamali vadi velipoyaru,lanjja puk managment valla ma warner mamali vadii velipoyaru,lanja puk mannnagment vallla ma warnnner mamali vadi veeelipoyaru,,,,,,,,,,,,,,,
666,,,,,,ఒక ప్రజా ప్రతినిధి హోదాలో ఉండి ఇంత దిగజారి మాట్లాడే సంస్కృతి ఈ మధ్య చాలా ఎక్కువైంది,òka prajA pratinidhi hodAlo uMDi iMta digajAri mATlADe saMskRRiti I madhya chAlA èkkuvaiMdi,ఒక ప్రజా ప్రతినిధి హోదాలో ఉండి ఇంత దిగజారి మాట్లాడే సంస్కృతి ఈ మధ్య చాలా ఎక్కువైంది,ఒక prajA ప్రతినిధి హోదాలో ఉండి iMta digajAri mATlADe saMskRRiti ఈ madhya చాలా ఎక్కువైంది,ఒక ప్రజా ప్రతినిధి హోదాలో ఉండి ఇంత దిగజారి మాట్లాడే సంస్కకృతి ఈ మధ్య చాలలా ఎక్కువైంది,ఒక ప్రజా ప్రరతినిధి హోదాలలో ఉండడి ఇంత దిగజారి మాట్లలాడే సససంస్కృతి ఈ మధధ్య చాలలా ఎక్కువైంది,,,,,,,,,,,,,,,
294,,,,,,బాగా చదివినవ్ గా రాసుకుని మరీ.. మధ్యలో మన భార్యలు అన్నావ్ చూడు,bAgA chadivinav gA rAsukuni marI.. madhyalo mana bhAryalu annAv chUDu,బాగా చదివినవ్ గా రాసుకుని మరీ.. మధ్యలో మన భార్యలు అన్నావ్ చూడు,బాగా chadivinav గా rAsukuni marI.. మధ్యలో mana భార్యలు అన్నావ్ చూడు,బాగా చదివినవ్ గా రాసుకుని మరీ.. మధ్యలో మన భార్యయలు అన్నావ్ చచూడు,బబబాగా చదివినవ్ గా రాసుకకకుని మమరీ.. మధ్యలో మన భార్యలు అన్నావ్ చూడడడు,,,,,,,,,,,,,,,
336,,,,,,ముందు ముందు స్పష్టం గా బూతులు మాట్లాడేస్తారు ఏమో,muMdu muMdu spaShTaM gA bUtulu mATlADestAru emo,ముందు ముందు స్పష్టం గా బూతులు మాట్లాడేస్తారు ఏమో,ముందు ముందు స్పష్టం గా బూతులు మాట్లాడేస్తారు ఏమో,ముందు ముందు స్పషష్టం గా బూతులు మాట్లాడేస్తారు ఏమో,మమముందు ముందు స్పష్టం గా బబబూతులు మాట్లలలాడేస్తారు ఏమో,,,,,,,,,,,,,,,
368,,,,,,sharmila nuvvu ooriki ki poyi record dancelu cheskho,sharmila nuvvu ooriki ki poyi record dancelu cheskho,శర్మిల నువ్వు ఊరికి కి poyi record దన్చేలు చేస్ఖో,sharmila nuvvu ooriki ki poyi record dancelu cheskho,sharmila nuvvvu ooriki ki pooyi record dancelu cheskho,sharmiila nuvvvu ooooriki ki pooyi record daancelu chheskho,,,,,,,,,,,,,,,
446,,,,,,"atleast akkadaina vudyogam vacchindi,chaala mandiki adi sampadinche scene ledu le bro","atleast akkadaina vudyogam vacchindi,chaala mandiki adi sampadinche scene ledu le bro","atleast అక్కదైన వుద్యోగమ్ vacchindi,chaala మన్దికి adi సమ్పదిన్చే స్చేనే ledu లే బ్రో","atleast akkadaina vudyogam vacchindi,chaala mandiki adi sampadinche scene ledu le bro","atleast akkadainna vudyogam vacchindii,chaala mandiki adi sampadinche scene ledu le bro","atleast akkadaina vudyogam vvvacchindi,chaala mandikii adddi sampadiinche scene ledu le brooo",,,,,,,,,,,,,,,
333,,,,,,Dress bavundi kaani phone poyindi,Dress bavundi kaani phone poyindi,Dress bavundi కాని ఫోనే poyindi,Dress bavundi kaani phone poyindi,Dress bavuundi kaani phone poyindi,Dress bavundi kaani phooone poyindi,,,,,,,,,,,,,,,
198,,,,,,సోదరులు ఎంత గొడవ ఉన్న ఎవడన్నా తమ్ముడిని ఏమన్నా అంటే రక్తం ఊరుకోదు. అలాగే భారతీయులు కూడా ఉండాలని గొప్పగా చూపించిన రాజమౌళి గారికి ధన్యవాదాలు,sodarulu èMta gòDava unna èvaDannA tammuDini emannA aMTe raktaM Urukodu. alAge bhAratIyulu kUDA uMDAlani gòppagA chUpiMchina rAjamauLi gAriki dhanyavAdAlu,సోదరులు ఎంత గొడవ ఉన్న ఎవడన్నా తమ్ముడిని ఏమన్నా అంటే రక్తం ఊరుకోదు. అలాగే భారతీయులు కూడా ఉండాలని గొప్పగా చూపించిన రాజమౌళి గారికి ధన్యవాదాలు,sodarulu ఎంత గొడవ unna èvaDannA తమ్ముడిని ఏమన్నా aMTe రక్తం ఊరుకోదు. alAge bhAratIyulu కూడా uMDAlani గొప్పగా చూపించిన rAjamauLi గారికి ధన్యవాదాలు,సోదరులు ఎంత గొడవ ఉన్న ఎవడన్నా తమమ్ముడిని ఏమన్నా అంటే రక్తం ఊరుకోదు. అలాగే భారతతీయులు కూడా ఉండాలని గొప్పగా చూపించిన రాజమౌళి గారికి ధన్యవాదాలు,సోదరులు ఎంతతత గొడవ ఉఉఉన్న ఎవడన్నా తమ్ముడిని ఏమన్నా అఅఅంటే రక్తం ఊరుకోదు. అఅలాగే భారతీయులు కకూడా ఉండాలలని గొప్పగా చూపించిన రాజజజమౌళి గారికకకి ధన్యవాదాలు,,,,,,,,,,,,,,,
168,,,,,,Nani inkosari pk speech chudu ... Sollu kakunda raise chesina points gurinchi matladu... Sannasivenuv no doubt,Nani inkosari pk speech chudu ... Sollu kakunda raise chesina points gurinchi matladu... Sannasivenuv no doubt,ణని ఇన్కోసరి pk స్పీచ్ చుదు ... షోల్లు kakunda raise చేసిన points గురిన్చి matladu... Sannasivenuv నో doubt,Nani inkosari pk speech chudu ... Sollu kakunda raise chesina points gurinchi matladu... Sannasivenuv no doubt,Nani inkosari pk sppeech chudu ... Solllu kakuunda raise chesina poinnts gurinchii matladu... Sannasivenuv no doubt,Nani inkosarrri pk speech chudu ... Sooollu kakuuunda rraise chesiiina points gurinchi matlaaadu... Sannasivenuv no dddoubt,,,,,,,,,,,,,,,
481,,,,,,Vaadu feel avvadu... Vaadi answer ki nuv avthav,Vaadu feel avvadu... Vaadi answer ki nuv avthav,Vఆదు fీల్ avvadu... Vఆది answer కి nuv అవ్థవ్,Vaadu feel avvadu... Vaadi answer ki nuv avthav,Vaaadu feel avvadu... Vaadi answer ki nuv avthhav,Vaadu feeeel avvvadu... Vaadi answwer ki nuvv avtthav,,,,,,,,,,,,,,,
723,,,,,,Industry లో ఒక్క remark కూడా లేని ఫ్యామిలీ ఏదైనా ఉందా అంటే అది One And Only Victory Venky Anna Gaari Family Superb Raana Anna,Industry lo òkka remark kUDA leni phyAmilI edainA uMdA aMTe adi One And Only Victory Venky Anna Gaari Family Superb Raana Anna,Industry లో ఒక్క remark కూడా లేని ఫ్యామిలీ ఏదైనా ఉందా అంటే అది Oనే And Only Victory Venky ఆన్న Gారి Family Superb ఱాన ఆన్న,Industry lo òkka remark కూడా leni phyAmilI ఏదైనా ఉందా అంటే adi One And Only Victory Venky Anna Gaari Family Superb Raana Anna,Industry లో ఒక్కక remaark కూడా లేని ఫ్యామిలీ ఏదైనా ఉందా అంటటే అది One And Only Victory Venky Anna Gaari Family Superb RRaana Anna,Industrrry లో ఒక్క remarkk కూడా లేననని ఫ్యామిలీ ఏదదైనా ఉందా అంటే అదది OOOne Annd OOOnly Victtory Venky AAnna Gaari Familyy Superb Raana Anna,,,,,,,,,,,,,,,
655,,,,,,అన్ని ఇచ్చేయాల్సింది బ్రదర్ ఒంటి మీద ఏమి లేకుండా sigu lenu edava laga,anni ichcheyAlsiMdi bradar òMTi mIda emi lekuMDA sigu lenu edava laga,అన్ని ఇచ్చేయాల్సింది బ్రదర్ ఒంటి మీద ఏమి లేకుండా సిగు లేను ఏదవ లగ,అన్ని ఇచ్చేయాల్సింది బ్రదర్ ఒంటి మీద ఏమి lekuMDA sigu lenu edava laga,అన్ని ఇచ్చేయాల్సింది బ్రదర్ ఒంటి మీద ఏమి లేకుండా sigu lenu edava laga,అనన్ని ఇచ్చేయాల్ససింది బ్రదర్ ఒంటి మీదద ఏమి లేకకుండా sigu lenu edava laga,,,,,,,,,,,,,,,
306,,,,,,Mr. Bandi అసలు 2019 కి ముందు ని అస్థి ఎంత ఇప్పుడు నీ ఆస్థి ఎంత..,Mr. Bandi asalu 2019 ki muMdu ni asthi èMta ippuDu nI Asthi èMta..,Mr. Bఅన్ది అసలు 2019 కి ముందు ని అస్థి ఎంత ఇప్పుడు నీ ఆస్థి ఎంత..,Mr. Bandi అసలు 2019 కి ముందు ని asthi ఎంత ippuDu nI ఆస్థి ఎంత..,Mr. Bandi అసలలు 2019 కి మముందు ని అస్థి ఎంత ఇప్పుడు నీ ఆస్థి ఎంత..,Mrr. Banndi అఅసలు 2019 కి ముందు ని అస్థి ఎంతతత ఇప్పుడు నీ ఆఆస్థి ఎంత..,,,,,,,,,,,,,,,
231,,,,,,Vijay devarakonda hype tho dhamal.  Jr NTR next turn. Meeru akashaniki ethe antha great actor emi kaadu..,Vijay devarakonda hype tho dhamal.  Jr NTR next turn. Meeru akashaniki ethe antha great actor emi kaadu..,Vijay devarakonda hype థో dhamal.  Jr NTR next turn. ంఈరు అకశనికి ఏథే అన్థ great actor emi kaadu..,Vijay devarakonda hype tho dhamal.  Jr NTR next turn. Meeru akashaniki ethe antha great actor emi kaadu..,VVijay devarakonda hypee tho dhamal. Jr NTR next turn. Meeru akkashaniki etthe antha greatt acctor emi kkaadu..,VVVijay devarakonda hypee tho dhamal. Jr NTR nnext tuuurn. Meeru akashaniki ethee antha great actor emi kaadu..,,,,,,,,,,,,,,,
422,,,,,,Manchu Family Paruvu kapade Manishi Nuvvu Okkade anna,Manchu Family Paruvu kapade Manishi Nuvvu Okkade anna,ంఅన్చు Family Pఅరువు kapade ంఅనిశి ణువ్వు Okkade అన్న,Manchu Family Paruvu kapade Manishi Nuvvu Okkade anna,Manchu Family Paruvu kapade MManishi Nuvvu Okkade anna,Manchu FFamily Paruuuvu kapadee Manishi Nuvvuu Okkade anna,,,,,,,,,,,,,,,
49,,,,,,Suma garu koncham thagichuko,Suma garu koncham thagichuko,Suma గరు కోన్చమ్ థగిచుకో,Suma garu koncham thagichuko,Suma garu koncham thagichuko,Sumaaa garu konnncham thagichuko,,,,,,,,,,,,,,,
787,,,,,,Amma pai joke enty raaa..... Avulagallraa,Amma pai joke enty raaa..... Avulagallraa,Amma pai joke enty raaa..... ఆవులగల్ల్రా,Amma pai joke enty raaa..... Avulagallraa,Amma pai joke entyy raaaa..... Avulagallraa,Ammma ppai joke enty raaa..... Avulaggallraa,,,,,,,,,,,,,,,
357,,,,,,Arey howle Nizamabad MP Pasupu bord Edhi be Nv esukunna Angi lagu kudha Cangress icchindhe and TELANGANA icchindhi kuda Cangress A meeru cheppe Digital India lo ni AAdhar card kuda Cangress tecchindhe,Arey howle Nizamabad MP Pasupu bord Edhi be Nv esukunna Angi lagu kudha Cangress icchindhe and TELANGANA icchindhi kuda Cangress A meeru cheppe Digital India lo ni AAdhar card kuda Cangress tecchindhe,Arey హోవ్లే Nizamabad MP Pasupu bord Eధి be Nv ఏసుకున్న ఆన్గి లగు కుధ ఛన్గ్రేస్స్ ఇచ్చిన్ధే and ట్Eళాణ్Gాణా ఇచ్చిన్ధి kuda ఛన్గ్రేస్స్ A మీరు చేప్పే Digital India లో ని ఆఆధర్ card kuda ఛన్గ్రేస్స్ తేచ్చిన్ధే,Arey howle Nizamabad MP Pasupu bord Edhi be Nv esukunna Angi lagu kudha Cangress icchindhe and TELANGANA icchindhi kuda Cangress A meeru cheppe Digital India lo ni AAdhar card kuda Cangress tecchindhe,Arey howlle Nizzamabad MP Pasupu bord Edhi be Nv esukunna Angii lagu kudhaa Cangress icchindhe and TELANGANA icchinddhi kuda Cangress A meeru cheppe Digital India lo ni AAdhar card kuda Cangress tecchindhe,Areyyy howle Nizamabad MP Pasuppu borrd Eddhi be Nv esukunna Anngi laagu kudhha Caangress icchindhe and TELANGANNNA icchindhiii kuda Cangress A meeeeru chepppe Digitaaal Indddia lo ni AAdhar card kudda Cangress teccchindhe,,,,,,,,,,,,,,,
86,,,,,,"Nenu vunnanu,nenu vinnanu,nenu chusanu.... all are eligible for the Oscar level performance","Nenu vunnanu,nenu vinnanu,nenu chusanu.... all are eligible for the Oscar level performance","ణేను vunnanu,nenu vinnanu,nenu chusanu.... అల్ల్ are ఏలిగిబ్లే for the Oscar level performance","Nenu vunnanu,nenu vinnanu,nenu chusanu.... all are eligible for the Oscar level performance","Nenu vunnanu,nenu vinnanu,nenu chusanu.... all are eligible for the Oscar level performance","Nenuuu vunnanu,nenu vinnnnanu,nenu chhusanu.... aall areee eligible for theee Oscar lllevel performance",,,,,,,,,,,,,,,
545,,,,,,ఇపుడు కూడ తన తప్పులు ఒప్పుకోవటం లేదు.. pichi munda,ipuDu kUDa tana tappulu òppukovaTaM ledu.. pichi munda,ఇపుడు కూడ తన తప్పులు ఒప్పుకోవటం లేదు.. పిచి munda,ipuDu kUDa tana తప్పులు òppukovaTaM లేదు.. pichi munda,ఇఇపుడు కూడ తన తప్పులు ఒప్పుకోవటం లేదు.. pichi mundda,ఇపపుడు కకూడ తన తతప్పులు ఒప్పుకోవటం లలేదు.. pichi munda,,,,,,,,,,,,,,,
192,,,,,,"అవసరం అయినప్పుడు ప్రాణాలు కి తెగించి పోరాడుతారు మన ఆంద్రప్రదేశ్ పోలీసులు, ఫారెస్ట్ ఆఫీసర్స్. గ్రేట్","avasaraM ayinappuDu prANAlu ki tègiMchi porADutAru mana AMdrapradesh polIsulu, phArèsT AphIsars. greT","అవసరం అయినప్పుడు ప్రాణాలు కి తెగించి పోరాడుతారు మన ఆంద్రప్రదేశ్ పోలీసులు, ఫారెస్ట్ ఆఫీసర్స్. గ్రేట్","avasaraM ayinappuDu ప్రాణాలు ki తెగించి పోరాడుతారు mana ఆంద్రప్రదేశ్ పోలీసులు, phArèsT AphIsars. greT","అవవసరం అయినప్పపుడు ప్రాణాలు కి తెగించి పోరాడడుతారు మన ఆంద్రప్రదేశ్ పోలీసులు, ఫారెస్ట్ ఆఫీసరర్స్. గ్రరేట్","అవసరం అయినప్పుడు ప్రాణాలు కి తెగించి పోరాడుతారు మన ఆంద్రప్రదేశ్ పోలీసులు, ఫారెస్ట్ ఆఫీససర్స్. గగగ్రేట్",,,,,,,,,,,,,,,
795,,,,,,త్వరలోనే పవన్ కళ్యాణ్ గారు ముఖ్యమంత్రి కాబోతున్నారు,tvaralone pavan kaLyAN gAru mukhyamaMtri kAbotunnAru,త్వరలోనే పవన్ కళ్యాణ్ గారు ముఖ్యమంత్రి కాబోతున్నారు,tvaralone పవన్ kaLyAN గారు ముఖ్యమంత్రి kAbotunnAru,త్వరలోనే పపవన్ కళ్యాణ్ గారు ముఖ్యమంత్రి కాబోతున్నారు,త్వరలోనననే పపపవన్ కళ్యాణ్ గగగారు ముఖ్యమంత్రి కాబోతున్నారు,,,,,,,,,,,,,,,
33,,,,,,Arey ni bondha ra chetha na kodaka,Arey ni bondha ra chetha na kodaka,Arey ని బోన్ధ ర చేథ న kodaka,Arey ni bondha ra chetha na kodaka,Arey ni bondha ra chetha na kodaka,Areey ni bondha ra chhhetha na kodaka,,,,,,,,,,,,,,,
31,,,,,,Vedoka pulkagadu vinikanna Prakash Raj better,Vedoka pulkagadu vinikanna Prakash Raj better,Vedoka pulkagadu వినికన్న Pరకశ్ Raj బేత్తేర్,Vedoka pulkagadu vinikanna Prakash Raj better,Vedoka ppulkagadu vinikanna Prakash Raj better,Vedoka pulllkagadu vinnikanna Prakash Rajj better,,,,,,,,,,,,,,,
199,,,,,,"తెలంగాణ ఉద్యమ గీతాల నుండి, మాస్ గీతాల మీదికి రూట్ మార్చిన మంగ్లీ","tèlaMgANa udyama gItAla nuMDi, mAs gItAla mIdiki rUT mArchina maMglI","తెలంగాణ ఉద్యమ గీతాల నుండి, మాస్ గీతాల మీదికి రూట్ మార్చిన మంగ్లీ","tèlaMgANa ఉద్యమ gItAla నుండి, మాస్ గీతాల మీదికి rUT మార్చిన maMglI","తెలంగాణ ఉద్యమ గీతాల నుండి, మాస్ గీతాల మీదికకి రూట్ మార్చచిన మంగగ్లీ","తెలలంగాణ ఉద్యమ గీతాల ననుండి, మాస్ గీతాల మీదికకి రూట్ మారర్చిన మంగ్లీ",,,,,,,,,,,,,,,
365,,,,,,ఆలోచన చేస్తున్నాం డ్రామా రావ్ ఈసారి మిమ్మల్ని ఓడించాలి అని,Alochana chestunnAM DrAmA rAv IsAri mimmalni oDiMchAli ani,ఆలోచన చేస్తున్నాం డ్రామా రావ్ ఈసారి మిమ్మల్ని ఓడించాలి అని,Alochana chestunnAM DrAmA రావ్ IsAri mimmalni ఓడించాలి అని,ఆలోచన చేస్తున్నాం డ్రామా రావ్ ఈఈసారి మిమ్మల్ని ఓడించాలి అని,ఆలోచన చేస్తున్నాం డ్రామమా రావవవ్ ఈసారి మిమ్మల్ని ఓడించాలి అఅఅని,,,,,,,,,,,,,,,
486,,,,,,ఇంత ఫిట్ బాడీ ఉండి అప్పు అన్న అల మరణించడం బాధగా ఉంది,iMta phiT bADI uMDi appu anna ala maraNiMchaDaM bAdhagA uMdi,ఇంత ఫిట్ బాడీ ఉండి అప్పు అన్న అల మరణించడం బాధగా ఉంది,iMta phiT బాడీ ఉండి అప్పు అన్న ala మరణించడం bAdhagA ఉంది,ఇంత ఫిట్ బాడడీ ఉండి అప్పు అన్న అల మరణించడం బాధగా ఉంది,ఇంతత ఫిట్ బాడీ ఉఉండి అప్పు అఅన్న అల మరణించచచడం బాధగా ఉంది,,,,,,,,,,,,,,,
594,,,,,,niku family undi gah ra jagratamma venkata,niku family undi gah ra jagratamma venkata,నికు family undi gah ర jagratamma venkata,niku family undi gah ra jagratamma venkata,niku familly uundi gah ra jagratamma venkkata,nikkku family unndi gggah ra jagratamma venkata,,,,,,,,,,,,,,,
568,,,,,,Vadapav gaadu icc trophy elaa win aiythadoo neenu chusthaa,Vadapav gaadu icc trophy elaa win aiythadoo neenu chusthaa,Vadapav గాదు icc త్రోఫ్య్ ఏలా win ఐయ్థదూ నీను చుస్థా,Vadapav gaadu icc trophy elaa win aiythadoo neenu chusthaa,VVadapav gaadu icc trophy elaaa win aiythadoo neenu chustthaa,Vadapav ggaadu iicc troophy ellaa winn aiythadoo neennu chusthaa,,,,,,,,,,,,,,,
428,,,,,,క్షవరం అయితే గానీ వివరం తెలియదు లెండి.... పృధ్వీ గారు,kShavaraM ayite gAnI vivaraM tèliyadu lèMDi.... pRRidhvI gAru,క్షవరం అయితే గానీ వివరం తెలియదు లెండి.... పృధ్వీ గారు,kShavaraM అయితే gAnI వివరం తెలియదు lèMDi.... pRRidhvI గారు,కక్షవరం అయితే గానీ వివరం తెలియయదు లెండి.... పపృధ్వీ గారు,క్షవవరం అయితే గానననీ వవవివరం తెలియదు లెండి.... పృధ్వవీ గారు,,,,,,,,,,,,,,,
137,,,,,,Allu aravind garilo manchi actor vunnaru hilarious,Allu aravind garilo manchi actor vunnaru hilarious,ఆల్లు aravind గరిలో మన్చి actor వున్నరు hilarious,Allu aravind garilo manchi actor vunnaru hilarious,Allu aravind garillo manchhi actor vunnaru hilarious,Allu aravind garilo manchi actttor vunnaru hilarious,,,,,,,,,,,,,,,
72,,,,,,asla murmu president ela ayindhi india parvu poyindhi ni karra mokham eskoni,asla murmu president ela ayindhi india parvu poyindhi ni karra mokham eskoni,అస్ల murmu president ఏల అయిన్ధి india పర్వు పోయిన్ధి ని కర్ర మోఖమ్ ఏస్కోని,asla murmu president ela ayindhi india parvu poyindhi ni karra mokham eskoni,asla murmu ppresident ela ayindhi inddia parvu poyindhhi ni karra mokham eskoni,assla murmmmu president eela ayindhi india parvuu poyindhi ni karra mokham eskkoni,,,,,,,,,,,,,,,
77,,,,,,మేడం కు ఉక్క పోస్తునట్టుంది సంకలో బాడీ వేసుకుంది,meDaM ku ukka postunaTTuMdi saMkalo bADI vesukuMdi,మేడం కు ఉక్క పోస్తునట్టుంది సంకలో బాడీ వేసుకుంది,meDaM కు ఉక్క పోస్తునట్టుంది saMkalo bADI వేసుకుంది,మేడం కు ఉక్క పోస్తుననట్టుంది సంకలో బబాడీ వేసుకుంది,మేడం కు ఉఉక్క పోస్తునటట్టుంది సంకలో బాడీ వేససుకుంది,,,,,,,,,,,,,,,
512,,,,,,నువ్వు చాలా చాలా బాగున్నావు. పర్ఫెక్ట్ గా ఉన్నావ్.. మీరు నాకు నచ్చారు,nuvvu chAlA chAlA bAgunnAvu. parphèkT gA unnAv.. mIru nAku nachchAru,నువ్వు చాలా చాలా బాగున్నావు. పర్ఫెక్ట్ గా ఉన్నావ్.. మీరు నాకు నచ్చారు,నువ్వు chAlA చాలా bAgunnAvu. పర్ఫెక్ట్ gA ఉన్నావ్.. మీరు nAku నచ్చారు,నువవ్వు చాలా చాలా బాగున్నావు. పర్ఫెక్ట్ గా ఉన్నావ్.. మీరు నాకకు నచ్చచారు,నువవ్వు చచచాలా చాలా బాగగున్నావు. పరర్ఫెక్ట్ గా ఉన్నావవవ్.. మీరరు నాకు నచ్చారు,,,,,,,,,,,,,,,
783,,,,,,Mahesh smile ...pure soul,Mahesh smile ...pure soul,ంఅహేశ్ స్మిలే ...pure soul,Mahesh smile ...pure soul,Mahesh smile ...pure soul,MMMahesh smileee ...pureee ssoul,,,,,,,,,,,,,,,
786,,,,,,మీరు మాకు దూరం అవ్వడం మా దురదృష్టం,mIru mAku dUraM avvaDaM mA duradRRiShTaM,మీరు మాకు దూరం అవ్వడం మా దురదృష్టం,మీరు మాకు దూరం అవ్వడం మా దురదృష్టం,మీరరు మాకు దూరం అవ్వడం మా దురదృష్టం,మీరు మాకు దూరం అవ్వడడం మా దురదృష్టం,,,,,,,,,,,,,,,
275,,,,,,oka ammai vi vundhi natho argue chesthava puku mosukoni inti panulu cheyi,oka ammai vi vundhi natho argue chesthava puku mosukoni inti panulu cheyi,oka ammai వి వున్ధి నథో argue చేస్థవ పుకు మోసుకోని inti పనులు చేయి,oka ammai vi vundhi natho argue chesthava puku mosukoni inti panulu cheyi,oka ammai vi vundhi natho arggue chesthava puku mosukoni intii panuulu cheyi,ooka ammai vi vundhi nnnatho arguuue chesthavvva puku mosuukoni innti panulllu cheyi,,,,,,,,,,,,,,,
361,,,,,,వీడికి ఇంత మంది అవసరమా వోవర్ కూడా,vIDiki iMta maMdi avasaramA vovar kUDA,వీడికి ఇంత మంది అవసరమా వోవర్ కూడా,vIDiki ఇంత మంది avasaramA వోవర్ kUDA,వీడికి ఇంత మంది అవవసరమా వోవర్ కూడా,వీడికి ఇఇంత మంది అవసరమా వోవవర్ కకూడా,,,,,,,,,,,,,,,
96,,,,,,Hi ra T.R.S. kukka…,Hi ra T.R.S. kukka…,Hi ర T.R.S. kukka…,Hi ra T.R.S. kukka…,Hi ra T.R.SS. kukka…,Hi ra T.R.SS. kukka…,,,,,,,,,,,,,,,
641,,,,,,Chala worst ga undi,Chala worst ga undi,ఛల worst గ undi,Chala worst ga undi,Chala worst ga undi,Chala worst ga undi,,,,,,,,,,,,,,,
715,,,,,,బాలయ్య బాబు అభిమానిని ఈ సినిమా పెద్ద ఇటు కొట్టాలని మనస్పూర్తిగా కోరుకుంటున్నాను జై బాలయ్య జై చిరంజీవ,bAlayya bAbu abhimAnini I sinimA pèdda iTu kòTTAlani manaspUrtigA korukuMTunnAnu jai bAlayya jai chiraMjIva,బాలయ్య బాబు అభిమానిని ఈ సినిమా పెద్ద ఇటు కొట్టాలని మనస్పూర్తిగా కోరుకుంటున్నాను జై బాలయ్య జై చిరంజీవ,బాలయ్య bAbu abhimAnini ఈ sinimA పెద్ద ఇటు కొట్టాలని manaspUrtigA కోరుకుంటున్నాను జై bAlayya జై చిరంజీవ,బాలయ్య బాబు అభిమానిని ఈ సినిమా పెద్ద ఇటు కొట్టాలలని మమనస్పూర్తిగా కోరుకకుంటున్నాను జై బాలయ్య జై చిరంజీవ,బబాలయ్య బబాబు అభిమానిని ఈ సినననిమా పెదద్ద ఇటటు కకకొట్టాలని మనస్పపూర్తిగా కోరుకుంటున్నాను జై బబబాలయ్య జై చిరంజీవ,,,,,,,,,,,,,,,
281,,,,,,Tokka kooda oppukonu,Tokka kooda oppukonu,Tokka కూద ఓప్పుకోను,Tokka kooda oppukonu,Tokka kooda oppukonu,Tokka kooda oppukooonu,,,,,,,,,,,,,,,
393,,,,,,Sudheer ni timingi timing anna,Sudheer ni timingi timing anna,షుధీర్ ని తిమిన్గి తిమిన్గ్ అన్న,Sudheer ni timingi timing anna,Sudheer ni timingi timing anna,Sudheer ni timingi timing anna,,,,,,,,,,,,,,,
628,,,,,,Me Bathukulu yenduku ra,Me Bathukulu yenduku ra,Me Bఅథుకులు యేన్దుకు ర,Me Bathukulu yenduku ra,Me Bathukulu yenduku ra,Me Bathukulllu yenduku ra,,,,,,,,,,,,,,,
608,,,,,,Re charge ayepothe Ela ra Google open avrhundu,Re charge ayepothe Ela ra Google open avrhundu,ఱే చర్గే అయేపోథే Eల ర Gూగ్లే open avrhundu,Re charge ayepothe Ela ra Google open avrhundu,Re charge ayepothe Ela ra Gooogle opeen avrhundu,Re charge ayepotheee EEla ra Google opennn avrhundu,,,,,,,,,,,,,,,
705,,,,,,Andhariki rajamouli rgv inspiration emo naku meere inspiration.....words can do more than action....mee laga knowledge gain cheyyali sir nenu,Andhariki rajamouli rgv inspiration emo naku meere inspiration.....words can do more than action....mee laga knowledge gain cheyyali sir nenu,ఆన్ధరికి రజమోఉలి rgv inspiration emo నకు మీరే inspiration.....words can do మోరే థన్ action....mee లగ క్నోవ్లేద్గే gain చేయ్యలి sir నేను,Andhariki rajamouli rgv inspiration emo naku meere inspiration.....words can do more than action....mee laga knowledge gain cheyyali sir nenu,Andhariki rajamouli rgv inspiration emo naaku meeere inspiration.....words can do more than action....meee laga knowledge gain cheyyali sir nenu,Andharikiii rajamouuuli rgvv inspirationn emo nakuuu meere inspirattion.....words caan do mooore thaaan action....mee laaaga knowlledge gaiiin cheyyali sir nenu,,,,,,,,,,,,,,,
754,,,,,,వేణు స్వామీ మీ మాటలు అన్నీ అబద్దం.,veNu svAmI mI mATalu annI abaddaM.,వేణు స్వామీ మీ మాటలు అన్నీ అబద్దం.,veNu స్వామీ మీ mATalu annI అబద్దం.,వేణు స్వామీ మీ మాటలు అఅన్నీ అబద్దం.,వేణు స్వామీ మీ మమమాటలు అన్నననీ అబబబద్దం.,,,,,,,,,,,,,,,
54,,,,,,Jayamu jayamu chandranna jayamu neeku chandranna,Jayamu jayamu chandranna jayamu neeku chandranna,Jayamu jayamu చన్ద్రన్న jayamu నీకు చన్ద్రన్న,Jayamu jayamu chandranna jayamu neeku chandranna,Jayamu jayamu chandranna jaayamu neeku chandranna,Jayamu jayammmu chandranna jayamu neeku channdranna,,,,,,,,,,,,,,,
750,,,,,,​Ap state nu sarwa nasanam chesaru,​Ap state nu sarwa nasanam chesaru,​Ap state ను sarwa నసనమ్ చేసరు,​Ap state nu sarwa nasanam chesaru,​Ap sstate nu sarwa nasanam chesaru,​Appp state nu sarwwa nasanam cchesaru,,,,,,,,,,,,,,,
155,,,,,,A B N  MD రాధాకృష్ణ గారి కి  చుక్కలు చూపించిన   ''K A పాల్ గారు'' మీరు సూపర్ సార్ నీ మాటల్లో నిజాయితీ కల్పిస్తుంది..,A B N  MD rAdhAkRRiShNa gAri ki  chukkalu chUpiMchina   ''K A pAl gAru'' mIru sUpar sAr nI mATallo nijAyitI kalpistuMdi..,A B N  MD రాధాకృష్ణ గారి కి  చుక్కలు చూపించిన   ''K A పాల్ గారు'' మీరు సూపర్ సార్ నీ మాటల్లో నిజాయితీ కల్పిస్తుంది..,A B N  MD rAdhAkRRiShNa గారి కి  chukkalu చూపించిన   ''K A పాల్ gAru'' మీరు సూపర్ sAr nI mATallo నిజాయితీ కల్పిస్తుంది..,A B N MD రాధాకృష్ణ గారి కి చుక్కలు చూపించిన ''K A పాల్ గారు'' మీరు సూపర్ సార్ నీ మాటల్లో నిజజాయితీ కల్పిస్తతుంది..,A B N MD రాధాకృష్ణ గగారి కి చుక్కకలు చూపపించిన ''KK A పాల్ గారు'' మమమీరు సూపరర్ సార్ నీ మాటటటల్లో నిజాయితతీ కల్పిస్తుంది..,,,,,,,,,,,,,,,
432,,,,,,Neelanti  vallu  valla  nijame ayina devunuki  avamanam jarukutundhi,Neelanti  vallu  valla  nijame ayina devunuki  avamanam jarukutundhi,ణీలన్తి  వల్లు  వల్ల  nijame అయిన దేవునుకి  అవమనమ్ జరుకుతున్ధి,Neelanti  vallu  valla  nijame ayina devunuki  avamanam jarukutundhi,Neelanti vallu valla nijame ayinaa devunuki avamanam jarukutundhi,Neelanttti vallu valla nijamee ayiina devunuki avamanam jarukutundhi,,,,,,,,,,,,,,,
97,,,,,,Fans ki respect Ivvslira arye ntira,Fans ki respect Ivvslira arye ntira,Fans కి respect ఈవ్వ్స్లిర arye న్తిర,Fans ki respect Ivvslira arye ntira,Fans ki respect Ivvslira arye ntira,Fans ki respect Ivvslira aryye ntira,,,,,,,,,,,,,,,
120,,,,,,Die hard fan frm Kerala  Nenu choosina pedha actor uh Tollywood lo Pawan Garuu,Die hard fan frm Kerala  Nenu choosina pedha actor uh Tollywood lo Pawan Garuu,Die hard fan frm Kేరల  ణేను చూసిన పేధ actor uh టోల్ల్య్వూద్ లో Pawan Gరూ,Die hard fan frm Kerala  Nenu choosina pedha actor uh Tollywood lo Pawan Garuu,Die hard fan frm Kerala Nenuu choosina ppedha actor uh Tollywood lo Pawan Garuu,Diee haaard ffan frm Kerrala NNenu choosina peddha actor uh Tollywood lo Pawannn Garuu,,,,,,,,,,,,,,,
76,,,,,,నువ్వు తెరాస పార్టీ ..ఉంపుడు గత్తేనె కదా రా నువ్వు,nuvvu tèrAsa pArTI ..uMpuDu gattenè kadA rA nuvvu,నువ్వు తెరాస పార్టీ ..ఉంపుడు గత్తేనె కదా రా నువ్వు,nuvvu తెరాస pArTI ..uMpuDu గత్తేనె కదా rA nuvvu,నువ్వు తెరాస పపార్టీ ..ఉంపుడు గత్తేనె కదా రా నువ్వు,నువ్వవవు తెరాస పార్టీ ..ఉఉంపుడు గత్తేనె కదదదా రా నువ్వు,,,,,,,,,,,,,,,
204,,,,,,దీనమ్మ దీని కి ఇంకా ఏం పనిలేదా..,dInamma dIni ki iMkA eM paniledA..,దీనమ్మ దీని కి ఇంకా ఏం పనిలేదా..,dInamma దీని కి iMkA eM పనిలేదా..,దీనమ్మ దీని కి ఇంకా ఏం పనిలేదదా..,దీనమమమ్మ దదీని కి ఇంకా ఏం పనిలేదా..,,,,,,,,,,,,,,,
352,,,,,,Avnu nenu mimmalni chusanu chaala sarl,Avnu nenu mimmalni chusanu chaala sarl,ఆవ్ను నేను మిమ్మల్ని చుసను చాల sarl,Avnu nenu mimmalni chusanu chaala sarl,Avvnu nenu mimmalni chusanu chaala sarl,Avnu nenu mimmalni chusannnu ccchaala sarll,,,,,,,,,,,,,,,
764,,,,,,Niku cheppada kohili one day adanu ani,Niku cheppada kohili one day adanu ani,ణికు చేప్పద కోహిలి ఓనే day అదను అని,Niku cheppada kohili one day adanu ani,Niku cheppada kohilli one day adanu ani,Niiku cccheppada kohili one day adannnu ani,,,,,,,,,,,,,,,
208,,,,,,రమణ గారు సూపర్ గా పాడేరు మళ్లి మళ్లి వినాలి అనిపిస్తుంది మీకు అ దేవుడు ఇంక మంచి స్తాయిలో వుంచాలి అని కోరుకుంటాను,ramaNa gAru sUpar gA pADeru maLli maLli vinAli anipistuMdi mIku a devuDu iMka maMchi stAyilo vuMchAli ani korukuMTAnu,రమణ గారు సూపర్ గా పాడేరు మళ్లి మళ్లి వినాలి అనిపిస్తుంది మీకు అ దేవుడు ఇంక మంచి స్తాయిలో వుంచాలి అని కోరుకుంటాను,ramaNa గారు సూపర్ gA pADeru maLli మళ్లి వినాలి anipistuMdi మీకు a దేవుడు ఇంక మంచి stAyilo వుంచాలి అని కోరుకుంటాను,రమణ గారరు సూపర్ గా పాడేరరు మళళ్లి మళ్లి వినాలి అనిపిస్తుంది మీకు అ దేవుడు ఇంక మంచి స్తాయిలో వుంచాలి అని కోరుకుంటాను,రమణణ గారరరు సూపర్ గా పాడేరు మళళళ్లి మళ్లలి వినాలి అనిపిస్తుంది మీకు అ దేవుడు ఇంక మంచి ససస్తాయిలో వుంచాలి అని కోరుకుంటాను,,,,,,,,,,,,,,,
367,,,,,,ఒరేయ్ ముసిల్డాన్ని కూడా వదల వారా,òrey musilDAnni kUDA vadala vArA,ఒరేయ్ ముసిల్డాన్ని కూడా వదల వారా,òrey ముసిల్డాన్ని kUDA vadala vArA,ఒరరేయ్ ముసిల్డాన్ని కూడా వదల వారా,ఒరేయ్ ముసిల్డాన్ని కూడా వవదల వారా,,,,,,,,,,,,,,,
425,,,,,,ఇంత పరిజ్ఞానం ఉన్న సీఎం ఆంధ్రకి సీఎం కావడం ఎన్నో జన్మల పుణ్యం,iMta parij~nAnaM unna sIèM AMdhraki sIèM kAvaDaM ènno janmala puNyaM,ఇంత పరిజ్ఞానం ఉన్న సీఎం ఆంధ్రకి సీఎం కావడం ఎన్నో జన్మల పుణ్యం,ఇంత పరిజ్ఞానం unna సీఎం AMdhraki సీఎం kAvaDaM ఎన్నో జన్మల puNyaM,ఇంత పరిజ్ఞానం ఉన్న సీఎం ఆంధ్రకి సీఎం కావడం ఎఎన్నో జన్మల పుణ్యం,ఇంతతత పరిజ్ఞానం ఉన్నన సససీఎం ఆంధ్రకి సీఎఎం కావవడం ఎఎఎన్నో జననన్మల పుణణణ్యం,,,,,,,,,,,,,,,
515,,,,,,Naku prabhas anna ento rana anna kuda antey,Naku prabhas anna ento rana anna kuda antey,ణకు ప్రభస్ అన్న ento రన అన్న kuda antey,Naku prabhas anna ento rana anna kuda antey,Naaku prabhas anna ento rana annna kkuda antey,Naku prabhas annna entooo raaana anna kudaa antey,,,,,,,,,,,,,,,
84,,,,,,పవన్ కళ్యాణ్ గారు   తమ్ముడు.... మోహన్ బాబు అనే సరికి  అన్నయ్య చిరంజీవి గారు చిన్నపిల్లోడిలా నవ్వుతుంటే ఎంత ఎంత అందగా ఉన్నాడో అన్నయ్య,pavan kaLyAN gAru   tammuDu.... mohan bAbu ane sariki  annayya chiraMjIvi gAru chinnapilloDilA navvutuMTe èMta èMta aMdagA unnADo annayya,పవన్ కళ్యాణ్ గారు   తమ్ముడు.... మోహన్ బాబు అనే సరికి  అన్నయ్య చిరంజీవి గారు చిన్నపిల్లోడిలా నవ్వుతుంటే ఎంత ఎంత అందగా ఉన్నాడో అన్నయ్య,pavan కళ్యాణ్ గారు   tammuDu.... మోహన్ బాబు ane sariki  annayya చిరంజీవి గారు చిన్నపిల్లోడిలా నవ్వుతుంటే ఎంత èMta aMdagA unnADo అన్నయ్య,పవన్ కళ్యాణ్ గారు తమ్ముడు.... మోహన్ బాబు అనే సరికి అన్నయ్య చిరంజీవి గారు చిన్నపిల్లోడిలా నవ్వుతుంటే ఎంత ఎంత అఅందగా ఉన్నాడో అన్నయ్య,పవన్ కళ్యాణ్ గారు తమమ్ముడు.... మోహన్ బాబు అనననే సరికి అన్నయ్య చిరరంజీవి గారు చిన్ననపిల్లోడిలా నవ్వుతుంటే ఎంతతత ఎఎంత అందదగా ఉన్నాడో అన్నయ్య,,,,,,,,,,,,,,,
10,,,,,,సంస్కారవంతమైన కుటుంబం,saMskAravaMtamaina kuTuMbaM,సంస్కారవంతమైన కుటుంబం,సంస్కారవంతమైన కుటుంబం,సంస్కారవంతమైన కుటుంబం,సంస్కారవంతమమైన కుటటుంబం,,,,,,,,,,,,,,,
720,,,,,,"తన స్వయం కృషి తో కష్టపడి, తన నటనతో ప్రేక్షకుల హృదయాల్లో చెరగని ముద్ర వేసుకున్న మన మెగాస్టార్ చిరంజీవి","tana svayaM kRRiShi to kaShTapaDi, tana naTanato prekShakula hRRidayAllo chèragani mudra vesukunna mana mègAsTAr chiraMjIvi","తన స్వయం కృషి తో కష్టపడి, తన నటనతో ప్రేక్షకుల హృదయాల్లో చెరగని ముద్ర వేసుకున్న మన మెగాస్టార్ చిరంజీవి","tana స్వయం కృషి తో kaShTapaDi, tana naTanato prekShakula hRRidayAllo chèragani mudra vesukunna మన మెగాస్టార్ చిరంజీవి","తన స్వయయం కృషి తో కష్టపడి, తన నటనతో ప్రేక్షకుల హృదయాల్లో చెరగగని ముద్ర వేసుకున్న మన మెగాస్టార్ చిరంజీవి","తన స్వయం కృషి తో కకష్టపడి, తన నటనతో ప్రేక్షకుల హృదయాల్లో చెరరగని ముద్ర వేససుకున్న మన మెగాస్టార్ చిరరంజీవి",,,,,,,,,,,,,,,
110,,,,,,ఫస్ట్ నీతులు చెప్పావు కదా డబ్బు వద్దని ఇప్పుడు ఎందుకు తీసుకోమంటున్నావ్..,phasT nItulu chèppAvu kadA Dabbu vaddani ippuDu èMduku tIsukomaMTunnAv..,ఫస్ట్ నీతులు చెప్పావు కదా డబ్బు వద్దని ఇప్పుడు ఎందుకు తీసుకోమంటున్నావ్..,phasT నీతులు chèppAvu కదా Dabbu vaddani ippuDu ఎందుకు tIsukomaMTunnAv..,ఫస్టట్ నీతులు చెప్పావు కదా డడబ్బు వద్దని ఇప్పపుడు ఎందుకు తీసుకోమంటున్నావ్..,ఫస్ట్ నీతులు చెప్పావు కదా డబ్బు వద్దని ఇప్పుడు ఎందదుకు తీసుకోమంటున్నావవవ్..,,,,,,,,,,,,,,,
521,,,,,,Washing powder NIRMA neevu maa mukyamantri awadam maa KARRMA,Washing powder NIRMA neevu maa mukyamantri awadam maa KARRMA,Wఅశిన్గ్ powder NIRMA నీవు మా ముక్యమన్త్రి అవదమ్ మా Kాఱ్ఱ్ంఆ,Washing powder NIRMA neevu maa mukyamantri awadam maa KARRMA,Washing powder NIRMA neevu maa mukyamantri awadam maa KARRMA,Washinggg powdder NNNIRMA nneevu maa mukyammantri awadam mmaa KARRMA,,,,,,,,,,,,,,,
777,,,,,,jagan gabbu gadu cbn pettina manchi padakalu ni tolagichi auto valla ki 10000rs esthunnaru,jagan gabbu gadu cbn pettina manchi padakalu ni tolagichi auto valla ki 10000rs esthunnaru,jagan gabbu gadu cbn పేత్తిన మన్చి పదకలు ని తోలగిచి auto వల్ల కి 10000rs ఏస్థున్నరు,jagan gabbu gadu cbn pettina manchi padakalu ni tolagichi auto valla ki 10000rs esthunnaru,jjagan gabbu gadu cbn pettina manchi padakalu ni tolagichi auto valla ki 10000rs esthunnaru,jagann gaaabbu gadu ccbn pettina manchi padakaaalu ni tolagichiii auuto vallla ki 10000rs esthunnaru,,,,,,,,,,,,,,,
209,,,,,,Aaa Voice lo unna rajasa yogame vere level Jai Prabhas Anna,Aaa Voice lo unna rajasa yogame vere level Jai Prabhas Anna,ఆఆ Voice లో ఉన్న rajasa yogame వేరే level Jai Pరభస్ ఆన్న,Aaa Voice lo unna rajasa yogame vere level Jai Prabhas Anna,Aaa Voicce lo unna rajasa yogame vere level Jai Prabhas Anna,AAAaa Voice lo unna rajasaa yogame vere level Jai Prabhas Annaa,,,,,,,,,,,,,,,
235,,,,,,అంత చిరాగ్గా వుంటే.. స్టేజ్ మీద కి ఎందుకెల్లార్ సార్,aMta chirAggA vuMTe.. sTej mIda ki èMdukèllAr sAr,అంత చిరాగ్గా వుంటే.. స్టేజ్ మీద కి ఎందుకెల్లార్ సార్,అంత chirAggA వుంటే.. స్టేజ్ మీద ki ఎందుకెల్లార్ sAr,అంత చిరరాగ్గా వుంటే.. స్టేజ్ మీద కి ఎందుకెల్లార్ ససార్,అంతత చిరాగ్గా వుంటే.. స్టేజజ్ మమమీద కి ఎందుకెల్లార్ సార్,,,,,,,,,,,,,,,
316,,,,,,shaq modda ante vunnavu ra kevin neku enduku affair,shaq modda ante vunnavu ra kevin neku enduku affair,శq్ మోద్ద ante వున్నవు ర kevin నేకు ఏన్దుకు affair,shaq modda ante vunnavu ra kevin neku enduku affair,shaq modda aante vunnnavu ra kevin neku enduku affair,shaq modddda ante vunnavuu ra kevin neku endukuuu affair,,,,,,,,,,,,,,,
388,,,,,,వామ్మో సూపర్ చిట్టి thalli ️ ఆక్షన్ కే ప్రాణం పోసెల అన్నవ్ రా mummy,vAmmo sUpar chiTTi thalli ️ AkShan ke prANaM posèla annav rA mummy,వామ్మో సూపర్ చిట్టి థల్లి ️ ఆక్షన్ కే ప్రాణం పోసెల అన్నవ్ రా mummy,vAmmo సూపర్ chiTTi thalli ️ ఆక్షన్ ke prANaM పోసెల annav రా mummy,వామ్మో సూపర్ చిట్టి thhalli ️ ఆకక్షన్ కే ప్రాణం పోసెల అన్నవ్ రా mmummy,వామ్మో సూపపపర్ చిట్టి thalli ️ ఆకక్షన్ కే ప్రాణం పోసెల అననన్నవ్ రా mummy,,,,,,,,,,,,,,,
118,,,,,,rechipothunnaru adhikaram lo unnaru ani ahamkara dhorani,rechipothunnaru adhikaram lo unnaru ani ahamkara dhorani,రేచిపోథున్నరు అధికరమ్ లో ఉన్నరు అని అహమ్కర ధోరని,rechipothunnaru adhikaram lo unnaru ani ahamkara dhorani,rechipothunnaru adhikaram lo uunnaru ani ahamkaraa dhoraani,rechipothunnaru adhikaaram lo unnaru ani ahamkara dhorani,,,,,,,,,,,,,,,
719,,,,,,E roju e liger movie chusa uttar flop movie jeevitham meedha virakthi puttipoyindhi,E roju e liger movie chusa uttar flop movie jeevitham meedha virakthi puttipoyindhi,E roju e liger movie చుస ఉత్తర్ flop movie జీవిథమ్ మీధ విరక్థి పుత్తిపోయిన్ధి,E roju e liger movie chusa uttar flop movie jeevitham meedha virakthi puttipoyindhi,E rooju e liger movie cchusa uttar flop movie jeevitham meedha virakthi puttipoyindhi,E rrroju e liger moovie chusaaa utttar fllop movvvie jeevitham meedha viirakthi puttiipoyindhi,,,,,,,,,,,,,,,
210,,,,,,"Jetla
​INDIA ni developed cheyadam evarivalla kadani thelisipoindi prajalaki.....unnodi inka unnntha lenodiki inka lenantha....life tho brathakali thappadu","Jetla
​INDIA ni developed cheyadam evarivalla kadani thelisipoindi prajalaki.....unnodi inka unnntha lenodiki inka lenantha....life tho brathakali thappadu","zేత్ల
​INDIA ని developed చేయదమ్ ఏవరివల్ల కదని థేలిసిపోఇన్ది prajalaki.....unnodi inka ఉన్న్న్థ లేనోదికి inka lenantha....life థో బ్రథకలి థప్పదు","Jetla
​INDIA ni developed cheyadam evarivalla kadani thelisipoindi prajalaki.....unnodi inka unnntha lenodiki inka lenantha....life tho brathakali thappadu",Jetlaa ​INDIA ni developed cheyadam evarivallla kadani thelisipoindi prajalaki.....unnodi inka unnntha lenodikii iinka lenantha....life tho brathakali thapppadu,Jeeetla ​INDIA ni deveeloped cheyadaam evvvarivalla kadani ttthelisipoindi prajalaki.....unnnnodi inka unnntha lennnodiki inkkka lenantha....liife tho brathakali thappadu,,,,,,,,,,,,,,,
254,,,,,,బ్లాక్ సారీ లో బాగుంది,blAk sArI lo bAguMdi,బ్లాక్ సారీ లో బాగుంది,blAk sArI లో బాగుంది,బ్లాకక్ సారీ లో బాగగుంది,బ్లాక్ సారరరీ లో బబాగుంది,,,,,,,,,,,,,,,
591,,,,,,Yenta mandhi stars vunna PAWAN KALYAN YE  POWER STAR,Yenta mandhi stars vunna PAWAN KALYAN YE  POWER STAR,Yenta మన్ధి stars వున్న PAWAN KALYAN YE  POWER STAR,Yenta mandhi stars vunna PAWAN KALYAN YE  POWER STAR,Yenta mmandhi stars vunna PAWAN KALYAN YE POWER STAR,Yeenta manddhi stars vunna PAWAAN KAALYAN YE POWEEER STAR,,,,,,,,,,,,,,,
29,,,,,,నీతి నిజాయితీ లకు మారు పేరుగా నిలిచిన వ్యక్తి ఆళ్ళ రామకృష్ణారెడ్డి. అమరావతి రైతులకోసం నిజమైన పోరాటం చేసిన వ్యక్తి. ఆయన పదికాలాలపాటు చల్లగా ఉండాలి.,nIti nijAyitI laku mAru perugA nilichina vyakti ALLa rAmakRRiShNArèDDi. amarAvati raitulakosaM nijamaina porATaM chesina vyakti. Ayana padikAlAlapATu challagA uMDAli.,నీతి నిజాయితీ లకు మారు పేరుగా నిలిచిన వ్యక్తి ఆళ్ళ రామకృష్ణారెడ్డి. అమరావతి రైతులకోసం నిజమైన పోరాటం చేసిన వ్యక్తి. ఆయన పదికాలాలపాటు చల్లగా ఉండాలి.,నీతి nijAyitI laku mAru పేరుగా నిలిచిన vyakti ALLa rAmakRRiShNArèDDi. అమరావతి రైతులకోసం నిజమైన పోరాటం chesina వ్యక్తి. ఆయన పదికాలాలపాటు challagA ఉండాలి.,నీతి నిజాయితీ లకు మమారు పేరుగా నిలిచిన వ్యక్తి ఆళ్ళ రామకృష్ణారెడ్డి. అమరావతి రైతులకోసం నిజమైన పోరాటం చేసిన వ్యకక్తి. ఆయన పదికాలాలపాటు చల్లగా ఉండాలి.,నీతి నిజాయయయితీ లలకు మారరరు పేరుగగా ననిలిచిన వ్యక్తి ఆళ్ళళళ రామకృష్ణారెడ్డడడి. అమరావతతి రైతులకోసం ననిజమైన పోరాటం చేససిన వ్యక్తతి. ఆయయన పదదదికాలాలపాటు చల్లలగా ఉండాలలలి.,,,,,,,,,,,,,,,
266,,,,,,Ee momment ki nizam gaa aricham,Ee momment ki nizam gaa aricham,Eఏ momment కి నిzమ్ గా అరిచమ్,Ee momment ki nizam gaa aricham,Ee mommment ki nizam gaa ariccham,Ee momment ki nizam gaaa arrricham,,,,,,,,,,,,,,,
656,,,,,,"పాలు, పెరుగు, పువ్వులు కెసిఆర్ ఫామ్ హౌస్ లో అమ్మినవ్ అది అందరికి తెలిసిన విషయమే","pAlu, pèrugu, puvvulu kèsiAr phAm haus lo amminav adi aMdariki tèlisina viShayame","పాలు, పెరుగు, పువ్వులు కెసిఆర్ ఫామ్ హౌస్ లో అమ్మినవ్ అది అందరికి తెలిసిన విషయమే","పాలు, పెరుగు, పువ్వులు kèsiAr phAm హౌస్ లో amminav adi aMdariki తెలిసిన విషయమే","పాలు, పెరుగు, పపువ్వులు కెసిఆర్ ఫామ్ హహౌస్ లో అమ్మినవ్ అది అందరికి తెలిసిన విషయమే","పాలలలు, పెరుగు, పువవ్వులు కెసిఆర్ ఫఫామ్ హహహౌస్ లో అఅమ్మినవ్ అది అందదదరికి తెలిసిన విషయమే",,,,,,,,,,,,,,,
662,,,,,,Samantha script selection lo acting scope roles choose cheskuntundi,Samantha script selection lo acting scope roles choose cheskuntundi,షమన్థ script selection లో అచ్తిన్గ్ scope roles చూసే చేస్కున్తున్ది,Samantha script selection lo acting scope roles choose cheskuntundi,Samantha script selecttion lo acting scope roles choose cheskuntundi,Samanthaa script selection lo actiing sccope roless choose cheskuntundi,,,,,,,,,,,,,,,
296,,,,,,పాప చేతికి కత్తి ఇచ్చే సీన్ ఎన్నిసార్లు చూసినా కళ్ళలో నీళ్లు తిరుగుతున్నాయి... Great thought by director,pApa chetiki katti ichche sIn ènnisArlu chUsinA kaLLalo nILlu tirugutunnAyi... Great thought by director,పాప చేతికి కత్తి ఇచ్చే సీన్ ఎన్నిసార్లు చూసినా కళ్ళలో నీళ్లు తిరుగుతున్నాయి... Great థోఉఘ్త్ by director,pApa chetiki కత్తి ichche sIn ènnisArlu చూసినా కళ్ళలో nILlu tirugutunnAyi... Great thought by director,పాప చేతికకి కత్తి ఇచ్చే సీన్ ఎన్నిసార్లు చూసినా కళ్ళలో నీళ్లు తిరుగుతున్నాయి... Great thought by director,పాప చేతతికి కతత్తి ఇచ్చచే ససీన్ ఎన్నిసార్లు చూసిననా కళ్ళలో నీళ్లు తిరుగుతతతున్నాయి... Greaat thought by director,,,,,,,,,,,,,,,
81,,,,,,"eii yevudra veedu, andanga vunnav antunnadu, akka antunnadu","eii yevudra veedu, andanga vunnav antunnadu, akka antunnadu","ఏఈ యేవుద్ర veedu, అన్దన్గ vunnav antunnadu, akka antunnadu","eii yevudra veedu, andanga vunnav antunnadu, akka antunnadu","eii yevudra veedu, andanga vunnav antunnadu, akka anntunnadu","eii yeevudra veeddu, andaaanga vunnaav antunnaddu, akka antunnadu",,,,,,,,,,,,,,,
688,,,,,,Paniki malina chana,Paniki malina chana,Pఅనికి మలిన చన,Paniki malina chana,Paniki mallina chana,Paniki malinaaa chana,,,,,,,,,,,,,,,
302,,,,,,Veedu gelisthe telangana people dhi kuda adhe situation,Veedu gelisthe telangana people dhi kuda adhe situation,Vఈదు గేలిస్థే తేలన్గన people ధి kuda అధే situation,Veedu gelisthe telangana people dhi kuda adhe situation,Veeedu gellisthe telanggana peoplee dhi kuda adhe situation,Veeedu gelisthe telanggana peeople dddhi kuuuda adhe situation,,,,,,,,,,,,,,,
506,,,,,,Punch veyyalantay...Sunil anna tharuvathayee...yavarina...,Punch veyyalantay...Sunil anna tharuvathayee...yavarina...,Pఉన్చ్ veyyalantay...Sunil అన్న tharuvathayee...yavarina...,Punch veyyalantay...Sunil anna tharuvathayee...yavarina...,Punnch veyyallantay...Sunil anna tharuvathayee...yavarina...,Puncch veyyalantttay...Sunil anna tharuvathayee...yavarina...,,,,,,,,,,,,,,,
758,,,,,,అనిల్ కుమార్ గారిది తప్పలేదు కానీ ఇలాంటి సమస్యలు కూడా  రాష్ట్రంలో ఉన్నాయి అని బాగా తెలియజేసారు.,anil kumAr gAridi tappaledu kAnI ilAMTi samasyalu kUDA  rAShTraMlo unnAyi ani bAgA tèliyajesAru.,అనిల్ కుమార్ గారిది తప్పలేదు కానీ ఇలాంటి సమస్యలు కూడా  రాష్ట్రంలో ఉన్నాయి అని బాగా తెలియజేసారు.,అనిల్ kumAr gAridi tappaledu కానీ ఇలాంటి samasyalu కూడా  రాష్ట్రంలో ఉన్నాయి ani bAgA తెలియజేసారు.,అనిల్ కుమార్ గారిది తప్పలేదు కానీ ఇలాంటి సమస్యలు కకూడా రాష్ట్రంలో ఉన్నాయి అని బాగా తెలియజేసారు.,అనిల్ కుమార్ గగారిది తతతప్పలేదు కానీ ఇలాంటి సమస్యయలు కూడా రాష్ట్రంలో ఉన్నాయి అని బాగా తతతెలియజేసారు.,,,,,,,,,,,,,,,
314,,,,,,"poyi central appulu chudu, hunger index, inflation, poverty, unemployment etc Telangana lo least unemployment and development is peaking up rapidly.","poyi central appulu chudu, hunger index, inflation, poverty, unemployment etc Telangana lo least unemployment and development is peaking up rapidly.","poyi central అప్పులు chudu, హున్గేర్ index, inflation, poverty, unemployment etc టేలన్గన లో least unemployment and development is పేఅకిన్గ్ up rapidly.","poyi central appulu chudu, hunger index, inflation, poverty, unemployment etc Telangana lo least unemployment and development is peaking up rapidly.","poyi central appulu chudu, hungeer index, inflation, poverty, unemployment etc Telangana lo least unemployment and development is ppeaking up rapidly.","pppoyi centttral appulu chudu, huuunger indexx, inflation, poverty, unemployment etc Telanngana lo least unemploymmment and developmentt is peakinnng up rapppidly.",,,,,,,,,,,,,,,
644,,,,,,సిగ్గు లేకుండా తిరుగుతున్నారు ఎమ్ ఆబివుద్ది చేశారని తిరురుగుతున్నారు,siggu lekuMDA tirugutunnAru èm Abivuddi cheshArani tirurugutunnAru,సిగ్గు లేకుండా తిరుగుతున్నారు ఎమ్ ఆబివుద్ది చేశారని తిరురుగుతున్నారు,సిగ్గు lekuMDA తిరుగుతున్నారు èm Abivuddi చేశారని tirurugutunnAru,సిగ్గు లేకకుండా తిరుగుతున్నారు ఎమ్ ఆబబివుద్ది చచేశారని తిరురుగుతునన్నారు,ససిగ్గు లేకుండా తిరుగుతతతున్నారు ఎఎమ్ ఆబివుద్ది చేశారరని తిరురుగుతతతున్నారు,,,,,,,,,,,,,,,
409,,,,,,friendly ga annadu,friendly ga annadu,friendly గ annadu,friendly ga annadu,ffriendly ga annnadu,friendly ga annadu,,,,,,,,,,,,,,,
211,,,,,,Anna super bro,Anna super bro,ఆన్న super బ్రో,Anna super bro,Anna super bro,Anna suuper brro,,,,,,,,,,,,,,,
532,,,,,,ఓహో ఈ నిజాయితీపరుడైన రవి ప్రకాష్ లో పవన్ లక్షణాలు ఉన్నాయా,oho I nijAyitIparuDaina ravi prakASh lo pavan lakShaNAlu unnAyA,ఓహో ఈ నిజాయితీపరుడైన రవి ప్రకాష్ లో పవన్ లక్షణాలు ఉన్నాయా,ఓహో I నిజాయితీపరుడైన ravi ప్రకాష్ lo పవన్ లక్షణాలు ఉన్నాయా,ఓహో ఈ నిజాయితీపరుడైన రవి ప్రకాష్ లో పవన్ లక్షణాలు ఉఉన్నాయా,ఓహో ఈ నిజాయితీపరుడైన రవి ప్రరకాష్ లో పవవన్ లక్షషణాలు ఉన్నాయయా,,,,,,,,,,,,,,,
483,,,,,,nuvvu poyyi modi modda cheku mms oka great econmist ani prapamcham anukondhi antanu lekunte india ledhu,nuvvu poyyi modi modda cheku mms oka great econmist ani prapamcham anukondhi antanu lekunte india ledhu,నువ్వు poyyi modi మోద్ద చేకు mms oka great econmist అని ప్రపమ్చమ్ అనుకోన్ధి అన్తను lekunte india లేధు,nuvvu poyyi modi modda cheku mms oka great econmist ani prapamcham anukondhi antanu lekunte india ledhu,nuvvvu poyyi moodi modda cheku mms oka great econmist ani prapamchham anukondhi antanu lekunte india ledhu,nuvvu poyyi modiii modda cheku mmmms okaaa gggreat ecooonmist ani prapamcham anukonndhi antaanu lekkkunte india ledhu,,,,,,,,,,,,,,,
218,,,,,,RGV effect valla Puri cinemalu anni dobbayi.,RGV effect valla Puri cinemalu anni dobbayi.,RGV effect వల్ల Pఉరి చినేమలు అన్ని dobbayi.,RGV effect valla Puri cinemalu anni dobbayi.,RGV effect valla Puri cinemalu annii dobbayi.,RGV effect vaalla PPuri cinnnemalu annni ddobbayi.,,,,,,,,,,,,,,,
7,,,,,,Youtube vedios konni follow ayyedhanni tharwatha BB house lo koncham negitive feel ayya ippudu chustunte badha anipistundhi very good dancer All the Best for your future Shanmukh 💐,Youtube vedios konni follow ayyedhanni tharwatha BB house lo koncham negitive feel ayya ippudu chustunte badha anipistundhi very good dancer All the Best for your future Shanmukh 💐,Youtube vedios కోన్ని follow అయ్యేధన్ని థర్వథ BB house లో కోన్చమ్ నేగితివే fీల్ ayya ippudu చుస్తున్తే బధ అనిపిస్తున్ధి very good dancer ఆల్ల్ the Best for your future షన్ముఖ్ 💐,Youtube vedios konni follow ayyedhanni tharwatha BB house lo koncham negitive feel ayya ippudu chustunte badha anipistundhi very good dancer All the Best for your future Shanmukh 💐,Youtube vedios konnii follow ayyedhannni tharwatha BB hhouse lo koncham negitive feel aayya ippudu chhustunte badha anipistundhi very good dancer All the Beest for your future Shanmukh 💐,Youtuuube vedios konni follow ayyedhanni thhharwatha BB housee lo koncham negitive fffeel ayya ippuuudu chustunte bbadha annipistundhi very good dancer All the Best forr your futuree SShanmukh 💐,,,,,,,,,,,,,,,
464,,,,,,"Pelli meeda naku chala dreams, respect vundedhi itlanti interviews chusinappudalla pelli chesukokunda vundadame manchidi anipistundhi","Pelli meeda naku chala dreams, respect vundedhi itlanti interviews chusinappudalla pelli chesukokunda vundadame manchidi anipistundhi","Pఏల్లి మీద నకు చల dreams, respect వున్దేధి itlanti interviews చుసినప్పుదల్ల పేల్లి చేసుకోకున్ద vundadame మన్చిది అనిపిస్తున్ధి","Pelli meeda naku chala dreams, respect vundedhi itlanti interviews chusinappudalla pelli chesukokunda vundadame manchidi anipistundhi","Pellii meeda naku chala dreams, respect vundedhi itlanti interviews chusinappudalla ppelli chesukokunda vunndadame manchiddi anipistundhi","Peelli meeda naku chaala dreams, respectt vundedhi itlanti interviews chusinappudalla ppelli chesukokunda vunndadame manchiddi anipissstundhi",,,,,,,,,,,,,,,
101,,,,,,Thank you RRR TDP ki bratkinchadamulo mi krushi marvalenidi CBN gariku,Thank you RRR TDP ki bratkinchadamulo mi krushi marvalenidi CBN gariku,ఠన్క్ you ఱ్ఱ్ఱ్ TDP కి బ్రత్కిన్చదములో mi క్రుశి marvalenidi CBN గరికు,Thank you RRR TDP ki bratkinchadamulo mi krushi marvalenidi CBN gariku,Thank you RRR TDP ki bratkinchadamulo mi krushi marvalenidi CBN gariku,Thannnk yoou RRRR TDP ki bratkinchadamullo mi kkrushi marvalenidi CBN gariku,,,,,,,,,,,,,,,
326,,,,,,వావ్ మీ డాన్స్ సూపర్ సూపర్,vAv mI DAns sUpar sUpar,వావ్ మీ డాన్స్ సూపర్ సూపర్,vAv mI DAns సూపర్ sUpar,వవావ్ మీ డాన్స్ సూపర్ సూపర్,వవవావ్ మీ డాన్స్ సూపర్ సససూపర్,,,,,,,,,,,,,,,
652,,,,,,అన్ని తెలుగు ప్రాంతాల నాయకులు ఇలానే వున్నారు... లోఫర్స్.... తప్పు మనది... మనకు సిగ్గుండాలి ఇలాంటి నాయకులను ఎన్నుకున్నందుకు...తు…,anni tèlugu prAMtAla nAyakulu ilAne vunnAru... lophars.... tappu manadi... manaku sigguMDAli ilAMTi nAyakulanu ènnukunnaMduku...tu…,అన్ని తెలుగు ప్రాంతాల నాయకులు ఇలానే వున్నారు... లోఫర్స్.... తప్పు మనది... మనకు సిగ్గుండాలి ఇలాంటి నాయకులను ఎన్నుకున్నందుకు...తు…,anni తెలుగు ప్రాంతాల nAyakulu ilAne వున్నారు... లోఫర్స్.... tappu మనది... manaku sigguMDAli ilAMTi nAyakulanu ఎన్నుకున్నందుకు...తు…,అన్ని తెలుగు ప్రరాంతాల నాయకకులు ఇలానే వున్నారు... లోఫర్స్.... తపప్పు మననది... మనకు సిగ్గుండాలి ఇలాంటి నాయకులను ఎన్నుకున్నందుకకు...తు…,అఅన్ని తెలలలుగు ప్రాంతతాల నాయకులలు ఇఇఇలానే వున్నారరరు... లోఫర్స్.... తప్పు మనది... మనకు సిగ్గుండాలి ఇఇలాంటి నాయకులననను ఎన్నుకున్నందుకు...తు…,,,,,,,,,,,,,,,
537,,,,,,బ్యూటిఫుల్ మేడం,byUTiphul meDaM,బ్యూటిఫుల్ మేడం,బ్యూటిఫుల్ మేడం,బ్యూటిఫుల్ మమేడం,బ్యూటిఫుల్ మేడం,,,,,,,,,,,,,,,
640,,,,,,ఆహా సూపర్ mr khan హిందూ దేవతలను అన్న వారితో కూడా క్షమాపణ చెప్పించండి అప్పుడే మీ నిజాయితీ ని నమ్ముతా.,AhA sUpar mr khan hiMdU devatalanu anna vArito kUDA kShamApaNa chèppiMchaMDi appuDe mI nijAyitI ni nammutA.,ఆహా సూపర్ mr ఖన్ హిందూ దేవతలను అన్న వారితో కూడా క్షమాపణ చెప్పించండి అప్పుడే మీ నిజాయితీ ని నమ్ముతా.,AhA sUpar mr khan హిందూ devatalanu anna వారితో kUDA kShamApaNa చెప్పించండి appuDe మీ nijAyitI ని nammutA.,ఆహా సూపర్ mr khan హిందూ దదేవతలను అన్న వారితో కూడా క్షమాపణ చెపప్పించండి అప్పుడే మీ నిజాయితీ ని ననమ్ముతా.,ఆహహహా సూపర్ mr khan హిందూ దదదేవతలను అఅన్న వారితో కూడడా క్షమాపపపణ చెప్పించండి అప్పుడడే మీ నననిజాయితీ ని నమ్మముతా.,,,,,,,,,,,,,,,
2,,,,,,Nijanga ilanti extraordinary persons untaru,Nijanga ilanti extraordinary persons untaru,ణిజన్గ ilanti extraordinary persons ఉన్తరు,Nijanga ilanti extraordinary persons untaru,Nijanga ilantii extraordiinary perrsons untaru,Nijanga ilaaanti extraordinary perrsons unnntaru,,,,,,,,,,,,,,,
738,,,,,,చాలా యూట్యూబ్ చానల్లలో మీరు చెప్పిన గరికపాటి వారి అభిప్రాయం ప్రచారమౌతున్నది. వాటి కింద కామెంటులను సినిమా రంగం వారు చదివితే ప్రజాభిప్రాయం తెలుస్తోంది. ఏమైనా అనుకోని అనుకుంటే ఒకనాడు వారి భార్యాపిల్లలపై అదే ప్రభావం పడవచ్చు. చివరగా బుధ్ధి చెబుతుంది…,chAlA yUTyUb chAnallalo mIru chèppina garikapATi vAri abhiprAyaM prachAramautunnadi. vATi kiMda kAmèMTulanu sinimA raMgaM vAru chadivite prajAbhiprAyaM tèlustoMdi. emainA anukoni anukuMTe òkanADu vAri bhAryApillalapai ade prabhAvaM paDavachchu. chivaragA budhdhi chèbutuMdi…,చాలా యూట్యూబ్ చానల్లలో మీరు చెప్పిన గరికపాటి వారి అభిప్రాయం ప్రచారమౌతున్నది. వాటి కింద కామెంటులను సినిమా రంగం వారు చదివితే ప్రజాభిప్రాయం తెలుస్తోంది. ఏమైనా అనుకోని అనుకుంటే ఒకనాడు వారి భార్యాపిల్లలపై అదే ప్రభావం పడవచ్చు. చివరగా బుధ్ధి చెబుతుంది…,చాలా యూట్యూబ్ చానల్లలో mIru చెప్పిన గరికపాటి vAri abhiprAyaM prachAramautunnadi. vATi kiMda kAmèMTulanu సినిమా రంగం వారు చదివితే prajAbhiprAyaM tèlustoMdi. emainA అనుకోని అనుకుంటే ఒకనాడు వారి భార్యాపిల్లలపై ade prabhAvaM పడవచ్చు. chivaragA budhdhi chèbutuMdi…,చచాలా యూట్యూబ్ చానల్లలో మీరు చచెప్పిన గరికపాటి వారి అభిప్రాయం ప్రచారమమౌతున్నది. వాటి కింద కామెంటటులను సినిమా రంగం వారరు చదివితే ప్రజాభిప్రాయం తెలుస్తోంది. ఏమైనా అనుకోని అనుకుంటే ఒకనాడు వారి భార్యాపిలల్లలపై అదే ప్రభావం పడవచ్చు. చివరగగా బుధధ్ధి చెబుతుంది…,చచచాలా యూట్యయూబ్ చానల్లలో మమమీరు చెప్పిన గరికపాటి వారి అభిపపప్రాయం ప్రచారమౌతతున్నది. వాటి కింద కామెంటులను సససినిమా రంగం వారు చదివితే ప్రజాభిప్రాయం తెలుసస్తోంది. ఏఏఏమైనా అనుకోననని అనుకుంటే ఒకకనాడు వవవారి భార్యాపిల్లలపై అదదదే ప్రభావం పడవచ్చచు. చివరగగా బుధధ్ధి చెబుతుందది…,,,,,,,,,,,,,,,
776,,,,,,నువ్వు కాదయ్యా హీరో నీ యనకాల ఉంది చూడు పులి సోను సూద్ సార్,nuvvu kAdayyA hIro nI yanakAla uMdi chUDu puli sonu sUd sAr,నువ్వు కాదయ్యా హీరో నీ యనకాల ఉంది చూడు పులి సోను సూద్ సార్,నువ్వు kAdayyA hIro nI yanakAla ఉంది చూడు puli సోను sUd సార్,నువ్వు కాదయ్యా హీరో నీ యనకాల ఉఉంది చూడు పులి సోను ససూద్ ససార్,నువ్వు కాదదయ్యా హీరరరో నీ యననకాల ఉంది చూడడు పులి సోను సూదద్ సార్,,,,,,,,,,,,,,,
519,,,,,,నోరు ముయ్. వాడు పరిపాలనా చేతగాని వాళ్లకి అన్న... అంతే.,noru muy. vADu paripAlanA chetagAni vALlaki anna... aMte.,నోరు ముయ్. వాడు పరిపాలనా చేతగాని వాళ్లకి అన్న... అంతే.,noru ముయ్. vADu paripAlanA chetagAni వాళ్లకి అన్న... aMte.,నోరు ముయ్. వాడు పరిపాలనా చేతగాని వాళ్లకి అన్న... అంతే.,ననోరు ముయ్. వాడు పరిపాలనా చేతతగాని వాళ్లకి అఅన్న... అంతే.,,,,,,,,,,,,,,,
589,,,,,,Vammo mamulodivi kadu swamy Nuvvu,Vammo mamulodivi kadu swamy Nuvvu,Vammo మములోదివి kadu swamy ణువ్వు,Vammo mamulodivi kadu swamy Nuvvu,Vammo mamulodivi kkadu swamy Nuvvvu,Vammo mamulllodivi kaduu swaaamy Nuvvu,,,,,,,,,,,,,,,
798,,,,,,ఆ వైట్ డ్రెస్ లో చూస్తుంటే విజయవాడ పెద్దపులి వంగవీటి మోహన్ రంగా ను చూసినట్టుంది అన్న,A vaiT Drès lo chUstuMTe vijayavADa pèddapuli vaMgavITi mohan raMgA nu chUsinaTTuMdi anna,ఆ వైట్ డ్రెస్ లో చూస్తుంటే విజయవాడ పెద్దపులి వంగవీటి మోహన్ రంగా ను చూసినట్టుంది అన్న,A vaiT Drès లో chUstuMTe విజయవాడ పెద్దపులి vaMgavITi మోహన్ raMgA nu chUsinaTTuMdi అన్న,ఆ వైట్ డ్రెస్ లో చూస్తుంటే విజయవాడ పెద్దపులి వంగవీటి మోహన్ రంగా ను చూసినట్టుంది అన్న,ఆ వవైట్ డ్రెస్ లో చూస్తుంటటటే విజయవాడ పెద్దపులి వంగవవవీటి మమోహన్ రరంగా ను చూసినట్టుంది అనన్న,,,,,,,,,,,,,,,
744,,,,,,హర్ష..! నీ మనసులగే... నీ రూపం కూడా అందంగా ఉంది......,harSha..! nI manasulage... nI rUpaM kUDA aMdaMgA uMdi......,హర్ష..! నీ మనసులగే... నీ రూపం కూడా అందంగా ఉంది......,harSha..! నీ manasulage... nI rUpaM కూడా aMdaMgA ఉంది......,హహర్ష..! నీ మనసులగే... నీ రూపం కూడా అందంగా ఉందది......,హర్ష..! నీ మమనసులగే... నీ రూపం కకూడా అందంగా ఉఉఉంది......,,,,,,,,,,,,,,,
513,,,,,,Vedi nathinakodaka,Vedi nathinakodaka,Vedi నథినకోదక,Vedi nathinakodaka,Vedi nathinakodaka,Vedi nathinakodaka,,,,,,,,,,,,,,,
670,,,,,,Nivu kcr tho thov ra chilka,Nivu kcr tho thov ra chilka,ణివు kcr థో థోవ్ ర చిల్క,Nivu kcr tho thov ra chilka,Nivu kcr tho thov ra chiilka,Nivu kcr thho thov ra chilka,,,,,,,,,,,,,,,
264,,,,,,Chavu Nenu avadu apadu,Chavu Nenu avadu apadu,ఛవు ణేను avadu apadu,Chavu Nenu avadu apadu,Chaavu Nenu avadu apaadu,Chavu Neeenu avadu apadu,,,,,,,,,,,,,,,
615,,,,,,study chesi kcr em pikindu velumundra ayina pm position lo undu that is modi,study chesi kcr em pikindu velumundra ayina pm position lo undu that is modi,study చేసి kcr em pikindu వేలుమున్ద్ర అయిన pm position లో undu థత్ is modi,study chesi kcr em pikindu velumundra ayina pm position lo undu that is modi,studdy chesi kcr em pikinduu velumundra ayinna pm position lo undu that is modi,study chesssi kcr em pikiiindu velumundraaa ayyyina pm posiiition lo unduuu that is modi,,,,,,,,,,,,,,,
329,,,,,,po ra pichi kukka . siggu ledhu em ledhu asla manishi vey na,po ra pichi kukka . siggu ledhu em ledhu asla manishi vey na,po ర పిచి kukka . సిగ్గు లేధు em లేధు అస్ల మనిశి vey న,po ra pichi kukka . siggu ledhu em ledhu asla manishi vey na,po ra picchi kukka . siggu leedhu em ledhu asla manishi vey na,po ra pichi kkkukka . siggu ledhu em lledhu assla mannishi vey na,,,,,,,,,,,,,,,
342,,,,,,Areyy vanni mental hospital loo join cheyyadraaa,Areyy vanni mental hospital loo join cheyyadraaa,Areyy వన్ని mental hospital లూ join చేయ్యద్రాఅ,Areyy vanni mental hospital loo join cheyyadraaa,Areyy vanni mental hospital loo join cheyyadraaa,Areeyy vanni mentaal hospital looo joiin cheyyadraaa,,,,,,,,,,,,,,,
394,,,,,,తెలుగు లో ఉన్నా అన్ని వ్లోగ్ ఛానెల్ వాళ్లని ఏసుకున్న NTB ఆన్న కి ధన్యవాదాలు..,tèlugu lo unnA anni vlog ChAnèl vALlani esukunna NTB Anna ki dhanyavAdAlu..,తెలుగు లో ఉన్నా అన్ని వ్లోగ్ ఛానెల్ వాళ్లని ఏసుకున్న NTB ఆన్న కి ధన్యవాదాలు..,తెలుగు లో ఉన్నా anni వ్లోగ్ ChAnèl vALlani ఏసుకున్న NTB Anna ki ధన్యవాదాలు..,తెలుగు లో ఉన్ననా అన్ని వ్లోగ్ ఛఛానెల్ వాళ్లని ఏఏసుకున్న NTB ఆన్న కి ధన్యవాదాలు..,తెలలుగు లో ఉన్ననా అనన్ని వ్లోగ్ ఛానెలల్ వాళళళ్లని ఏసుకున్న NTB ఆన్నన కి ధననన్యవాదాలు..,,,,,,,,,,,,,,,
79,,,,,,ఇలాంటి సెలబ్రిటీలు ఇలా షోష్ కు రావాలి sir,ilAMTi sèlabriTIlu ilA ShoSh ku rAvAli sir,ఇలాంటి సెలబ్రిటీలు ఇలా షోష్ కు రావాలి sir,ఇలాంటి సెలబ్రిటీలు ilA ShoSh ku రావాలి sir,ఇలాంటి సెలబ్రిటీలు ఇలా షోష్ కు రావాలి sir,ఇలాంటి సెలబబ్రిటీలు ఇఇలా షషోష్ కు రావాలి sir,,,,,,,,,,,,,,,
148,,,,,,అరటి బొదలు అనంగా విన్నాను. ఇప్పుడు శ్రీముఖివి చూశాను.,araTi bòdalu anaMgA vinnAnu. ippuDu shrImukhivi chUshAnu.,అరటి బొదలు అనంగా విన్నాను. ఇప్పుడు శ్రీముఖివి చూశాను.,అరటి bòdalu anaMgA vinnAnu. ఇప్పుడు శ్రీముఖివి chUshAnu.,అరటటి బొదలు అననంగా విన్నాను. ఇప్పుడు శ్రీముఖఖివి చూశాను.,అరరరటి బొదలలు అననంగా వినన్నాను. ఇప్పుడు శ్రీమముఖివి చూశాను.,,,,,,,,,,,,,,,
350,,,,,,roja oka noru vunna pichi lanja noru vundhaani edho edho matladthi,roja oka noru vunna pichi lanja noru vundhaani edho edho matladthi,roja oka నోరు వున్న పిచి lanja నోరు వున్ధాని ఏధో ఏధో మత్లద్థి,roja oka noru vunna pichi lanja noru vundhaani edho edho matladthi,roja oka noru vunna pichi lanja noru vundhaani edho edho mattladthi,rojaa okaaa noru vvunna pppichi lannja noru vunddhaani edhoo edho matladthi,,,,,,,,,,,,,,,
382,,,,,,Orey baffun gaa college fees lu thakkuvva chesthee nee mukaniki adi chaluu,Orey baffun gaa college fees lu thakkuvva chesthee nee mukaniki adi chaluu,Orey baffun గా చోల్లేగే fీస్ లు థక్కువ్వ చేస్థీ నీ ముకనికి adi చలూ,Orey baffun gaa college fees lu thakkuvva chesthee nee mukaniki adi chaluu,Orey baffun gaa college fees lu thakkuvva chhesthee nee mmukaniki adi chaluu,Oreyy bafffun gaaaa college feess lu thakkkkuvva chesthee nee mukanikkki adi chaluuu,,,,,,,,,,,,,,,
440,,,,,,bonda uma kukka esaga mafia king,bonda uma kukka esaga mafia king,bonda uma kukka ఏసగ mafia కిన్గ్,bonda uma kukka esaga mafia king,bonda uma kukka esaga maafia kingg,bonda uma kukkkka esaga mafia king,,,,,,,,,,,,,,,
309,,,,,,E bjp oil rates increase chesi vanta cheyali ante kastam undi anna,E bjp oil rates increase chesi vanta cheyali ante kastam undi anna,E bjp oil rates increase చేసి vanta చేయలి ante కస్తమ్ undi అన్న,E bjp oil rates increase chesi vanta cheyali ante kastam undi anna,E bjp oil rates increase chesi vanta cheyali ante kaastam undi annna,E bjp oil rates increase chesi vvvanta cheyali antee kastam unndi anna,,,,,,,,,,,,,,,
707,,,,,,కరోనా వచ్చి జనాల్ని ఒక రకంగా సంపుతుంటే.,karonA vachchi janAlni òka rakaMgA saMputuMTe.,కరోనా వచ్చి జనాల్ని ఒక రకంగా సంపుతుంటే.,కరోనా వచ్చి జనాల్ని ఒక రకంగా saMputuMTe.,కరోనా వవచ్చి జనాల్ని ఒక రకంగా సంపుతుంటే.,కరోనా వచ్చచి జనాల్నని ఒక రకంగా సంపుతుంటే.,,,,,,,,,,,,,,,
133,,,,,,Yedichav le copy cat veshalu nuvvu,Yedichav le copy cat veshalu nuvvu,Yేదిచవ్ లే copy cat వేశలు నువ్వు,Yedichav le copy cat veshalu nuvvu,Yedichav le copyy cat veshalu nuvvvu,Yedichav le copy cat veshaalu nuuvvu,,,,,,,,,,,,,,,
381,,,,,,Ee over action ke... Sankaa naakadu.. Kada. Ayinaa buddi raa ledu,Ee over action ke... Sankaa naakadu.. Kada. Ayinaa buddi raa ledu,Eఏ over action ke... షన్కా naakadu.. Kada. ఆయినా బుద్ది రా ledu,Ee over action ke... Sankaa naakadu.. Kada. Ayinaa buddi raa ledu,Ee over action ke... Sankkaa naakadu.. Kadaa. Ayinaa buddi raa ledu,Ee over action ke... Saankaa naaaakadu.. KKada. Ayinaa buddi raa lledu,,,,,,,,,,,,,,,
213,,,,,,teenmmar mallana kcr cheppu nakutadhu,teenmmar mallana kcr cheppu nakutadhu,తీన్మ్మర్ మల్లన kcr చేప్పు నకుతధు,teenmmar mallana kcr cheppu nakutadhu,teenmmar mallana kcr cheppu nakkutadhu,teennmmar malllana kcr cheppu nakutadhu,,,,,,,,,,,,,,,
659,,,,,,Apara thagubothu abbati,Apara thagubothu abbati,ఆపర థగుబోథు abbati,Apara thagubothu abbati,Apara tthagubothu abbati,Aparaa thaguboothu abbattti,,,,,,,,,,,,,,,
55,,,,,,Aaku puuku theliyandhi kuda judge aipoindhi,Aaku puuku theliyandhi kuda judge aipoindhi,ఆఅకు పూకు థేలియన్ధి kuda జుద్గే ఐపోఇన్ధి,Aaku puuku theliyandhi kuda judge aipoindhi,Aaku puuku theliyandhi kuda judge aipoindhi,Aakku puuku theliyandhi kuda judgeee aipoindhiii,,,,,,,,,,,,,,,
736,,,,,,బాగున్నారు తల్లి కొడుకులు స్టోరీ,bAgunnAru talli kòDukulu sTorI,బాగున్నారు తల్లి కొడుకులు స్టోరీ,bAgunnAru తల్లి kòDukulu స్టోరీ,బబాగున్నారు తల్లలి కొడుకులు స్టోరీ,బాగున్నారు తల్లి కొడుకులు స్టోరరీ,,,,,,,,,,,,,,,
620,,,,,,శేఖర్ మాస్టర్ గారు అండ్ శ్రీముఖి గారు మీ డ్యాన్స్ బాగా అదిరింది,shekhar mAsTar gAru aMD shrImukhi gAru mI DyAns bAgA adiriMdi,శేఖర్ మాస్టర్ గారు అండ్ శ్రీముఖి గారు మీ డ్యాన్స్ బాగా అదిరింది,shekhar మాస్టర్ గారు aMD శ్రీముఖి gAru మీ డ్యాన్స్ బాగా adiriMdi,శేఖఖర్ మాస్టరర్ గారు అండ్ శ్రీముఖి గారరు మీ డ్యాన్స్ బాగగా అదిరింది,శేఖర్ మమమాస్టర్ గారు అఅండ్ శ్రీముఖి గారరరు మీ డ్యాన్స్ బాగా అదదిరింది,,,,,,,,,,,,,,,
582,,,,,,అంటే జగన్ కు భయపడుతూనే ఉంటారు,aMTe jagan ku bhayapaDutUne uMTAru,అంటే జగన్ కు భయపడుతూనే ఉంటారు,అంటే జగన్ కు bhayapaDutUne ఉంటారు,అంటే జగనన్ కు భయపడడుతూనే ఉంటారు,అంటే జగనన్ కు భయపడుతతూనే ఉంటారరరు,,,,,,,,,,,,,,,
673,,,,,,రోజ నువ్వూ ఆ ఇకలు పికడనికి తప్పా దేనికి పనికిరావు,roja nuvvU A ikalu pikaDaniki tappA deniki panikirAvu,రోజ నువ్వూ ఆ ఇకలు పికడనికి తప్పా దేనికి పనికిరావు,roja nuvvU ఆ ఇకలు pikaDaniki tappA deniki panikirAvu,రోజ నువ్వూ ఆ ఇకకలు పికడనికకి తప్పా దేనికి పనికిరావు,రరోజ నువ్వూ ఆ ఇకకకలు పికడనికి తప్పా దేనికి పపపనికిరావు,,,,,,,,,,,,,,,
527,,,,,,Me kastam palinchali sir,Me kastam palinchali sir,Me కస్తమ్ పలిన్చలి sir,Me kastam palinchali sir,Me kastam palinchali sir,Me kastam palinchali sir,,,,,,,,,,,,,,,
196,,,,,,చంద్రబాబు శివుడు లాంటి వాడు.. విషాన్ని కూడా తనలోకి తీసుకుంటాడు...ఇక ఇలాంటివి ఒక లెక్కే కాదు..,chaMdrabAbu shivuDu lAMTi vADu.. viShAnni kUDA tanaloki tIsukuMTADu...ika ilAMTivi òka lèkke kAdu..,చంద్రబాబు శివుడు లాంటి వాడు.. విషాన్ని కూడా తనలోకి తీసుకుంటాడు...ఇక ఇలాంటివి ఒక లెక్కే కాదు..,చంద్రబాబు shivuDu lAMTi vADu.. విషాన్ని కూడా తనలోకి tIsukuMTADu...ika ఇలాంటివి ఒక lèkke కాదు..,చంద్రబాబబు శివుడు లాంటి వాడు.. విషాన్నని కకూడా తనలోకి తీసుకుంటాడు...ఇక ఇలాంటివి ఒక లెక్కే కాదు..,చంద్రబాబు శివుడు లలాంటి వాడు.. వవవిషాన్ని కకకూడా తతనలోకి తీసుకుంటాడు...ఇక ఇలాంటివి ఒక లెక్కే కాదదదు..,,,,,,,,,,,,,,,
713,,,,,,అంతరించి పోతున్న ఆరోగ్యావంతమైన హాస్యాన్ని తట్టి లేపిన సాత్విక్....,aMtariMchi potunna ArogyAvaMtamaina hAsyAnni taTTi lepina sAtvik....,అంతరించి పోతున్న ఆరోగ్యావంతమైన హాస్యాన్ని తట్టి లేపిన సాత్విక్....,అంతరించి పోతున్న ArogyAvaMtamaina హాస్యాన్ని taTTi lepina sAtvik....,అంతరించి పోతున్న ఆరోగ్యావంతమైన హాస్యాన్ని తట్టి లేపిన సాత్విక్....,అంతతతరించి పోతునన్న ఆరోగ్యావంతమైన హాస్యాన్ని తట్టి లేపిన ససాత్విక్....,,,,,,,,,,,,,,,
689,,,,,,ఈ పాట అంటే ఎంతమందికి ఇష్టం,I pATa aMTe èMtamaMdiki iShTaM,ఈ పాట అంటే ఎంతమందికి ఇష్టం,ఈ pATa aMTe èMtamaMdiki ఇష్టం,ఈ పాట అంటే ఎంతమందికి ఇష్టం,ఈ పపపాట అఅఅంటే ఎంతమందికకి ఇష్టటం,,,,,,,,,,,,,,,
60,,,,,,Veedu aadi gaadu maaradu veediki stage cleaning pani ivvandi,Veedu aadi gaadu maaradu veediki stage cleaning pani ivvandi,Vఈదు ఆది గాదు మారదు వీదికి స్తగే చ్లేఅనిన్గ్ పని ఇవ్వన్ది,Veedu aadi gaadu maaradu veediki stage cleaning pani ivvandi,Veeedu aaadi gaadu maaradu veediki stagge cleanning pani ivvvandi,Veedu aadi gaaaadu maaraddu veediki stagge cleaning ppani ivvanddi,,,,,,,,,,,,,,,
576,,,,,,samantha oka trigubothu lanja chai lanti mogudu vadilesindhi,samantha oka trigubothu lanja chai lanti mogudu vadilesindhi,సమన్థ oka త్రిగుబోథు lanja చై lanti mogudu వదిలేసిన్ధి,samantha oka trigubothu lanja chai lanti mogudu vadilesindhi,samantha oka trrigubothu llanja chai laanti moguudu vadilesindhi,samantha okaa trigubothu lanja chai lanti moguuudu vadilesindhi,,,,,,,,,,,,,,,
631,,,,,,మీరు దేవుడు సార్,mIru devuDu sAr,మీరు దేవుడు సార్,mIru devuDu sAr,మీరు దేవుడు సార్,మీరరరు దేవుడు సారర్,,,,,,,,,,,,,,,
431,,,,,,"రమేష్ మాస్టర్ డ్యాన్స్ ప్రాక్టీస్ సూపర్, ఇదీ పద్దతి","rameSh mAsTar DyAns prAkTIs sUpar, idI paddati","రమేష్ మాస్టర్ డ్యాన్స్ ప్రాక్టీస్ సూపర్, ఇదీ పద్దతి","రమేష్ మాస్టర్ డ్యాన్స్ ప్రాక్టీస్ సూపర్, idI paddati","రమేష్ మాస్టర్ డ్యాన్స్ ప్రాకక్టీస్ సూపర్, ఇదీ పద్దతి","రమేష్ మాస్టర్ డడడ్యాన్స్ ప్రాక్టీస్ సూపర్, ఇదీ పద్దతి",,,,,,,,,,,,,,,
603,,,,,,ఆ పటుకోవడం లోపలికి వెళ్లి పటుకొర బాబూ రూంలో కూర్చుని పనిచేసేయి,A paTukovaDaM lopaliki vèLli paTukòra bAbU rUMlo kUrchuni panicheseyi,ఆ పటుకోవడం లోపలికి వెళ్లి పటుకొర బాబూ రూంలో కూర్చుని పనిచేసేయి,ఆ పటుకోవడం లోపలికి వెళ్లి పటుకొర బాబూ rUMlo కూర్చుని పనిచేసేయి,ఆ పటుకోవడం లోపలికి వెళ్లలి పటుకొర బాబూ రూంలో కూర్చుని పనిచేసేయి,ఆ పటుకోవడం లోపపపలికి వెళ్లి పటుకొరర బబాబూ రూంలలలో కూర్చుని పనిచేసేయి,,,,,,,,,,,,,,,
442,,,,,,Kcpd men's kutha chnpi paddengutha,Kcpd men's kutha chnpi paddengutha,Kcpd men's కుథ చ్న్పి పద్దేన్గుథ,Kcpd men's kutha chnpi paddengutha,Kcpd meen's kutha chnpi paddengutha,Kcpd mennn's kuthha chnppi paddengutha,,,,,,,,,,,,,,,
436,,,,,,meeku assalu em matladalo kuda telidhu edo vaagaali vaaguthaaru nv pedda leader vi nv cheppindhe nijam enduku paniki maalina debate lu,meeku assalu em matladalo kuda telidhu edo vaagaali vaaguthaaru nv pedda leader vi nv cheppindhe nijam enduku paniki maalina debate lu,మీకు అస్సలు em మత్లదలో kuda తేలిధు edo వాగాలి వాగుథారు nv పేద్ద leader వి nv చేప్పిన్ధే నిజమ్ ఏన్దుకు పనికి మాలిన debate లు,meeku assalu em matladalo kuda telidhu edo vaagaali vaaguthaaru nv pedda leader vi nv cheppindhe nijam enduku paniki maalina debate lu,meeku assalu em mmatladalo kuda tellidhu edo vaagaali vaaguthaaru nv pedda leader vi nv cheppindhe nijam enduku paniiki mmaalina debate lu,meeku aassalu em matladalo kuda tellidhu edo vaagaali vaaguthhhaaru nv peddda leeeader vi nv cheppindhe nijam enduku panniki maallina debate lu,,,,,,,,,,,,,,,
247,,,,,,Dnr sampadinchalani anukunte today ciniema field lo ewaru sariporu mahanubavudu daring man,Dnr sampadinchalani anukunte today ciniema field lo ewaru sariporu mahanubavudu daring man,Dnr సమ్పదిన్చలని anukunte today ciniema field లో ఏవరు సరిపోరు mahanubavudu దరిన్గ్ man,Dnr sampadinchalani anukunte today ciniema field lo ewaru sariporu mahanubavudu daring man,Dnr sampadinnchalani anukunte todday cinniema field lo ewaru sariporu mahanubavudu darinng man,Dnnnr sampadincchalani anukunte today ciniemma field lo ewaru sariporu mahanubavudu daring man,,,,,,,,,,,,,,,
586,,,,,,Life lo okasri ina kalavli darling ninnu,Life lo okasri ina kalavli darling ninnu,Life లో ఓకస్రి ఇన కలవ్లి దర్లిన్గ్ నిన్ను,Life lo okasri ina kalavli darling ninnu,Life lo okasri ina kalavli darling ninnu,Liife lo okasri ina kalavli darlinng nninnu,,,,,,,,,,,,,,,
569,,,,,,అన్నయ్య చెబుతుంటే నోరు ఊరిపోతున్నాది....,annayya chèbutuMTe noru UripotunnAdi....,అన్నయ్య చెబుతుంటే నోరు ఊరిపోతున్నాది....,annayya chèbutuMTe నోరు ఊరిపోతున్నాది....,అన్నయ్య చెబుతుంటే నోరు ఊరిపోతున్నాది....,అనన్నయ్య చెబుతుంటే ననోరు ఊరిపోతున్నాది....,,,,,,,,,,,,,,,
90,,,,,,Chala ibandi pettavu anna Nuvvu maa Chiru garini,Chala ibandi pettavu anna Nuvvu maa Chiru garini,ఛల ఇబన్ది పేత్తవు అన్న ణువ్వు మా ఛిరు గరిని,Chala ibandi pettavu anna Nuvvu maa Chiru garini,Chala ibandi pettavu anna Nuvvuu maa Chiru garinni,Chala iiibandi peeettavu aanna Nuvvu mmaa Chiruuu garini,,,,,,,,,,,,,,,
650,,,,,,nupur sharama  rape cheshi dengutha,nupur sharama  rape cheshi dengutha,nupur శరమ  rape చేశి దేన్గుథ,nupur sharama  rape cheshi dengutha,nnupur sharama rape cheshi dengutha,nupur sharama rape cheeeshi dengutha,,,,,,,,,,,,,,,
181,,,,,,ఈ ప్రోమో చూసినంత సేపు నా మొహంలో చిరునవ్వు ఆగలేదు.,I promo chUsinaMta sepu nA mòhaMlo chirunavvu Agaledu.,ఈ ప్రోమో చూసినంత సేపు నా మొహంలో చిరునవ్వు ఆగలేదు.,I ప్రోమో chUsinaMta sepu nA mòhaMlo chirunavvu ఆగలేదు.,ఈ ప్రోమో చూసినంత ససేపు నా మొహంలో చిరునవ్వు ఆగలేదు.,ఈ ప్రోమో చూసినంతత సేపు నా మొహంలో చిరుననవ్వు ఆగలలలేదు.,,,,,,,,,,,,,,,
790,,,,,,తమ్ముడు నువ్వు సూపర్ నిజాన్ని ఈలాగే నిర్బయంగా చెప్పు ఎవ్వనికి భయపడకు,tammuDu nuvvu sUpar nijAnni IlAge nirbayaMgA chèppu èvvaniki bhayapaDaku,తమ్ముడు నువ్వు సూపర్ నిజాన్ని ఈలాగే నిర్బయంగా చెప్పు ఎవ్వనికి భయపడకు,tammuDu నువ్వు sUpar నిజాన్ని IlAge nirbayaMgA chèppu ఎవ్వనికి bhayapaDaku,తమ్ముడు నువ్వు సూపర్ నిజాన్ని ఈలాగే నిర్బయంగా చెప్పు ఎవ్వనికి భయపడకు,తమ్ముడు నువ్వు సూపర్ నననిజాన్ని ఈలాగగే నిర్బయంగా చెప్పు ఎవ్వనికి భయపపడకు,,,,,,,,,,,,,,,
554,,,,,,అన్ని తెలుసు పోలీస్ లకు యూనిఫామ్ ఉందన్న అహంకారం  చట్టం తెలిసిన వాడు తప్పు చేస్తే తాట తీయండి అడ్వకేట్  హక్కుల కోసం ప్రజల తరఫున పోరాడండి,anni tèlusu polIs laku yUniphAm uMdanna ahaMkAraM  chaTTaM tèlisina vADu tappu cheste tATa tIyaMDi aDvakeT  hakkula kosaM prajala taraphuna porADaMDi,అన్ని తెలుసు పోలీస్ లకు యూనిఫామ్ ఉందన్న అహంకారం  చట్టం తెలిసిన వాడు తప్పు చేస్తే తాట తీయండి అడ్వకేట్  హక్కుల కోసం ప్రజల తరఫున పోరాడండి,అన్ని తెలుసు polIs లకు యూనిఫామ్ ఉందన్న ahaMkAraM  chaTTaM తెలిసిన వాడు తప్పు cheste tATa tIyaMDi aDvakeT  hakkula kosaM prajala taraphuna porADaMDi,అన్ని తెలుసు పోలీసస్ లకు యూనిఫామ్ ఉందన్న అహంకారం చట్టం తెలలిసిన వాడు తప్పు చేస్తతే తాట తీయండి అడ్వకేట్ హక్కుల కోసం ప్రజజల తరఫున పపోరాడండి,అన్ని తెలుసు పోలలీస్ లలకు యూనిఫామమమ్ ఉందన్న అహంకారం చచచట్టం తెలిసినన వాడడడు తతతప్పు చచేస్తే తాట తీయండి అడ్వకేట్ హక్కుల కకోసం ప్రజలలల తరఫుననన పోరాడండి,,,,,,,,,,,,,,,
